enrollment_id,participant_id,cohort_id,program_id,program_name,program_category,program_goal,delivery_language,delivery_mode,trainer_id,cohort_state,start_date,end_date,cohort_month,state,city,age_band,gender,employment_status,primary_device,digital_confidence,acquisition_channel,motivation,attendance_rate,risk_band,completion_status,completed_flag,pre_score,post_score,score_improvement,satisfaction_score,recommendation_score,employment_outcome,ticket_count,avg_resolution_hours,support_sla_rate
EN00001,PT0325,CH001,PRG01,Data Foundations,Data & Digital,Career Transition,English,Hybrid,TR06,Johor,2025-01-13,2025-03-10,2025-01-01,Johor,Johor Bahru,25-34,Male,Job seeker,Mobile,High,Community partner,Employer requirement,1.0,On track,Completed,1,66.7,99.6,32.9,4.0,7.0,New role,1,13.7,1.0
EN00002,PT0338,CH001,PRG01,Data Foundations,Data & Digital,Career Transition,English,Hybrid,TR06,Johor,2025-01-13,2025-03-10,2025-01-01,Penang,George Town,25-34,Female,Job seeker,Mobile,Medium,Organic,Digital confidence,0.625,Watch,Completed,1,61.3,82.2,20.9,3.0,4.0,No change reported,0,,
EN00003,PT0469,CH001,PRG01,Data Foundations,Data & Digital,Career Transition,English,Hybrid,TR06,Johor,2025-01-13,2025-03-10,2025-01-01,Kuala Lumpur,South,25-34,Female,Student,Shared device,Medium,Referral,Job search,0.375,High risk,Completed,1,46.6,56.2,9.6,2.0,2.0,New role,1,40.4,1.0
EN00004,PT0126,CH001,PRG01,Data Foundations,Data & Digital,Career Transition,English,Hybrid,TR06,Johor,2025-01-13,2025-03-10,2025-01-01,Penang,George Town,18-24,Male,Job seeker,Mobile,Medium,Organic,Career growth,0.875,On track,Completed,1,51.6,73.8,22.2,4.0,8.0,No change reported,2,33.4,1.0
EN00005,PT0440,CH001,PRG01,Data Foundations,Data & Digital,Career Transition,English,Hybrid,TR06,Johor,2025-01-13,2025-03-10,2025-01-01,Johor,Muar,18-24,Female,Employed,Mobile,Low,Organic,Employer requirement,0.5,Watch,Dropped,0,40.7,63.3,22.6,3.0,5.0,Not measured,0,,
EN00006,PT0426,CH001,PRG01,Data Foundations,Data & Digital,Career Transition,English,Hybrid,TR06,Johor,2025-01-13,2025-03-10,2025-01-01,Sabah,Kota Kinabalu,18-24,Female,Job seeker,Laptop/Desktop,High,Referral,Digital confidence,1.0,On track,Completed,1,47.2,76.0,28.8,5.0,10.0,No change reported,0,,
EN00007,PT0455,CH001,PRG01,Data Foundations,Data & Digital,Career Transition,English,Hybrid,TR06,Johor,2025-01-13,2025-03-10,2025-01-01,Selangor,Klang,18-24,Male,Job seeker,Mobile,Medium,Organic,Job search,0.875,On track,Completed,1,56.5,83.7,27.2,4.0,5.0,New role,0,,
EN00008,PT0345,CH001,PRG01,Data Foundations,Data & Digital,Career Transition,English,Hybrid,TR06,Johor,2025-01-13,2025-03-10,2025-01-01,Penang,Seberang Perai,25-34,Male,Job seeker,Mobile,Medium,Community partner,Career growth,0.625,Watch,Completed,1,61.3,80.0,18.7,3.0,6.0,New role,0,,
EN00009,PT0772,CH001,PRG01,Data Foundations,Data & Digital,Career Transition,English,Hybrid,TR06,Johor,2025-01-13,2025-03-10,2025-01-01,Selangor,Petaling,18-24,Female,Employed,Mobile,Low,Community partner,Digital confidence,0.75,On track,Completed,1,60.5,86.9,26.4,,,New role,0,,
EN00010,PT0442,CH001,PRG01,Data Foundations,Data & Digital,Career Transition,English,Hybrid,TR06,Johor,2025-01-13,2025-03-10,2025-01-01,Selangor,Shah Alam,25-34,Male,Employed,Mobile,Low,Community partner,Career growth,0.875,On track,Completed,1,31.5,58.4,26.9,4.0,8.0,New role,0,,
EN00011,PT0395,CH001,PRG01,Data Foundations,Data & Digital,Career Transition,English,Hybrid,TR06,Johor,2025-01-13,2025-03-10,2025-01-01,Kuala Lumpur,North,35-44,Male,Job seeker,Mobile,Low,Employer,Digital confidence,0.75,On track,Dropped,0,42.2,63.2,21.0,,,Not measured,0,,
EN00012,PT0555,CH001,PRG01,Data Foundations,Data & Digital,Career Transition,English,Hybrid,TR06,Johor,2025-01-13,2025-03-10,2025-01-01,Selangor,Petaling,25-34,Female,Student,Laptop/Desktop,Medium,Community partner,Job search,1.0,On track,Completed,1,47.3,75.8,28.5,5.0,10.0,Interview secured,0,,
EN00013,PT0239,CH001,PRG01,Data Foundations,Data & Digital,Career Transition,English,Hybrid,TR06,Johor,2025-01-13,2025-03-10,2025-01-01,Sarawak,Miri,35-44,Male,Job seeker,Laptop/Desktop,Medium,Organic,Job search,0.75,On track,Dropped,0,42.9,57.1,14.2,4.0,6.0,Not measured,0,,
EN00014,PT0453,CH001,PRG01,Data Foundations,Data & Digital,Career Transition,English,Hybrid,TR06,Johor,2025-01-13,2025-03-10,2025-01-01,Selangor,Klang,45+,Male,Employed,Mobile,High,Organic,Career growth,1.0,On track,Completed,1,75.0,94.1,19.1,,,Interview secured,0,,
EN00015,PT0339,CH001,PRG01,Data Foundations,Data & Digital,Career Transition,English,Hybrid,TR06,Johor,2025-01-13,2025-03-10,2025-01-01,Sabah,Sandakan,25-34,Male,Employed,Shared device,Low,Community partner,Job search,0.75,On track,In progress / incomplete,0,32.4,52.4,20.0,5.0,10.0,Not measured,0,,
EN00016,PT0216,CH001,PRG01,Data Foundations,Data & Digital,Career Transition,English,Hybrid,TR06,Johor,2025-01-13,2025-03-10,2025-01-01,Penang,Seberang Perai,25-34,Male,Student,Laptop/Desktop,High,Community partner,Employer requirement,1.0,On track,Completed,1,88.0,100.0,12.0,5.0,10.0,No change reported,0,,
EN00017,PT0565,CH001,PRG01,Data Foundations,Data & Digital,Career Transition,English,Hybrid,TR06,Johor,2025-01-13,2025-03-10,2025-01-01,Penang,Seberang Perai,35-44,Male,Student,Mobile,High,Community partner,Digital confidence,0.875,On track,Completed,1,26.1,52.4,26.3,3.0,6.0,No change reported,0,,
EN00018,PT0427,CH001,PRG01,Data Foundations,Data & Digital,Career Transition,English,Hybrid,TR06,Johor,2025-01-13,2025-03-10,2025-01-01,Kuala Lumpur,South,35-44,Female,Job seeker,Mobile,High,Community partner,Career growth,0.875,On track,Completed,1,64.3,89.6,25.3,4.0,5.0,No change reported,0,,
EN00019,PT0030,CH001,PRG01,Data Foundations,Data & Digital,Career Transition,English,Hybrid,TR06,Johor,2025-01-13,2025-03-10,2025-01-01,Johor,Johor Bahru,25-34,Female,Job seeker,Laptop/Desktop,Medium,Community partner,Digital confidence,1.0,On track,Completed,1,33.6,57.6,24.0,4.0,9.0,Interview secured,0,,
EN00020,PT0140,CH001,PRG01,Data Foundations,Data & Digital,Career Transition,English,Hybrid,TR06,Johor,2025-01-13,2025-03-10,2025-01-01,Selangor,Klang,18-24,Male,Student,Shared device,Low,Organic,Employer requirement,0.625,Watch,Completed,1,52.4,79.5,27.1,4.0,9.0,New role,3,43.1,0.6667
EN00021,PT0229,CH001,PRG01,Data Foundations,Data & Digital,Career Transition,English,Hybrid,TR06,Johor,2025-01-13,2025-03-10,2025-01-01,Selangor,Shah Alam,18-24,Male,Job seeker,Laptop/Desktop,High,Community partner,Job search,1.0,On track,Completed,1,73.8,100.0,26.2,4.0,7.0,Interview secured,1,17.6,1.0
EN00022,PT0405,CH001,PRG01,Data Foundations,Data & Digital,Career Transition,English,Hybrid,TR06,Johor,2025-01-13,2025-03-10,2025-01-01,Sarawak,Miri,25-34,Female,Employed,Mobile,Low,Organic,Job search,0.625,Watch,Completed,1,48.0,81.0,33.0,3.0,2.0,Interview secured,0,,
EN00023,PT0657,CH001,PRG01,Data Foundations,Data & Digital,Career Transition,English,Hybrid,TR06,Johor,2025-01-13,2025-03-10,2025-01-01,Sarawak,Miri,35-44,Male,Self-employed,Mobile,Medium,Organic,Job search,0.875,On track,Completed,1,50.8,75.4,24.6,4.0,10.0,New role,0,,
EN00024,PT0282,CH001,PRG01,Data Foundations,Data & Digital,Career Transition,English,Hybrid,TR06,Johor,2025-01-13,2025-03-10,2025-01-01,Penang,George Town,25-34,Female,Job seeker,Mobile,High,Referral,Career growth,0.875,On track,Completed,1,37.6,61.3,23.7,3.0,4.0,No change reported,0,,
EN00025,PT0198,CH001,PRG01,Data Foundations,Data & Digital,Career Transition,English,Hybrid,TR06,Johor,2025-01-13,2025-03-10,2025-01-01,Sarawak,Kuching,35-44,Female,Employed,Mobile,Low,Referral,Digital confidence,0.625,Watch,Completed,1,63.8,78.3,14.5,4.0,7.0,No change reported,1,25.0,1.0
EN00026,PT0543,CH001,PRG01,Data Foundations,Data & Digital,Career Transition,English,Hybrid,TR06,Johor,2025-01-13,2025-03-10,2025-01-01,Selangor,Klang,25-34,Female,Job seeker,Mobile,Medium,Community partner,Employer requirement,0.875,On track,Completed,1,62.0,84.5,22.5,4.0,8.0,No change reported,1,14.5,1.0
EN00027,PT0667,CH001,PRG01,Data Foundations,Data & Digital,Career Transition,English,Hybrid,TR06,Johor,2025-01-13,2025-03-10,2025-01-01,Sarawak,Kuching,25-34,Female,Job seeker,Laptop/Desktop,High,Community partner,Digital confidence,1.0,On track,Completed,1,43.9,82.1,38.2,5.0,10.0,No change reported,1,41.5,1.0
EN00028,PT0448,CH001,PRG01,Data Foundations,Data & Digital,Career Transition,English,Hybrid,TR06,Johor,2025-01-13,2025-03-10,2025-01-01,Sabah,Kota Kinabalu,18-24,Male,Employed,Mobile,High,Organic,Job search,0.75,On track,Completed,1,69.2,95.5,26.3,3.0,5.0,No change reported,0,,
EN00029,PT0640,CH001,PRG01,Data Foundations,Data & Digital,Career Transition,English,Hybrid,TR06,Johor,2025-01-13,2025-03-10,2025-01-01,Sarawak,Kuching,18-24,Non-binary / Prefer not to say,Job seeker,Laptop/Desktop,Medium,Employer,Career growth,0.5,Watch,Completed,1,39.0,62.8,23.8,2.0,2.0,Interview secured,0,,
EN00030,PT0513,CH001,PRG01,Data Foundations,Data & Digital,Career Transition,English,Hybrid,TR06,Johor,2025-01-13,2025-03-10,2025-01-01,Sabah,Sandakan,25-34,Male,Job seeker,Mobile,Medium,Organic,Digital confidence,0.75,On track,Completed,1,47.6,70.3,22.7,4.0,5.0,No change reported,1,22.1,1.0
EN00031,PT0120,CH001,PRG01,Data Foundations,Data & Digital,Career Transition,English,Hybrid,TR06,Johor,2025-01-13,2025-03-10,2025-01-01,Selangor,Petaling,45+,Non-binary / Prefer not to say,Employed,Laptop/Desktop,Medium,Community partner,Digital confidence,0.875,On track,Completed,1,75.7,100.0,24.3,,,No change reported,0,,
EN00032,PT0460,CH001,PRG01,Data Foundations,Data & Digital,Career Transition,English,Hybrid,TR06,Johor,2025-01-13,2025-03-10,2025-01-01,Kuala Lumpur,North,18-24,Male,Job seeker,Mobile,Low,Community partner,Job search,0.875,On track,Completed,1,24.0,50.2,26.2,4.0,7.0,Interview secured,1,9.6,1.0
EN00033,PT0445,CH001,PRG01,Data Foundations,Data & Digital,Career Transition,English,Hybrid,TR06,Johor,2025-01-13,2025-03-10,2025-01-01,Kuala Lumpur,North,35-44,Female,Job seeker,Mobile,Medium,Referral,Employer requirement,0.5,Watch,Dropped,0,44.9,61.1,16.2,,,Not measured,1,22.2,1.0
EN00034,PT0632,CH001,PRG01,Data Foundations,Data & Digital,Career Transition,English,Hybrid,TR06,Johor,2025-01-13,2025-03-10,2025-01-01,Johor,Muar,18-24,Female,Self-employed,Laptop/Desktop,High,Organic,Job search,1.0,On track,Completed,1,46.1,76.7,30.6,4.0,8.0,No change reported,0,,
EN00035,PT0319,CH001,PRG01,Data Foundations,Data & Digital,Career Transition,English,Hybrid,TR06,Johor,2025-01-13,2025-03-10,2025-01-01,Penang,Seberang Perai,35-44,Female,Student,Mobile,Low,Referral,Digital confidence,0.75,On track,Completed,1,64.7,83.7,19.0,4.0,8.0,No change reported,0,,
EN00036,PT0231,CH001,PRG01,Data Foundations,Data & Digital,Career Transition,English,Hybrid,TR06,Johor,2025-01-13,2025-03-10,2025-01-01,Kuala Lumpur,Central,18-24,Female,Self-employed,Laptop/Desktop,Low,Organic,Job search,0.5,Watch,Completed,1,60.0,82.2,22.2,,,No change reported,0,,
EN00037,PT0516,CH001,PRG01,Data Foundations,Data & Digital,Career Transition,English,Hybrid,TR06,Johor,2025-01-13,2025-03-10,2025-01-01,Selangor,Shah Alam,18-24,Male,Student,Mobile,Low,Organic,Career growth,0.75,On track,Completed,1,66.9,93.0,26.1,4.0,7.0,Interview secured,0,,
EN00038,PT0461,CH001,PRG01,Data Foundations,Data & Digital,Career Transition,English,Hybrid,TR06,Johor,2025-01-13,2025-03-10,2025-01-01,Kuala Lumpur,Central,45+,Male,Employed,Mobile,Medium,Organic,Job search,0.75,On track,Completed,1,73.5,97.8,24.3,,,New role,0,,
EN00039,PT0509,CH001,PRG01,Data Foundations,Data & Digital,Career Transition,English,Hybrid,TR06,Johor,2025-01-13,2025-03-10,2025-01-01,Selangor,Shah Alam,25-34,Male,Job seeker,Mobile,Medium,Organic,Career growth,0.875,On track,Completed,1,49.6,74.0,24.4,4.0,9.0,No change reported,0,,
EN00040,PT0707,CH001,PRG01,Data Foundations,Data & Digital,Career Transition,English,Hybrid,TR06,Johor,2025-01-13,2025-03-10,2025-01-01,Sabah,Sandakan,35-44,Female,Student,Mobile,Medium,Referral,Digital confidence,0.875,On track,Completed,1,33.7,56.6,22.9,,,No change reported,1,22.6,1.0
EN00041,PT0553,CH001,PRG01,Data Foundations,Data & Digital,Career Transition,English,Hybrid,TR06,Johor,2025-01-13,2025-03-10,2025-01-01,Sarawak,Miri,25-34,Male,Employed,Laptop/Desktop,Low,Community partner,Digital confidence,0.875,On track,Completed,1,41.6,66.7,25.1,4.0,8.0,New role,0,,
EN00042,PT0092,CH001,PRG01,Data Foundations,Data & Digital,Career Transition,English,Hybrid,TR06,Johor,2025-01-13,2025-03-10,2025-01-01,Selangor,Petaling,45+,Female,Employed,Laptop/Desktop,Medium,Employer,Job search,0.875,On track,Completed,1,44.0,80.8,36.8,,,Interview secured,1,18.4,1.0
EN00043,PT0065,CH001,PRG01,Data Foundations,Data & Digital,Career Transition,English,Hybrid,TR06,Johor,2025-01-13,2025-03-10,2025-01-01,Penang,Seberang Perai,18-24,Female,Student,Laptop/Desktop,High,Community partner,Job search,0.875,On track,Completed,1,49.4,66.3,16.9,4.0,8.0,No change reported,1,8.7,1.0
EN00044,PT0490,CH001,PRG01,Data Foundations,Data & Digital,Career Transition,English,Hybrid,TR06,Johor,2025-01-13,2025-03-10,2025-01-01,Selangor,Shah Alam,25-34,Female,Employed,Laptop/Desktop,High,Community partner,Career growth,1.0,On track,Completed,1,80.3,100.0,19.7,,,No change reported,1,38.0,1.0
EN00045,PT0257,CH001,PRG01,Data Foundations,Data & Digital,Career Transition,English,Hybrid,TR06,Johor,2025-01-13,2025-03-10,2025-01-01,Kuala Lumpur,South,35-44,Female,Student,Mobile,Medium,Community partner,Career growth,1.0,On track,Completed,1,36.0,62.4,26.4,4.0,4.0,Interview secured,0,,
EN00046,PT0553,CH002,PRG02,Business Analytics Essentials,Data & Digital,Career Transition,English,Virtual,TR10,Kuala Lumpur,2025-01-06,2025-03-17,2025-01-01,Sarawak,Miri,25-34,Male,Employed,Laptop/Desktop,Low,Organic,Employer requirement,0.8,On track,Completed,1,50.0,64.3,14.3,,,No change reported,0,,
EN00047,PT0061,CH002,PRG02,Business Analytics Essentials,Data & Digital,Career Transition,English,Virtual,TR10,Kuala Lumpur,2025-01-06,2025-03-17,2025-01-01,Penang,George Town,35-44,Female,Employed,Mobile,High,Referral,Employer requirement,1.0,On track,Completed,1,82.1,100.0,17.9,4.0,9.0,No change reported,1,21.5,1.0
EN00048,PT0091,CH002,PRG02,Business Analytics Essentials,Data & Digital,Career Transition,English,Virtual,TR10,Kuala Lumpur,2025-01-06,2025-03-17,2025-01-01,Sabah,Sandakan,18-24,Female,Job seeker,Mobile,High,Organic,Job search,1.0,On track,Completed,1,67.6,82.6,15.0,4.0,7.0,New role,0,,
EN00049,PT0265,CH002,PRG02,Business Analytics Essentials,Data & Digital,Career Transition,English,Virtual,TR10,Kuala Lumpur,2025-01-06,2025-03-17,2025-01-01,Johor,Johor Bahru,45+,Female,Job seeker,Mobile,Low,Organic,Job search,0.9,On track,Completed,1,50.9,65.4,14.5,,,Interview secured,1,45.7,0.0
EN00050,PT0126,CH002,PRG02,Business Analytics Essentials,Data & Digital,Career Transition,English,Virtual,TR10,Kuala Lumpur,2025-01-06,2025-03-17,2025-01-01,Penang,George Town,18-24,Male,Job seeker,Mobile,Medium,Organic,Career growth,0.8,On track,Completed,1,49.8,79.2,29.4,4.0,7.0,New role,0,,
EN00051,PT0551,CH002,PRG02,Business Analytics Essentials,Data & Digital,Career Transition,English,Virtual,TR10,Kuala Lumpur,2025-01-06,2025-03-17,2025-01-01,Sarawak,Kuching,18-24,Female,Student,Mobile,Medium,Organic,Career growth,0.7,Watch,Completed,1,63.6,88.2,24.6,3.0,4.0,New role,0,,
EN00052,PT0312,CH002,PRG02,Business Analytics Essentials,Data & Digital,Career Transition,English,Virtual,TR10,Kuala Lumpur,2025-01-06,2025-03-17,2025-01-01,Johor,Muar,35-44,Female,Job seeker,Laptop/Desktop,Medium,Referral,Job search,1.0,On track,Completed,1,64.3,96.4,32.1,,,No change reported,2,63.0,0.5
EN00053,PT0190,CH002,PRG02,Business Analytics Essentials,Data & Digital,Career Transition,English,Virtual,TR10,Kuala Lumpur,2025-01-06,2025-03-17,2025-01-01,Kuala Lumpur,Central,25-34,Female,Employed,Laptop/Desktop,Low,Employer,Career growth,0.6,Watch,Completed,1,42.3,54.9,12.6,4.0,7.0,New role,1,13.4,1.0
EN00054,PT0308,CH002,PRG02,Business Analytics Essentials,Data & Digital,Career Transition,English,Virtual,TR10,Kuala Lumpur,2025-01-06,2025-03-17,2025-01-01,Sarawak,Kuching,25-34,Male,Job seeker,Laptop/Desktop,Low,Referral,Career growth,0.9,On track,Completed,1,61.2,92.0,30.8,4.0,8.0,No change reported,0,,
EN00055,PT0326,CH002,PRG02,Business Analytics Essentials,Data & Digital,Career Transition,English,Virtual,TR10,Kuala Lumpur,2025-01-06,2025-03-17,2025-01-01,Sabah,Sandakan,25-34,Male,Student,Shared device,High,Referral,Job search,0.7,Watch,Completed,1,58.3,86.6,28.3,5.0,10.0,No change reported,0,,
EN00056,PT0574,CH002,PRG02,Business Analytics Essentials,Data & Digital,Career Transition,English,Virtual,TR10,Kuala Lumpur,2025-01-06,2025-03-17,2025-01-01,Sarawak,Miri,18-24,Female,Self-employed,Laptop/Desktop,Medium,Employer,Career growth,0.8,On track,Completed,1,52.0,80.1,28.1,3.0,5.0,Interview secured,0,,
EN00057,PT0555,CH002,PRG02,Business Analytics Essentials,Data & Digital,Career Transition,English,Virtual,TR10,Kuala Lumpur,2025-01-06,2025-03-17,2025-01-01,Selangor,Petaling,25-34,Female,Student,Laptop/Desktop,Medium,Referral,Career growth,0.7,Watch,Dropped,0,69.7,91.7,22.0,3.0,5.0,Not measured,0,,
EN00058,PT0360,CH002,PRG02,Business Analytics Essentials,Data & Digital,Career Transition,English,Virtual,TR10,Kuala Lumpur,2025-01-06,2025-03-17,2025-01-01,Kuala Lumpur,South,35-44,Male,Job seeker,Mobile,Low,Community partner,Employer requirement,0.7,Watch,Completed,1,59.6,81.3,21.7,,,No change reported,0,,
EN00059,PT0624,CH002,PRG02,Business Analytics Essentials,Data & Digital,Career Transition,English,Virtual,TR10,Kuala Lumpur,2025-01-06,2025-03-17,2025-01-01,Sarawak,Kuching,25-34,Female,Self-employed,Laptop/Desktop,Medium,Referral,Career growth,0.8,On track,Completed,1,43.3,70.3,27.0,,,New role,0,,
EN00060,PT0737,CH002,PRG02,Business Analytics Essentials,Data & Digital,Career Transition,English,Virtual,TR10,Kuala Lumpur,2025-01-06,2025-03-17,2025-01-01,Kuala Lumpur,Central,35-44,Female,Student,Laptop/Desktop,Medium,Community partner,Job search,0.9,On track,Completed,1,55.9,83.0,27.1,4.0,7.0,No change reported,0,,
EN00061,PT0467,CH002,PRG02,Business Analytics Essentials,Data & Digital,Career Transition,English,Virtual,TR10,Kuala Lumpur,2025-01-06,2025-03-17,2025-01-01,Kuala Lumpur,South,25-34,Female,Job seeker,Mobile,Medium,Community partner,Digital confidence,0.8,On track,Completed,1,52.3,84.1,31.8,3.0,6.0,New role,0,,
EN00062,PT0067,CH002,PRG02,Business Analytics Essentials,Data & Digital,Career Transition,English,Virtual,TR10,Kuala Lumpur,2025-01-06,2025-03-17,2025-01-01,Kuala Lumpur,South,35-44,Male,Student,Laptop/Desktop,Medium,Organic,Employer requirement,1.0,On track,Completed,1,84.3,100.0,15.7,5.0,9.0,New role,1,35.7,1.0
EN00063,PT0168,CH002,PRG02,Business Analytics Essentials,Data & Digital,Career Transition,English,Virtual,TR10,Kuala Lumpur,2025-01-06,2025-03-17,2025-01-01,Kuala Lumpur,South,35-44,Female,Job seeker,Laptop/Desktop,High,Employer,Digital confidence,1.0,On track,Completed,1,61.4,83.7,22.3,4.0,7.0,Interview secured,0,,
EN00064,PT0682,CH002,PRG02,Business Analytics Essentials,Data & Digital,Career Transition,English,Virtual,TR10,Kuala Lumpur,2025-01-06,2025-03-17,2025-01-01,Sabah,Kota Kinabalu,45+,Male,Job seeker,Mobile,Medium,Organic,Digital confidence,1.0,On track,Completed,1,49.0,67.7,18.7,,,No change reported,1,23.4,1.0
EN00065,PT0766,CH002,PRG02,Business Analytics Essentials,Data & Digital,Career Transition,English,Virtual,TR10,Kuala Lumpur,2025-01-06,2025-03-17,2025-01-01,Selangor,Klang,18-24,Male,Employed,Laptop/Desktop,High,Organic,Digital confidence,0.8,On track,Completed,1,74.5,91.3,16.8,4.0,7.0,No change reported,0,,
EN00066,PT0448,CH002,PRG02,Business Analytics Essentials,Data & Digital,Career Transition,English,Virtual,TR10,Kuala Lumpur,2025-01-06,2025-03-17,2025-01-01,Sabah,Kota Kinabalu,18-24,Male,Employed,Mobile,High,Community partner,Job search,0.9,On track,Completed,1,56.1,92.7,36.6,5.0,10.0,New role,1,11.0,1.0
EN00067,PT0424,CH002,PRG02,Business Analytics Essentials,Data & Digital,Career Transition,English,Virtual,TR10,Kuala Lumpur,2025-01-06,2025-03-17,2025-01-01,Penang,Seberang Perai,18-24,Male,Employed,Mobile,High,Organic,Career growth,0.6,Watch,Completed,1,59.2,79.5,20.3,3.0,6.0,New role,0,,
EN00068,PT0586,CH002,PRG02,Business Analytics Essentials,Data & Digital,Career Transition,English,Virtual,TR10,Kuala Lumpur,2025-01-06,2025-03-17,2025-01-01,Johor,Johor Bahru,25-34,Female,Employed,Laptop/Desktop,Low,Organic,Digital confidence,0.5,Watch,Dropped,0,64.7,93.5,28.8,4.0,8.0,Not measured,0,,
EN00069,PT0274,CH002,PRG02,Business Analytics Essentials,Data & Digital,Career Transition,English,Virtual,TR10,Kuala Lumpur,2025-01-06,2025-03-17,2025-01-01,Johor,Muar,35-44,Female,Employed,Mobile,High,Organic,Career growth,0.8,On track,Completed,1,52.5,77.6,25.1,4.0,8.0,No change reported,0,,
EN00070,PT0054,CH002,PRG02,Business Analytics Essentials,Data & Digital,Career Transition,English,Virtual,TR10,Kuala Lumpur,2025-01-06,2025-03-17,2025-01-01,Selangor,Petaling,35-44,Male,Student,Laptop/Desktop,Medium,Employer,Career growth,0.9,On track,Completed,1,36.2,62.9,26.7,,,No change reported,0,,
EN00071,PT0762,CH002,PRG02,Business Analytics Essentials,Data & Digital,Career Transition,English,Virtual,TR10,Kuala Lumpur,2025-01-06,2025-03-17,2025-01-01,Penang,Seberang Perai,25-34,Female,Employed,Mobile,Medium,Organic,Digital confidence,0.7,Watch,Dropped,0,50.4,76.7,26.3,,,Not measured,0,,
EN00072,PT0167,CH002,PRG02,Business Analytics Essentials,Data & Digital,Career Transition,English,Virtual,TR10,Kuala Lumpur,2025-01-06,2025-03-17,2025-01-01,Selangor,Klang,25-34,Male,Student,Laptop/Desktop,High,Referral,Employer requirement,1.0,On track,Completed,1,74.9,100.0,25.1,5.0,10.0,No change reported,0,,
EN00073,PT0622,CH002,PRG02,Business Analytics Essentials,Data & Digital,Career Transition,English,Virtual,TR10,Kuala Lumpur,2025-01-06,2025-03-17,2025-01-01,Kuala Lumpur,South,25-34,Male,Self-employed,Laptop/Desktop,Medium,Community partner,Career growth,1.0,On track,Completed,1,68.8,94.4,25.6,5.0,10.0,No change reported,0,,
EN00074,PT0741,CH002,PRG02,Business Analytics Essentials,Data & Digital,Career Transition,English,Virtual,TR10,Kuala Lumpur,2025-01-06,2025-03-17,2025-01-01,Johor,Muar,25-34,Male,Employed,Mobile,Medium,Community partner,Employer requirement,0.8,On track,Completed,1,36.3,59.3,23.0,5.0,10.0,No change reported,1,22.2,1.0
EN00075,PT0112,CH003,PRG03,Digital Workplace Skills,Employability,Community Upskilling,Malay,Virtual,TR05,Sabah,2025-01-13,2025-02-24,2025-01-01,Kuala Lumpur,Central,18-24,Female,Employed,Mobile,Medium,Organic,Job search,0.8333,On track,Completed,1,35.7,52.4,16.7,,,Not measured,0,,
EN00076,PT0715,CH003,PRG03,Digital Workplace Skills,Employability,Community Upskilling,Malay,Virtual,TR05,Sabah,2025-01-13,2025-02-24,2025-01-01,Penang,Seberang Perai,25-34,Female,Job seeker,Mobile,High,Community partner,Employer requirement,1.0,On track,Completed,1,62.2,83.3,21.1,4.0,8.0,Not measured,0,,
EN00077,PT0085,CH003,PRG03,Digital Workplace Skills,Employability,Community Upskilling,Malay,Virtual,TR05,Sabah,2025-01-13,2025-02-24,2025-01-01,Selangor,Shah Alam,45+,Male,Job seeker,Shared device,High,Employer,Employer requirement,0.5,Watch,Completed,1,44.4,52.7,8.3,,,Not measured,0,,
EN00078,PT0157,CH003,PRG03,Digital Workplace Skills,Employability,Community Upskilling,Malay,Virtual,TR05,Sabah,2025-01-13,2025-02-24,2025-01-01,Johor,Muar,35-44,Female,Employed,Mobile,Low,Employer,Employer requirement,0.8333,On track,Completed,1,29.0,49.7,20.7,,,Not measured,0,,
EN00079,PT0488,CH003,PRG03,Digital Workplace Skills,Employability,Community Upskilling,Malay,Virtual,TR05,Sabah,2025-01-13,2025-02-24,2025-01-01,Sabah,Sandakan,25-34,Female,Self-employed,Laptop/Desktop,Medium,Organic,Career growth,0.8333,On track,Completed,1,44.2,71.2,27.0,3.0,4.0,Not measured,0,,
EN00080,PT0550,CH003,PRG03,Digital Workplace Skills,Employability,Community Upskilling,Malay,Virtual,TR05,Sabah,2025-01-13,2025-02-24,2025-01-01,Selangor,Petaling,25-34,Female,Job seeker,Mobile,High,Community partner,Job search,1.0,On track,Completed,1,43.5,66.0,22.5,,,Not measured,0,,
EN00081,PT0314,CH003,PRG03,Digital Workplace Skills,Employability,Community Upskilling,Malay,Virtual,TR05,Sabah,2025-01-13,2025-02-24,2025-01-01,Sarawak,Kuching,35-44,Female,Employed,Laptop/Desktop,High,Employer,Job search,0.6667,Watch,Completed,1,58.2,64.2,6.0,,,Not measured,0,,
EN00082,PT0191,CH003,PRG03,Digital Workplace Skills,Employability,Community Upskilling,Malay,Virtual,TR05,Sabah,2025-01-13,2025-02-24,2025-01-01,Sarawak,Kuching,25-34,Male,Employed,Mobile,Low,Referral,Job search,1.0,On track,Completed,1,36.8,72.8,36.0,4.0,5.0,Not measured,2,25.1,0.5
EN00083,PT0254,CH003,PRG03,Digital Workplace Skills,Employability,Community Upskilling,Malay,Virtual,TR05,Sabah,2025-01-13,2025-02-24,2025-01-01,Selangor,Petaling,25-34,Male,Student,Mobile,High,Employer,Career growth,1.0,On track,Completed,1,51.7,71.3,19.6,5.0,8.0,Not measured,0,,
EN00084,PT0582,CH003,PRG03,Digital Workplace Skills,Employability,Community Upskilling,Malay,Virtual,TR05,Sabah,2025-01-13,2025-02-24,2025-01-01,Selangor,Petaling,35-44,Female,Self-employed,Mobile,Medium,Organic,Employer requirement,1.0,On track,Completed,1,64.9,97.9,33.0,5.0,10.0,Not measured,1,19.7,1.0
EN00085,PT0643,CH003,PRG03,Digital Workplace Skills,Employability,Community Upskilling,Malay,Virtual,TR05,Sabah,2025-01-13,2025-02-24,2025-01-01,Penang,George Town,25-34,Female,Employed,Laptop/Desktop,Medium,Organic,Career growth,0.8333,On track,Completed,1,46.1,73.4,27.3,,,Not measured,1,21.1,1.0
EN00086,PT0528,CH003,PRG03,Digital Workplace Skills,Employability,Community Upskilling,Malay,Virtual,TR05,Sabah,2025-01-13,2025-02-24,2025-01-01,Penang,George Town,45+,Female,Job seeker,Mobile,Low,Referral,Digital confidence,0.6667,Watch,In progress / incomplete,0,38.7,57.8,19.1,4.0,8.0,Not measured,0,,
EN00087,PT0268,CH003,PRG03,Digital Workplace Skills,Employability,Community Upskilling,Malay,Virtual,TR05,Sabah,2025-01-13,2025-02-24,2025-01-01,Kuala Lumpur,North,25-34,Female,Employed,Laptop/Desktop,Low,Employer,Career growth,0.8333,On track,Completed,1,42.0,73.8,31.8,5.0,7.0,Not measured,2,17.4,1.0
EN00088,PT0708,CH003,PRG03,Digital Workplace Skills,Employability,Community Upskilling,Malay,Virtual,TR05,Sabah,2025-01-13,2025-02-24,2025-01-01,Kuala Lumpur,Central,25-34,Female,Student,Mobile,High,Organic,Career growth,0.6667,Watch,Completed,1,47.1,62.0,14.9,3.0,5.0,Not measured,0,,
EN00089,PT0704,CH003,PRG03,Digital Workplace Skills,Employability,Community Upskilling,Malay,Virtual,TR05,Sabah,2025-01-13,2025-02-24,2025-01-01,Kuala Lumpur,Central,35-44,Female,Employed,Mobile,Medium,Employer,Job search,0.3333,High risk,Completed,1,40.4,48.1,7.7,2.0,4.0,Not measured,0,,
EN00090,PT0026,CH003,PRG03,Digital Workplace Skills,Employability,Community Upskilling,Malay,Virtual,TR05,Sabah,2025-01-13,2025-02-24,2025-01-01,Sarawak,Miri,18-24,Female,Employed,Mobile,High,Community partner,Career growth,0.8333,On track,Completed,1,50.6,70.9,20.3,4.0,9.0,Not measured,0,,
EN00091,PT0742,CH003,PRG03,Digital Workplace Skills,Employability,Community Upskilling,Malay,Virtual,TR05,Sabah,2025-01-13,2025-02-24,2025-01-01,Sabah,Kota Kinabalu,18-24,Male,Employed,Mobile,Low,Organic,Digital confidence,0.5,Watch,Completed,1,39.2,55.4,16.2,3.0,4.0,Not measured,1,7.5,1.0
EN00092,PT0687,CH003,PRG03,Digital Workplace Skills,Employability,Community Upskilling,Malay,Virtual,TR05,Sabah,2025-01-13,2025-02-24,2025-01-01,Selangor,Petaling,25-34,Male,Employed,Mobile,Medium,Referral,Career growth,0.8333,On track,Completed,1,53.8,71.3,17.5,4.0,7.0,Not measured,0,,
EN00093,PT0733,CH003,PRG03,Digital Workplace Skills,Employability,Community Upskilling,Malay,Virtual,TR05,Sabah,2025-01-13,2025-02-24,2025-01-01,Kuala Lumpur,Central,25-34,Male,Job seeker,Laptop/Desktop,Medium,Community partner,Job search,0.8333,On track,Completed,1,45.8,62.4,16.6,5.0,8.0,Not measured,1,11.0,1.0
EN00094,PT0068,CH003,PRG03,Digital Workplace Skills,Employability,Community Upskilling,Malay,Virtual,TR05,Sabah,2025-01-13,2025-02-24,2025-01-01,Sarawak,Kuching,18-24,Male,Employed,Mobile,Medium,Community partner,Job search,0.8333,On track,Completed,1,49.0,65.6,16.6,,,Not measured,1,56.3,0.0
EN00095,PT0253,CH003,PRG03,Digital Workplace Skills,Employability,Community Upskilling,Malay,Virtual,TR05,Sabah,2025-01-13,2025-02-24,2025-01-01,Johor,Muar,25-34,Male,Self-employed,Mobile,Medium,Organic,Digital confidence,0.3333,High risk,Dropped,0,48.9,70.0,21.1,3.0,3.0,Not measured,0,,
EN00096,PT0633,CH003,PRG03,Digital Workplace Skills,Employability,Community Upskilling,Malay,Virtual,TR05,Sabah,2025-01-13,2025-02-24,2025-01-01,Johor,Johor Bahru,25-34,Male,Student,Mobile,High,Organic,Career growth,0.5,Watch,Completed,1,51.7,71.4,19.7,3.0,5.0,Not measured,1,8.0,1.0
EN00097,PT0706,CH003,PRG03,Digital Workplace Skills,Employability,Community Upskilling,Malay,Virtual,TR05,Sabah,2025-01-13,2025-02-24,2025-01-01,Sabah,Kota Kinabalu,35-44,Female,Job seeker,Mobile,Low,Community partner,Job search,0.8333,On track,Completed,1,53.4,73.2,19.8,4.0,6.0,Not measured,0,,
EN00098,PT0270,CH003,PRG03,Digital Workplace Skills,Employability,Community Upskilling,Malay,Virtual,TR05,Sabah,2025-01-13,2025-02-24,2025-01-01,Sabah,Sandakan,18-24,Female,Job seeker,Mobile,High,Community partner,Career growth,0.8333,On track,Completed,1,54.6,80.5,25.9,3.0,5.0,Not measured,0,,
EN00099,PT0717,CH003,PRG03,Digital Workplace Skills,Employability,Community Upskilling,Malay,Virtual,TR05,Sabah,2025-01-13,2025-02-24,2025-01-01,Kuala Lumpur,Central,25-34,Male,Student,Mobile,Medium,Community partner,Job search,1.0,On track,Completed,1,57.3,99.6,42.3,5.0,10.0,Not measured,1,11.1,1.0
EN00100,PT0336,CH003,PRG03,Digital Workplace Skills,Employability,Community Upskilling,Malay,Virtual,TR05,Sabah,2025-01-13,2025-02-24,2025-01-01,Johor,Johor Bahru,25-34,Male,Self-employed,Laptop/Desktop,High,Organic,Digital confidence,0.5,Watch,Completed,1,49.8,60.3,10.5,3.0,5.0,Not measured,0,,
EN00101,PT0317,CH003,PRG03,Digital Workplace Skills,Employability,Community Upskilling,Malay,Virtual,TR05,Sabah,2025-01-13,2025-02-24,2025-01-01,Selangor,Shah Alam,18-24,Male,Self-employed,Laptop/Desktop,Low,Community partner,Digital confidence,1.0,On track,Completed,1,40.4,77.9,37.5,,,Not measured,0,,
EN00102,PT0712,CH003,PRG03,Digital Workplace Skills,Employability,Community Upskilling,Malay,Virtual,TR05,Sabah,2025-01-13,2025-02-24,2025-01-01,Selangor,Petaling,18-24,Male,Job seeker,Laptop/Desktop,Medium,Organic,Job search,0.8333,On track,In progress / incomplete,0,51.1,79.3,28.2,5.0,10.0,Not measured,0,,
EN00103,PT0279,CH003,PRG03,Digital Workplace Skills,Employability,Community Upskilling,Malay,Virtual,TR05,Sabah,2025-01-13,2025-02-24,2025-01-01,Kuala Lumpur,North,18-24,Male,Employed,Laptop/Desktop,Medium,Organic,Career growth,0.8333,On track,Dropped,0,38.2,63.2,25.0,5.0,8.0,Not measured,2,10.2,1.0
EN00104,PT0614,CH003,PRG03,Digital Workplace Skills,Employability,Community Upskilling,Malay,Virtual,TR05,Sabah,2025-01-13,2025-02-24,2025-01-01,Penang,George Town,18-24,Male,Self-employed,Laptop/Desktop,Low,Organic,Career growth,0.8333,On track,Completed,1,61.8,100.0,38.2,5.0,10.0,Not measured,2,21.8,0.5
EN00105,PT0482,CH003,PRG03,Digital Workplace Skills,Employability,Community Upskilling,Malay,Virtual,TR05,Sabah,2025-01-13,2025-02-24,2025-01-01,Johor,Muar,35-44,Female,Employed,Mobile,Medium,Employer,Job search,0.6667,Watch,Completed,1,45.2,72.1,26.9,4.0,5.0,Not measured,2,36.5,1.0
EN00106,PT0184,CH003,PRG03,Digital Workplace Skills,Employability,Community Upskilling,Malay,Virtual,TR05,Sabah,2025-01-13,2025-02-24,2025-01-01,Kuala Lumpur,South,25-34,Male,Employed,Mobile,Medium,Community partner,Career growth,0.8333,On track,Completed,1,58.3,84.6,26.3,,,Not measured,0,,
EN00107,PT0034,CH003,PRG03,Digital Workplace Skills,Employability,Community Upskilling,Malay,Virtual,TR05,Sabah,2025-01-13,2025-02-24,2025-01-01,Selangor,Shah Alam,25-34,Female,Job seeker,Laptop/Desktop,Medium,Community partner,Employer requirement,1.0,On track,Completed,1,60.1,88.8,28.7,,,Not measured,0,,
EN00108,PT0158,CH003,PRG03,Digital Workplace Skills,Employability,Community Upskilling,Malay,Virtual,TR05,Sabah,2025-01-13,2025-02-24,2025-01-01,Penang,George Town,18-24,Male,Employed,Mobile,Low,Community partner,Career growth,0.5,Watch,Completed,1,52.0,68.1,16.1,4.0,6.0,Not measured,1,13.4,1.0
EN00109,PT0376,CH003,PRG03,Digital Workplace Skills,Employability,Community Upskilling,Malay,Virtual,TR05,Sabah,2025-01-13,2025-02-24,2025-01-01,Selangor,Petaling,25-34,Female,Employed,Laptop/Desktop,High,Employer,Career growth,1.0,On track,In progress / incomplete,0,59.4,77.7,18.3,5.0,10.0,Not measured,0,,
EN00110,PT0467,CH003,PRG03,Digital Workplace Skills,Employability,Community Upskilling,Malay,Virtual,TR05,Sabah,2025-01-13,2025-02-24,2025-01-01,Kuala Lumpur,South,25-34,Female,Job seeker,Mobile,Medium,Community partner,Career growth,0.5,Watch,Completed,1,67.8,84.7,16.9,3.0,5.0,Not measured,0,,
EN00111,PT0101,CH004,PRG04,Customer Support Excellence,Operations,Workforce Development,English,Hybrid,TR03,Johor,2025-01-20,2025-03-03,2025-01-01,Selangor,Klang,25-34,Female,Employed,Mobile,Medium,Organic,Job search,0.8333,On track,Completed,1,45.7,74.0,28.3,,,Not measured,0,,
EN00112,PT0649,CH004,PRG04,Customer Support Excellence,Operations,Workforce Development,English,Hybrid,TR03,Johor,2025-01-20,2025-03-03,2025-01-01,Kuala Lumpur,North,25-34,Female,Employed,Laptop/Desktop,High,Community partner,Job search,1.0,On track,Completed,1,65.6,84.5,18.9,4.0,7.0,Not measured,0,,
EN00113,PT0108,CH004,PRG04,Customer Support Excellence,Operations,Workforce Development,English,Hybrid,TR03,Johor,2025-01-20,2025-03-03,2025-01-01,Johor,Muar,25-34,Female,Student,Shared device,Low,Community partner,Career growth,0.3333,High risk,Dropped,0,42.4,49.0,6.6,2.0,1.0,Not measured,1,79.4,0.0
EN00114,PT0465,CH004,PRG04,Customer Support Excellence,Operations,Workforce Development,English,Hybrid,TR03,Johor,2025-01-20,2025-03-03,2025-01-01,Selangor,Klang,25-34,Female,Employed,Shared device,Medium,Organic,Employer requirement,0.6667,Watch,Completed,1,45.2,70.6,25.4,5.0,10.0,Not measured,0,,
EN00115,PT0306,CH004,PRG04,Customer Support Excellence,Operations,Workforce Development,English,Hybrid,TR03,Johor,2025-01-20,2025-03-03,2025-01-01,Sabah,Sandakan,25-34,Non-binary / Prefer not to say,Job seeker,Mobile,Low,Referral,Career growth,0.5,Watch,Completed,1,59.2,79.0,19.8,3.0,4.0,Not measured,0,,
EN00116,PT0542,CH004,PRG04,Customer Support Excellence,Operations,Workforce Development,English,Hybrid,TR03,Johor,2025-01-20,2025-03-03,2025-01-01,Selangor,Klang,35-44,Female,Job seeker,Laptop/Desktop,Low,Community partner,Job search,0.3333,High risk,In progress / incomplete,0,37.7,46.4,8.7,3.0,4.0,Not measured,2,43.0,1.0
EN00117,PT0046,CH004,PRG04,Customer Support Excellence,Operations,Workforce Development,English,Hybrid,TR03,Johor,2025-01-20,2025-03-03,2025-01-01,Selangor,Shah Alam,35-44,Female,Self-employed,Mobile,Medium,Community partner,Employer requirement,0.5,Watch,Completed,1,50.7,65.2,14.5,3.0,8.0,Not measured,0,,
EN00118,PT0684,CH004,PRG04,Customer Support Excellence,Operations,Workforce Development,English,Hybrid,TR03,Johor,2025-01-20,2025-03-03,2025-01-01,Selangor,Shah Alam,45+,Male,Employed,Shared device,Medium,Organic,Digital confidence,1.0,On track,Dropped,0,36.0,67.4,31.4,4.0,8.0,Not measured,0,,
EN00119,PT0283,CH004,PRG04,Customer Support Excellence,Operations,Workforce Development,English,Hybrid,TR03,Johor,2025-01-20,2025-03-03,2025-01-01,Kuala Lumpur,South,45+,Female,Job seeker,Laptop/Desktop,Low,Organic,Digital confidence,0.8333,On track,Dropped,0,48.9,69.7,20.8,4.0,7.0,Not measured,0,,
EN00120,PT0467,CH004,PRG04,Customer Support Excellence,Operations,Workforce Development,English,Hybrid,TR03,Johor,2025-01-20,2025-03-03,2025-01-01,Kuala Lumpur,South,25-34,Female,Job seeker,Mobile,Medium,Employer,Career growth,1.0,On track,Completed,1,56.0,80.0,24.0,,,Not measured,0,,
EN00121,PT0741,CH004,PRG04,Customer Support Excellence,Operations,Workforce Development,English,Hybrid,TR03,Johor,2025-01-20,2025-03-03,2025-01-01,Johor,Muar,25-34,Male,Employed,Mobile,Medium,Organic,Job search,1.0,On track,Completed,1,69.8,94.2,24.4,5.0,10.0,Not measured,0,,
EN00122,PT0680,CH004,PRG04,Customer Support Excellence,Operations,Workforce Development,English,Hybrid,TR03,Johor,2025-01-20,2025-03-03,2025-01-01,Penang,Seberang Perai,45+,Male,Job seeker,Laptop/Desktop,High,Organic,Job search,1.0,On track,Completed,1,70.6,90.1,19.5,4.0,7.0,Not measured,1,79.3,0.0
EN00123,PT0714,CH004,PRG04,Customer Support Excellence,Operations,Workforce Development,English,Hybrid,TR03,Johor,2025-01-20,2025-03-03,2025-01-01,Kuala Lumpur,South,25-34,Male,Job seeker,Mobile,High,Organic,Digital confidence,1.0,On track,Completed,1,65.0,100.0,35.0,5.0,10.0,Not measured,0,,
EN00124,PT0308,CH004,PRG04,Customer Support Excellence,Operations,Workforce Development,English,Hybrid,TR03,Johor,2025-01-20,2025-03-03,2025-01-01,Sarawak,Kuching,25-34,Male,Job seeker,Laptop/Desktop,Low,Organic,Digital confidence,0.8333,On track,Dropped,0,68.9,90.0,21.1,,,Not measured,0,,
EN00125,PT0311,CH004,PRG04,Customer Support Excellence,Operations,Workforce Development,English,Hybrid,TR03,Johor,2025-01-20,2025-03-03,2025-01-01,Kuala Lumpur,South,18-24,Male,Employed,Mobile,Medium,Community partner,Career growth,0.8333,On track,Completed,1,44.7,73.9,29.2,4.0,10.0,Not measured,0,,
EN00126,PT0403,CH004,PRG04,Customer Support Excellence,Operations,Workforce Development,English,Hybrid,TR03,Johor,2025-01-20,2025-03-03,2025-01-01,Kuala Lumpur,Central,35-44,Female,Student,Mobile,Medium,Community partner,Job search,0.8333,On track,Completed,1,56.2,81.3,25.1,,,Not measured,2,26.8,0.5
EN00127,PT0704,CH004,PRG04,Customer Support Excellence,Operations,Workforce Development,English,Hybrid,TR03,Johor,2025-01-20,2025-03-03,2025-01-01,Kuala Lumpur,Central,35-44,Female,Employed,Mobile,Medium,Employer,Career growth,0.5,Watch,Completed,1,26.3,41.3,15.0,2.0,4.0,Not measured,0,,
EN00128,PT0130,CH004,PRG04,Customer Support Excellence,Operations,Workforce Development,English,Hybrid,TR03,Johor,2025-01-20,2025-03-03,2025-01-01,Johor,Johor Bahru,35-44,Female,Employed,Laptop/Desktop,Medium,Organic,Job search,1.0,On track,Completed,1,56.7,91.8,35.1,5.0,10.0,Not measured,0,,
EN00129,PT0559,CH004,PRG04,Customer Support Excellence,Operations,Workforce Development,English,Hybrid,TR03,Johor,2025-01-20,2025-03-03,2025-01-01,Kuala Lumpur,South,25-34,Female,Student,Mobile,Low,Employer,Job search,0.3333,High risk,Completed,1,47.9,55.5,7.6,,,Not measured,2,22.6,0.5
EN00130,PT0141,CH004,PRG04,Customer Support Excellence,Operations,Workforce Development,English,Hybrid,TR03,Johor,2025-01-20,2025-03-03,2025-01-01,Kuala Lumpur,North,18-24,Male,Employed,Mobile,Medium,Organic,Job search,0.6667,Watch,Completed,1,38.4,56.5,18.1,4.0,9.0,Not measured,0,,
EN00131,PT0341,CH004,PRG04,Customer Support Excellence,Operations,Workforce Development,English,Hybrid,TR03,Johor,2025-01-20,2025-03-03,2025-01-01,Selangor,Shah Alam,45+,Male,Employed,Mobile,Low,Community partner,Employer requirement,0.6667,Watch,Completed,1,70.6,82.4,11.8,,,Not measured,0,,
EN00132,PT0521,CH004,PRG04,Customer Support Excellence,Operations,Workforce Development,English,Hybrid,TR03,Johor,2025-01-20,2025-03-03,2025-01-01,Penang,George Town,35-44,Female,Employed,Laptop/Desktop,High,Referral,Digital confidence,0.8333,On track,Completed,1,54.1,81.7,27.6,4.0,8.0,Not measured,0,,
EN00133,PT0350,CH004,PRG04,Customer Support Excellence,Operations,Workforce Development,English,Hybrid,TR03,Johor,2025-01-20,2025-03-03,2025-01-01,Selangor,Klang,35-44,Female,Job seeker,Mobile,Low,Community partner,Career growth,0.8333,On track,Completed,1,36.3,62.0,25.7,,,Not measured,0,,
EN00134,PT0416,CH004,PRG04,Customer Support Excellence,Operations,Workforce Development,English,Hybrid,TR03,Johor,2025-01-20,2025-03-03,2025-01-01,Selangor,Klang,35-44,Female,Job seeker,Mobile,Low,Referral,Digital confidence,0.8333,On track,Completed,1,36.9,72.3,35.4,4.0,7.0,Not measured,0,,
EN00135,PT0386,CH004,PRG04,Customer Support Excellence,Operations,Workforce Development,English,Hybrid,TR03,Johor,2025-01-20,2025-03-03,2025-01-01,Penang,Seberang Perai,25-34,Female,Student,Mobile,Low,Community partner,Career growth,0.1667,High risk,Dropped,0,50.6,69.6,19.0,3.0,5.0,Not measured,0,,
EN00136,PT0512,CH004,PRG04,Customer Support Excellence,Operations,Workforce Development,English,Hybrid,TR03,Johor,2025-01-20,2025-03-03,2025-01-01,Selangor,Petaling,35-44,Female,Job seeker,Laptop/Desktop,Medium,Employer,Digital confidence,1.0,On track,Completed,1,49.3,82.9,33.6,4.0,7.0,Not measured,0,,
EN00137,PT0524,CH004,PRG04,Customer Support Excellence,Operations,Workforce Development,English,Hybrid,TR03,Johor,2025-01-20,2025-03-03,2025-01-01,Kuala Lumpur,South,35-44,Female,Employed,Shared device,Medium,Referral,Career growth,0.8333,On track,Completed,1,50.4,80.7,30.3,4.0,6.0,Not measured,1,8.9,1.0
EN00138,PT0098,CH004,PRG04,Customer Support Excellence,Operations,Workforce Development,English,Hybrid,TR03,Johor,2025-01-20,2025-03-03,2025-01-01,Kuala Lumpur,South,18-24,Male,Job seeker,Mobile,Medium,Organic,Job search,1.0,On track,Completed,1,51.9,68.4,16.5,4.0,8.0,Not measured,1,49.4,0.0
EN00139,PT0212,CH004,PRG04,Customer Support Excellence,Operations,Workforce Development,English,Hybrid,TR03,Johor,2025-01-20,2025-03-03,2025-01-01,Penang,Seberang Perai,35-44,Female,Employed,Mobile,Medium,Organic,Employer requirement,0.3333,High risk,Dropped,0,33.5,50.0,16.5,4.0,8.0,Not measured,0,,
EN00140,PT0365,CH004,PRG04,Customer Support Excellence,Operations,Workforce Development,English,Hybrid,TR03,Johor,2025-01-20,2025-03-03,2025-01-01,Johor,Johor Bahru,25-34,Male,Self-employed,Mobile,Low,Referral,Career growth,0.6667,Watch,Completed,1,53.6,84.0,30.4,4.0,7.0,Not measured,1,42.3,1.0
EN00141,PT0231,CH004,PRG04,Customer Support Excellence,Operations,Workforce Development,English,Hybrid,TR03,Johor,2025-01-20,2025-03-03,2025-01-01,Kuala Lumpur,Central,18-24,Female,Self-employed,Laptop/Desktop,Low,Community partner,Digital confidence,0.6667,Watch,Completed,1,46.9,69.1,22.2,4.0,9.0,Not measured,1,14.0,1.0
EN00142,PT0398,CH004,PRG04,Customer Support Excellence,Operations,Workforce Development,English,Hybrid,TR03,Johor,2025-01-20,2025-03-03,2025-01-01,Sarawak,Miri,45+,Male,Job seeker,Mobile,High,Organic,Digital confidence,0.8333,On track,Completed,1,74.5,100.0,25.5,,,Not measured,0,,
EN00143,PT0495,CH004,PRG04,Customer Support Excellence,Operations,Workforce Development,English,Hybrid,TR03,Johor,2025-01-20,2025-03-03,2025-01-01,Kuala Lumpur,South,25-34,Male,Employed,Mobile,Medium,Community partner,Career growth,0.6667,Watch,Completed,1,43.3,61.8,18.5,,,Not measured,0,,
EN00144,PT0700,CH004,PRG04,Customer Support Excellence,Operations,Workforce Development,English,Hybrid,TR03,Johor,2025-01-20,2025-03-03,2025-01-01,Selangor,Petaling,25-34,Female,Self-employed,Mobile,Medium,Employer,Digital confidence,1.0,On track,Completed,1,51.8,80.1,28.3,,,Not measured,1,23.9,1.0
EN00145,PT0602,CH004,PRG04,Customer Support Excellence,Operations,Workforce Development,English,Hybrid,TR03,Johor,2025-01-20,2025-03-03,2025-01-01,Kuala Lumpur,Central,35-44,Male,Employed,Mobile,High,Employer,Job search,0.8333,On track,Dropped,0,81.1,100.0,18.9,5.0,10.0,Not measured,1,7.9,1.0
EN00146,PT0541,CH004,PRG04,Customer Support Excellence,Operations,Workforce Development,English,Hybrid,TR03,Johor,2025-01-20,2025-03-03,2025-01-01,Johor,Muar,25-34,Female,Job seeker,Mobile,Medium,Employer,Job search,1.0,On track,Completed,1,43.2,75.1,31.9,4.0,8.0,Not measured,0,,
EN00147,PT0021,CH004,PRG04,Customer Support Excellence,Operations,Workforce Development,English,Hybrid,TR03,Johor,2025-01-20,2025-03-03,2025-01-01,Penang,George Town,18-24,Male,Employed,Laptop/Desktop,Medium,Organic,Career growth,0.6667,Watch,Completed,1,66.7,88.9,22.2,4.0,8.0,Not measured,1,18.9,1.0
EN00148,PT0430,CH004,PRG04,Customer Support Excellence,Operations,Workforce Development,English,Hybrid,TR03,Johor,2025-01-20,2025-03-03,2025-01-01,Johor,Muar,35-44,Male,Job seeker,Mobile,Medium,Referral,Employer requirement,0.8333,On track,Completed,1,60.5,86.7,26.2,4.0,6.0,Not measured,1,20.2,1.0
EN00149,PT0456,CH004,PRG04,Customer Support Excellence,Operations,Workforce Development,English,Hybrid,TR03,Johor,2025-01-20,2025-03-03,2025-01-01,Kuala Lumpur,North,35-44,Female,Employed,Mobile,High,Referral,Job search,1.0,On track,Completed,1,47.6,76.3,28.7,,,Not measured,1,36.3,0.0
EN00150,PT0349,CH004,PRG04,Customer Support Excellence,Operations,Workforce Development,English,Hybrid,TR03,Johor,2025-01-20,2025-03-03,2025-01-01,Penang,George Town,25-34,Male,Self-employed,Laptop/Desktop,Medium,Employer,Career growth,0.6667,Watch,Completed,1,61.4,81.4,20.0,3.0,6.0,Not measured,0,,
EN00151,PT0486,CH005,PRG05,Financial Literacy,Business,Community Upskilling,Hindi,Virtual,TR12,Penang,2025-01-06,2025-02-10,2025-01-01,Sarawak,Miri,18-24,Male,Job seeker,Mobile,Low,Community partner,Job search,0.6,Watch,Completed,1,53.0,71.3,18.3,4.0,7.0,Not measured,0,,
EN00152,PT0026,CH005,PRG05,Financial Literacy,Business,Community Upskilling,Hindi,Virtual,TR12,Penang,2025-01-06,2025-02-10,2025-01-01,Sarawak,Miri,18-24,Female,Employed,Mobile,High,Employer,Digital confidence,0.8,On track,Dropped,0,65.3,98.7,33.4,4.0,6.0,Not measured,0,,
EN00153,PT0103,CH005,PRG05,Financial Literacy,Business,Community Upskilling,Hindi,Virtual,TR12,Penang,2025-01-06,2025-02-10,2025-01-01,Sabah,Sandakan,18-24,Female,Job seeker,Shared device,Medium,Organic,Career growth,0.4,High risk,Dropped,0,51.5,69.6,18.1,3.0,5.0,Not measured,0,,
EN00154,PT0342,CH005,PRG05,Financial Literacy,Business,Community Upskilling,Hindi,Virtual,TR12,Penang,2025-01-06,2025-02-10,2025-01-01,Kuala Lumpur,Central,18-24,Female,Job seeker,Laptop/Desktop,Low,Employer,Employer requirement,0.6,Watch,Completed,1,51.5,60.8,9.3,,,Not measured,1,4.2,1.0
EN00155,PT0735,CH005,PRG05,Financial Literacy,Business,Community Upskilling,Hindi,Virtual,TR12,Penang,2025-01-06,2025-02-10,2025-01-01,Johor,Muar,35-44,Male,Employed,Mobile,Medium,Community partner,Job search,0.8,On track,In progress / incomplete,0,75.4,94.7,19.3,,,Not measured,1,53.8,0.0
EN00156,PT0354,CH005,PRG05,Financial Literacy,Business,Community Upskilling,Hindi,Virtual,TR12,Penang,2025-01-06,2025-02-10,2025-01-01,Johor,Muar,18-24,Male,Job seeker,Shared device,High,Community partner,Digital confidence,0.8,On track,Completed,1,53.1,90.0,36.9,4.0,10.0,Not measured,0,,
EN00157,PT0599,CH005,PRG05,Financial Literacy,Business,Community Upskilling,Hindi,Virtual,TR12,Penang,2025-01-06,2025-02-10,2025-01-01,Selangor,Petaling,35-44,Female,Job seeker,Mobile,Medium,Community partner,Job search,1.0,On track,Completed,1,56.6,78.7,22.1,5.0,10.0,Not measured,1,48.3,0.0
EN00158,PT0705,CH005,PRG05,Financial Literacy,Business,Community Upskilling,Hindi,Virtual,TR12,Penang,2025-01-06,2025-02-10,2025-01-01,Kuala Lumpur,North,18-24,Male,Employed,Shared device,Medium,Organic,Career growth,0.6,Watch,In progress / incomplete,0,58.0,71.8,13.8,4.0,4.0,Not measured,0,,
EN00159,PT0188,CH005,PRG05,Financial Literacy,Business,Community Upskilling,Hindi,Virtual,TR12,Penang,2025-01-06,2025-02-10,2025-01-01,Kuala Lumpur,South,35-44,Female,Employed,Mobile,High,Community partner,Job search,0.8,On track,Dropped,0,74.1,99.7,25.6,4.0,6.0,Not measured,0,,
EN00160,PT0079,CH005,PRG05,Financial Literacy,Business,Community Upskilling,Hindi,Virtual,TR12,Penang,2025-01-06,2025-02-10,2025-01-01,Selangor,Petaling,25-34,Male,Self-employed,Laptop/Desktop,Medium,Community partner,Digital confidence,0.6,Watch,In progress / incomplete,0,57.1,82.3,25.2,4.0,7.0,Not measured,0,,
EN00161,PT0477,CH005,PRG05,Financial Literacy,Business,Community Upskilling,Hindi,Virtual,TR12,Penang,2025-01-06,2025-02-10,2025-01-01,Johor,Muar,25-34,Male,Employed,Mobile,High,Organic,Career growth,0.8,On track,Completed,1,56.8,77.2,20.4,,,Not measured,0,,
EN00162,PT0670,CH005,PRG05,Financial Literacy,Business,Community Upskilling,Hindi,Virtual,TR12,Penang,2025-01-06,2025-02-10,2025-01-01,Sabah,Sandakan,18-24,Female,Student,Laptop/Desktop,Medium,Community partner,Career growth,0.6,Watch,Completed,1,79.0,94.1,15.1,4.0,6.0,Not measured,0,,
EN00163,PT0421,CH005,PRG05,Financial Literacy,Business,Community Upskilling,Hindi,Virtual,TR12,Penang,2025-01-06,2025-02-10,2025-01-01,Selangor,Klang,18-24,Male,Self-employed,Laptop/Desktop,Medium,Employer,Career growth,0.6,Watch,Completed,1,35.7,60.2,24.5,3.0,9.0,Not measured,0,,
EN00164,PT0145,CH005,PRG05,Financial Literacy,Business,Community Upskilling,Hindi,Virtual,TR12,Penang,2025-01-06,2025-02-10,2025-01-01,Selangor,Shah Alam,25-34,Male,Student,Laptop/Desktop,Medium,Community partner,Job search,1.0,On track,Completed,1,58.3,79.5,21.2,4.0,8.0,Not measured,2,14.9,1.0
EN00165,PT0509,CH005,PRG05,Financial Literacy,Business,Community Upskilling,Hindi,Virtual,TR12,Penang,2025-01-06,2025-02-10,2025-01-01,Selangor,Shah Alam,25-34,Male,Job seeker,Mobile,Medium,Organic,Digital confidence,0.8,On track,Completed,1,49.6,62.1,12.5,4.0,6.0,Not measured,0,,
EN00166,PT0017,CH005,PRG05,Financial Literacy,Business,Community Upskilling,Hindi,Virtual,TR12,Penang,2025-01-06,2025-02-10,2025-01-01,Selangor,Klang,18-24,Female,Job seeker,Laptop/Desktop,Low,Organic,Career growth,0.4,High risk,Dropped,0,41.7,50.3,8.6,,,Not measured,1,21.1,1.0
EN00167,PT0221,CH005,PRG05,Financial Literacy,Business,Community Upskilling,Hindi,Virtual,TR12,Penang,2025-01-06,2025-02-10,2025-01-01,Selangor,Petaling,35-44,Male,Job seeker,Laptop/Desktop,Medium,Employer,Digital confidence,0.6,Watch,In progress / incomplete,0,53.0,71.3,18.3,4.0,7.0,Not measured,0,,
EN00168,PT0408,CH005,PRG05,Financial Literacy,Business,Community Upskilling,Hindi,Virtual,TR12,Penang,2025-01-06,2025-02-10,2025-01-01,Sabah,Sandakan,18-24,Female,Self-employed,Mobile,Medium,Community partner,Digital confidence,0.8,On track,Completed,1,70.9,99.0,28.1,5.0,10.0,Not measured,0,,
EN00169,PT0387,CH005,PRG05,Financial Literacy,Business,Community Upskilling,Hindi,Virtual,TR12,Penang,2025-01-06,2025-02-10,2025-01-01,Selangor,Petaling,25-34,Male,Self-employed,Laptop/Desktop,High,Employer,Career growth,0.8,On track,Completed,1,54.5,78.1,23.6,,,Not measured,1,8.4,1.0
EN00170,PT0472,CH005,PRG05,Financial Literacy,Business,Community Upskilling,Hindi,Virtual,TR12,Penang,2025-01-06,2025-02-10,2025-01-01,Sarawak,Miri,25-34,Female,Employed,Mobile,Medium,Community partner,Digital confidence,0.4,High risk,Completed,1,34.4,45.2,10.8,3.0,5.0,Not measured,0,,
EN00171,PT0736,CH005,PRG05,Financial Literacy,Business,Community Upskilling,Hindi,Virtual,TR12,Penang,2025-01-06,2025-02-10,2025-01-01,Kuala Lumpur,South,18-24,Female,Employed,Mobile,High,Referral,Digital confidence,0.4,High risk,Completed,1,85.4,100.0,14.6,,,Not measured,0,,
EN00172,PT0357,CH005,PRG05,Financial Literacy,Business,Community Upskilling,Hindi,Virtual,TR12,Penang,2025-01-06,2025-02-10,2025-01-01,Selangor,Shah Alam,45+,Female,Student,Mobile,High,Community partner,Digital confidence,1.0,On track,Completed,1,68.0,93.1,25.1,5.0,10.0,Not measured,0,,
EN00173,PT0111,CH005,PRG05,Financial Literacy,Business,Community Upskilling,Hindi,Virtual,TR12,Penang,2025-01-06,2025-02-10,2025-01-01,Kuala Lumpur,South,25-34,Male,Job seeker,Mobile,Medium,Referral,Job search,1.0,On track,Completed,1,56.1,76.2,20.1,5.0,10.0,Not measured,0,,
EN00174,PT0730,CH005,PRG05,Financial Literacy,Business,Community Upskilling,Hindi,Virtual,TR12,Penang,2025-01-06,2025-02-10,2025-01-01,Penang,Seberang Perai,45+,Male,Job seeker,Shared device,Medium,Referral,Career growth,0.4,High risk,Completed,1,49.9,74.7,24.8,,,Not measured,1,31.7,0.0
EN00175,PT0256,CH005,PRG05,Financial Literacy,Business,Community Upskilling,Hindi,Virtual,TR12,Penang,2025-01-06,2025-02-10,2025-01-01,Kuala Lumpur,North,25-34,Female,Employed,Mobile,Low,Organic,Digital confidence,0.4,High risk,In progress / incomplete,0,53.3,80.4,27.1,,,Not measured,1,36.6,1.0
EN00176,PT0455,CH005,PRG05,Financial Literacy,Business,Community Upskilling,Hindi,Virtual,TR12,Penang,2025-01-06,2025-02-10,2025-01-01,Selangor,Klang,18-24,Male,Job seeker,Mobile,Medium,Referral,Employer requirement,0.8,On track,Completed,1,55.8,87.7,31.9,4.0,7.0,Not measured,2,17.1,1.0
EN00177,PT0135,CH005,PRG05,Financial Literacy,Business,Community Upskilling,Hindi,Virtual,TR12,Penang,2025-01-06,2025-02-10,2025-01-01,Kuala Lumpur,South,25-34,Female,Self-employed,Mobile,High,Employer,Digital confidence,0.6,Watch,Completed,1,41.4,61.5,20.1,3.0,6.0,Not measured,0,,
EN00178,PT0484,CH005,PRG05,Financial Literacy,Business,Community Upskilling,Hindi,Virtual,TR12,Penang,2025-01-06,2025-02-10,2025-01-01,Selangor,Shah Alam,45+,Female,Student,Mobile,Medium,Referral,Career growth,0.8,On track,Completed,1,48.6,73.2,24.6,5.0,10.0,Not measured,0,,
EN00179,PT0129,CH005,PRG05,Financial Literacy,Business,Community Upskilling,Hindi,Virtual,TR12,Penang,2025-01-06,2025-02-10,2025-01-01,Kuala Lumpur,South,35-44,Male,Self-employed,Shared device,Low,Organic,Career growth,0.8,On track,Dropped,0,49.4,74.5,25.1,4.0,7.0,Not measured,2,17.2,0.5
EN00180,PT0128,CH005,PRG05,Financial Literacy,Business,Community Upskilling,Hindi,Virtual,TR12,Penang,2025-01-06,2025-02-10,2025-01-01,Kuala Lumpur,North,35-44,Male,Job seeker,Mobile,Medium,Organic,Job search,0.6,Watch,In progress / incomplete,0,55.6,84.5,28.9,4.0,5.0,Not measured,0,,
EN00181,PT0565,CH005,PRG05,Financial Literacy,Business,Community Upskilling,Hindi,Virtual,TR12,Penang,2025-01-06,2025-02-10,2025-01-01,Penang,Seberang Perai,35-44,Male,Student,Mobile,High,Organic,Employer requirement,1.0,On track,Completed,1,55.1,73.7,18.6,5.0,9.0,Not measured,1,18.9,1.0
EN00182,PT0713,CH005,PRG05,Financial Literacy,Business,Community Upskilling,Hindi,Virtual,TR12,Penang,2025-01-06,2025-02-10,2025-01-01,Sarawak,Miri,25-34,Male,Job seeker,Mobile,Medium,Community partner,Career growth,1.0,On track,Completed,1,55.2,93.8,38.6,5.0,8.0,Not measured,0,,
EN00183,PT0360,CH005,PRG05,Financial Literacy,Business,Community Upskilling,Hindi,Virtual,TR12,Penang,2025-01-06,2025-02-10,2025-01-01,Kuala Lumpur,South,35-44,Male,Job seeker,Mobile,Low,Community partner,Career growth,0.6,Watch,Dropped,0,52.9,72.8,19.9,5.0,9.0,Not measured,0,,
EN00184,PT0625,CH005,PRG05,Financial Literacy,Business,Community Upskilling,Hindi,Virtual,TR12,Penang,2025-01-06,2025-02-10,2025-01-01,Sabah,Kota Kinabalu,25-34,Female,Job seeker,Mobile,Medium,Employer,Job search,0.6,Watch,Completed,1,59.3,74.6,15.3,3.0,5.0,Not measured,1,27.7,0.0
EN00185,PT0664,CH005,PRG05,Financial Literacy,Business,Community Upskilling,Hindi,Virtual,TR12,Penang,2025-01-06,2025-02-10,2025-01-01,Selangor,Klang,18-24,Female,Employed,Mobile,Medium,Community partner,Career growth,0.6,Watch,Completed,1,50.2,77.3,27.1,3.0,5.0,Not measured,1,24.8,0.0
EN00186,PT0390,CH005,PRG05,Financial Literacy,Business,Community Upskilling,Hindi,Virtual,TR12,Penang,2025-01-06,2025-02-10,2025-01-01,Penang,George Town,25-34,Female,Employed,Laptop/Desktop,High,Organic,Employer requirement,0.8,On track,Completed,1,61.7,91.0,29.3,4.0,9.0,Not measured,0,,
EN00187,PT0089,CH005,PRG05,Financial Literacy,Business,Community Upskilling,Hindi,Virtual,TR12,Penang,2025-01-06,2025-02-10,2025-01-01,Selangor,Klang,18-24,Male,Employed,Laptop/Desktop,Medium,Referral,Career growth,1.0,On track,Dropped,0,64.5,95.2,30.7,4.0,8.0,Not measured,0,,
EN00188,PT0501,CH005,PRG05,Financial Literacy,Business,Community Upskilling,Hindi,Virtual,TR12,Penang,2025-01-06,2025-02-10,2025-01-01,Sarawak,Miri,45+,Female,Student,Laptop/Desktop,High,Employer,Career growth,1.0,On track,Completed,1,61.6,85.9,24.3,,,Not measured,1,68.5,0.0
EN00189,PT0143,CH005,PRG05,Financial Literacy,Business,Community Upskilling,Hindi,Virtual,TR12,Penang,2025-01-06,2025-02-10,2025-01-01,Sabah,Sandakan,35-44,Male,Employed,Laptop/Desktop,Medium,Organic,Job search,1.0,On track,Dropped,0,50.7,75.9,25.2,4.0,10.0,Not measured,1,43.8,1.0
EN00190,PT0138,CH005,PRG05,Financial Literacy,Business,Community Upskilling,Hindi,Virtual,TR12,Penang,2025-01-06,2025-02-10,2025-01-01,Kuala Lumpur,North,25-34,Female,Employed,Laptop/Desktop,Medium,Community partner,Employer requirement,1.0,On track,Completed,1,77.4,100.0,22.6,,,Not measured,1,33.3,0.0
EN00191,PT0441,CH006,PRG06,Project Delivery Fundamentals,Operations,Workforce Development,English,Virtual,TR01,Johor,2025-01-06,2025-03-03,2025-01-01,Johor,Johor Bahru,25-34,Female,Self-employed,Laptop/Desktop,Medium,Referral,Job search,1.0,On track,Completed,1,57.0,87.8,30.8,5.0,9.0,Not measured,0,,
EN00192,PT0363,CH006,PRG06,Project Delivery Fundamentals,Operations,Workforce Development,English,Virtual,TR01,Johor,2025-01-06,2025-03-03,2025-01-01,Selangor,Klang,35-44,Male,Job seeker,Laptop/Desktop,Medium,Organic,Digital confidence,0.375,High risk,Dropped,0,42.8,54.2,11.4,3.0,4.0,Not measured,1,21.9,1.0
EN00193,PT0482,CH006,PRG06,Project Delivery Fundamentals,Operations,Workforce Development,English,Virtual,TR01,Johor,2025-01-06,2025-03-03,2025-01-01,Johor,Muar,35-44,Female,Employed,Mobile,Medium,Employer,Digital confidence,0.75,On track,Completed,1,45.7,67.2,21.5,4.0,8.0,Not measured,1,10.9,1.0
EN00194,PT0149,CH006,PRG06,Project Delivery Fundamentals,Operations,Workforce Development,English,Virtual,TR01,Johor,2025-01-06,2025-03-03,2025-01-01,Selangor,Klang,35-44,Male,Student,Mobile,Medium,Employer,Career growth,0.875,On track,Completed,1,37.7,66.5,28.8,,,Not measured,0,,
EN00195,PT0399,CH006,PRG06,Project Delivery Fundamentals,Operations,Workforce Development,English,Virtual,TR01,Johor,2025-01-06,2025-03-03,2025-01-01,Kuala Lumpur,North,45+,Female,Employed,Mobile,Low,Employer,Digital confidence,0.625,Watch,In progress / incomplete,0,52.8,77.9,25.1,4.0,7.0,Not measured,0,,
EN00196,PT0234,CH006,PRG06,Project Delivery Fundamentals,Operations,Workforce Development,English,Virtual,TR01,Johor,2025-01-06,2025-03-03,2025-01-01,Johor,Johor Bahru,35-44,Female,Job seeker,Laptop/Desktop,Low,Organic,Career growth,0.875,On track,Completed,1,40.5,62.3,21.8,,,Not measured,1,33.6,1.0
EN00197,PT0579,CH006,PRG06,Project Delivery Fundamentals,Operations,Workforce Development,English,Virtual,TR01,Johor,2025-01-06,2025-03-03,2025-01-01,Selangor,Shah Alam,25-34,Female,Job seeker,Mobile,Medium,Referral,Digital confidence,0.5,Watch,Completed,1,74.3,96.0,21.7,4.0,8.0,Not measured,1,23.2,1.0
EN00198,PT0406,CH006,PRG06,Project Delivery Fundamentals,Operations,Workforce Development,English,Virtual,TR01,Johor,2025-01-06,2025-03-03,2025-01-01,Selangor,Shah Alam,45+,Male,Job seeker,Mobile,Low,Employer,Digital confidence,0.875,On track,Completed,1,48.3,75.9,27.6,4.0,6.0,Not measured,1,6.4,1.0
EN00199,PT0507,CH006,PRG06,Project Delivery Fundamentals,Operations,Workforce Development,English,Virtual,TR01,Johor,2025-01-06,2025-03-03,2025-01-01,Penang,George Town,35-44,Male,Employed,Shared device,Medium,Organic,Employer requirement,0.875,On track,Completed,1,69.7,95.5,25.8,5.0,10.0,Not measured,0,,
EN00200,PT0708,CH006,PRG06,Project Delivery Fundamentals,Operations,Workforce Development,English,Virtual,TR01,Johor,2025-01-06,2025-03-03,2025-01-01,Kuala Lumpur,Central,25-34,Female,Student,Mobile,High,Community partner,Career growth,0.875,On track,Completed,1,64.7,87.1,22.4,4.0,8.0,Not measured,0,,
EN00201,PT0607,CH006,PRG06,Project Delivery Fundamentals,Operations,Workforce Development,English,Virtual,TR01,Johor,2025-01-06,2025-03-03,2025-01-01,Selangor,Shah Alam,25-34,Female,Employed,Shared device,Medium,Community partner,Career growth,0.25,High risk,Completed,1,57.8,73.1,15.3,2.0,1.0,Not measured,1,118.9,0.0
EN00202,PT0746,CH006,PRG06,Project Delivery Fundamentals,Operations,Workforce Development,English,Virtual,TR01,Johor,2025-01-06,2025-03-03,2025-01-01,Johor,Johor Bahru,25-34,Female,Job seeker,Laptop/Desktop,Low,Referral,Career growth,0.75,On track,Completed,1,46.3,67.0,20.7,4.0,8.0,Not measured,0,,
EN00203,PT0464,CH006,PRG06,Project Delivery Fundamentals,Operations,Workforce Development,English,Virtual,TR01,Johor,2025-01-06,2025-03-03,2025-01-01,Johor,Johor Bahru,35-44,Female,Student,Mobile,Medium,Community partner,Career growth,0.875,On track,Completed,1,39.6,59.9,20.3,5.0,10.0,Not measured,0,,
EN00204,PT0444,CH006,PRG06,Project Delivery Fundamentals,Operations,Workforce Development,English,Virtual,TR01,Johor,2025-01-06,2025-03-03,2025-01-01,Selangor,Shah Alam,45+,Male,Self-employed,Laptop/Desktop,Medium,Community partner,Digital confidence,0.75,On track,Completed,1,64.7,84.2,19.5,,,Not measured,2,29.0,1.0
EN00205,PT0202,CH006,PRG06,Project Delivery Fundamentals,Operations,Workforce Development,English,Virtual,TR01,Johor,2025-01-06,2025-03-03,2025-01-01,Sarawak,Miri,18-24,Female,Student,Mobile,Medium,Community partner,Employer requirement,0.5,Watch,In progress / incomplete,0,56.9,56.0,-0.9,3.0,6.0,Not measured,1,3.4,1.0
EN00206,PT0693,CH006,PRG06,Project Delivery Fundamentals,Operations,Workforce Development,English,Virtual,TR01,Johor,2025-01-06,2025-03-03,2025-01-01,Sarawak,Miri,25-34,Male,Employed,Mobile,Medium,Organic,Job search,0.875,On track,Completed,1,56.8,73.0,16.2,4.0,6.0,Not measured,0,,
EN00207,PT0623,CH006,PRG06,Project Delivery Fundamentals,Operations,Workforce Development,English,Virtual,TR01,Johor,2025-01-06,2025-03-03,2025-01-01,Penang,George Town,25-34,Male,Job seeker,Mobile,Medium,Organic,Employer requirement,0.875,On track,Completed,1,41.3,66.6,25.3,5.0,10.0,Not measured,0,,
EN00208,PT0225,CH006,PRG06,Project Delivery Fundamentals,Operations,Workforce Development,English,Virtual,TR01,Johor,2025-01-06,2025-03-03,2025-01-01,Sabah,Kota Kinabalu,18-24,Male,Job seeker,Mobile,High,Referral,Employer requirement,0.875,On track,Completed,1,75.9,96.7,20.8,5.0,10.0,Not measured,1,11.1,1.0
EN00209,PT0565,CH006,PRG06,Project Delivery Fundamentals,Operations,Workforce Development,English,Virtual,TR01,Johor,2025-01-06,2025-03-03,2025-01-01,Penang,Seberang Perai,35-44,Male,Student,Mobile,High,Referral,Job search,1.0,On track,Completed,1,69.2,93.4,24.2,3.0,7.0,Not measured,0,,
EN00210,PT0256,CH006,PRG06,Project Delivery Fundamentals,Operations,Workforce Development,English,Virtual,TR01,Johor,2025-01-06,2025-03-03,2025-01-01,Kuala Lumpur,North,25-34,Female,Employed,Mobile,Low,Organic,Digital confidence,0.625,Watch,In progress / incomplete,0,37.8,60.7,22.9,3.0,3.0,Not measured,0,,
EN00211,PT0137,CH006,PRG06,Project Delivery Fundamentals,Operations,Workforce Development,English,Virtual,TR01,Johor,2025-01-06,2025-03-03,2025-01-01,Sarawak,Miri,35-44,Non-binary / Prefer not to say,Student,Mobile,Low,Employer,Digital confidence,0.5,Watch,Completed,1,55.8,83.4,27.6,3.0,4.0,Not measured,0,,
EN00212,PT0695,CH006,PRG06,Project Delivery Fundamentals,Operations,Workforce Development,English,Virtual,TR01,Johor,2025-01-06,2025-03-03,2025-01-01,Kuala Lumpur,Central,45+,Female,Job seeker,Laptop/Desktop,High,Organic,Job search,0.75,On track,In progress / incomplete,0,61.3,78.2,16.9,5.0,10.0,Not measured,0,,
EN00213,PT0369,CH006,PRG06,Project Delivery Fundamentals,Operations,Workforce Development,English,Virtual,TR01,Johor,2025-01-06,2025-03-03,2025-01-01,Kuala Lumpur,North,35-44,Female,Job seeker,Laptop/Desktop,Medium,Community partner,Career growth,1.0,On track,Completed,1,47.7,74.8,27.1,5.0,10.0,Not measured,0,,
EN00214,PT0275,CH006,PRG06,Project Delivery Fundamentals,Operations,Workforce Development,English,Virtual,TR01,Johor,2025-01-06,2025-03-03,2025-01-01,Kuala Lumpur,North,25-34,Female,Employed,Shared device,High,Community partner,Career growth,0.875,On track,Dropped,0,64.3,82.9,18.6,5.0,10.0,Not measured,1,37.7,1.0
EN00215,PT0356,CH006,PRG06,Project Delivery Fundamentals,Operations,Workforce Development,English,Virtual,TR01,Johor,2025-01-06,2025-03-03,2025-01-01,Sarawak,Miri,25-34,Male,Employed,Mobile,Medium,Community partner,Job search,0.625,Watch,Completed,1,53.9,69.4,15.5,4.0,8.0,Not measured,1,30.6,1.0
EN00216,PT0170,CH006,PRG06,Project Delivery Fundamentals,Operations,Workforce Development,English,Virtual,TR01,Johor,2025-01-06,2025-03-03,2025-01-01,Penang,George Town,35-44,Male,Job seeker,Mobile,Medium,Referral,Career growth,0.875,On track,Completed,1,57.0,81.2,24.2,,,Not measured,0,,
EN00217,PT0592,CH006,PRG06,Project Delivery Fundamentals,Operations,Workforce Development,English,Virtual,TR01,Johor,2025-01-06,2025-03-03,2025-01-01,Kuala Lumpur,South,45+,Male,Employed,Mobile,High,Employer,Job search,0.75,On track,Completed,1,60.2,92.9,32.7,,,Not measured,1,18.8,1.0
EN00218,PT0572,CH006,PRG06,Project Delivery Fundamentals,Operations,Workforce Development,English,Virtual,TR01,Johor,2025-01-06,2025-03-03,2025-01-01,Kuala Lumpur,Central,35-44,Female,Student,Shared device,High,Referral,Digital confidence,0.875,On track,Completed,1,51.1,75.8,24.7,4.0,8.0,Not measured,1,16.1,1.0
EN00219,PT0023,CH006,PRG06,Project Delivery Fundamentals,Operations,Workforce Development,English,Virtual,TR01,Johor,2025-01-06,2025-03-03,2025-01-01,Sabah,Kota Kinabalu,35-44,Female,Employed,Laptop/Desktop,High,Community partner,Employer requirement,0.75,On track,Completed,1,49.1,68.0,18.9,5.0,7.0,Not measured,0,,
EN00220,PT0660,CH006,PRG06,Project Delivery Fundamentals,Operations,Workforce Development,English,Virtual,TR01,Johor,2025-01-06,2025-03-03,2025-01-01,Sarawak,Kuching,45+,Female,Employed,Mobile,High,Employer,Career growth,0.75,On track,In progress / incomplete,0,43.2,70.6,27.4,4.0,7.0,Not measured,0,,
EN00221,PT0747,CH006,PRG06,Project Delivery Fundamentals,Operations,Workforce Development,English,Virtual,TR01,Johor,2025-01-06,2025-03-03,2025-01-01,Sabah,Sandakan,18-24,Male,Employed,Laptop/Desktop,High,Community partner,Digital confidence,1.0,On track,Completed,1,59.3,75.5,16.2,4.0,7.0,Not measured,0,,
EN00222,PT0652,CH006,PRG06,Project Delivery Fundamentals,Operations,Workforce Development,English,Virtual,TR01,Johor,2025-01-06,2025-03-03,2025-01-01,Penang,Seberang Perai,25-34,Male,Job seeker,Mobile,High,Organic,Digital confidence,1.0,On track,Completed,1,55.5,86.1,30.6,5.0,10.0,Not measured,0,,
EN00223,PT0303,CH006,PRG06,Project Delivery Fundamentals,Operations,Workforce Development,English,Virtual,TR01,Johor,2025-01-06,2025-03-03,2025-01-01,Kuala Lumpur,Central,35-44,Female,Employed,Shared device,Low,Community partner,Job search,0.625,Watch,Completed,1,49.3,70.4,21.1,4.0,6.0,Not measured,1,9.1,1.0
EN00224,PT0386,CH006,PRG06,Project Delivery Fundamentals,Operations,Workforce Development,English,Virtual,TR01,Johor,2025-01-06,2025-03-03,2025-01-01,Penang,Seberang Perai,25-34,Female,Student,Mobile,Low,Community partner,Job search,0.75,On track,In progress / incomplete,0,56.7,89.6,32.9,4.0,7.0,Not measured,1,45.4,1.0
EN00225,PT0458,CH006,PRG06,Project Delivery Fundamentals,Operations,Workforce Development,English,Virtual,TR01,Johor,2025-01-06,2025-03-03,2025-01-01,Sarawak,Miri,25-34,Male,Self-employed,Mobile,Low,Community partner,Digital confidence,0.875,On track,Completed,1,43.8,76.3,32.5,5.0,10.0,Not measured,1,5.7,1.0
EN00226,PT0552,CH006,PRG06,Project Delivery Fundamentals,Operations,Workforce Development,English,Virtual,TR01,Johor,2025-01-06,2025-03-03,2025-01-01,Johor,Muar,25-34,Male,Employed,Laptop/Desktop,Low,Organic,Job search,1.0,On track,Completed,1,45.0,73.1,28.1,5.0,9.0,Not measured,0,,
EN00227,PT0417,CH006,PRG06,Project Delivery Fundamentals,Operations,Workforce Development,English,Virtual,TR01,Johor,2025-01-06,2025-03-03,2025-01-01,Selangor,Klang,45+,Female,Job seeker,Mobile,Medium,Community partner,Job search,0.875,On track,Completed,1,48.3,67.7,19.4,4.0,8.0,Not measured,1,35.8,1.0
EN00228,PT0709,CH006,PRG06,Project Delivery Fundamentals,Operations,Workforce Development,English,Virtual,TR01,Johor,2025-01-06,2025-03-03,2025-01-01,Penang,Seberang Perai,35-44,Male,Job seeker,Mobile,Medium,Organic,Job search,0.875,On track,In progress / incomplete,0,53.9,87.6,33.7,,,Not measured,0,,
EN00229,PT0706,CH007,PRG01,Data Foundations,Data & Digital,Career Transition,English,Virtual,TR10,Penang,2025-02-17,2025-04-14,2025-02-01,Sabah,Kota Kinabalu,35-44,Female,Job seeker,Mobile,Low,Employer,Job search,0.375,High risk,Dropped,0,35.7,58.4,22.7,,,Not measured,0,,
EN00230,PT0773,CH007,PRG01,Data Foundations,Data & Digital,Career Transition,English,Virtual,TR10,Penang,2025-02-17,2025-04-14,2025-02-01,Selangor,Klang,18-24,Female,Employed,Mobile,Medium,Community partner,Employer requirement,0.875,On track,Completed,1,45.1,64.5,19.4,3.0,7.0,No change reported,0,,
EN00231,PT0274,CH007,PRG01,Data Foundations,Data & Digital,Career Transition,English,Virtual,TR10,Penang,2025-02-17,2025-04-14,2025-02-01,Johor,Muar,35-44,Female,Employed,Mobile,High,Organic,Job search,0.875,On track,Completed,1,66.6,93.2,26.6,,,New role,0,,
EN00232,PT0739,CH007,PRG01,Data Foundations,Data & Digital,Career Transition,English,Virtual,TR10,Penang,2025-02-17,2025-04-14,2025-02-01,Selangor,Petaling,35-44,Female,Employed,Laptop/Desktop,Medium,Community partner,Job search,1.0,On track,Completed,1,52.0,80.3,28.3,4.0,10.0,New role,0,,
EN00233,PT0147,CH007,PRG01,Data Foundations,Data & Digital,Career Transition,English,Virtual,TR10,Penang,2025-02-17,2025-04-14,2025-02-01,Sabah,Sandakan,35-44,Female,Employed,Laptop/Desktop,Medium,Community partner,Employer requirement,0.375,High risk,In progress / incomplete,0,49.9,63.7,13.8,,,Not measured,0,,
EN00234,PT0386,CH007,PRG01,Data Foundations,Data & Digital,Career Transition,English,Virtual,TR10,Penang,2025-02-17,2025-04-14,2025-02-01,Penang,Seberang Perai,25-34,Female,Student,Mobile,Low,Community partner,Job search,0.375,High risk,Completed,1,60.5,79.8,19.3,3.0,6.0,No change reported,0,,
EN00235,PT0388,CH007,PRG01,Data Foundations,Data & Digital,Career Transition,English,Virtual,TR10,Penang,2025-02-17,2025-04-14,2025-02-01,Johor,Johor Bahru,35-44,Male,Student,Laptop/Desktop,Medium,Organic,Career growth,0.75,On track,Completed,1,75.2,94.2,19.0,4.0,8.0,No change reported,0,,
EN00236,PT0553,CH007,PRG01,Data Foundations,Data & Digital,Career Transition,English,Virtual,TR10,Penang,2025-02-17,2025-04-14,2025-02-01,Sarawak,Miri,25-34,Male,Employed,Laptop/Desktop,Low,Employer,Career growth,0.75,On track,Completed,1,49.7,82.5,32.8,3.0,5.0,No change reported,0,,
EN00237,PT0408,CH007,PRG01,Data Foundations,Data & Digital,Career Transition,English,Virtual,TR10,Penang,2025-02-17,2025-04-14,2025-02-01,Sabah,Sandakan,18-24,Female,Self-employed,Mobile,Medium,Community partner,Career growth,0.875,On track,Completed,1,34.9,55.1,20.2,4.0,6.0,No change reported,1,38.1,1.0
EN00238,PT0561,CH007,PRG01,Data Foundations,Data & Digital,Career Transition,English,Virtual,TR10,Penang,2025-02-17,2025-04-14,2025-02-01,Sarawak,Kuching,35-44,Female,Employed,Mobile,Medium,Organic,Career growth,0.5,Watch,Completed,1,45.0,70.0,25.0,3.0,7.0,No change reported,0,,
EN00239,PT0043,CH007,PRG01,Data Foundations,Data & Digital,Career Transition,English,Virtual,TR10,Penang,2025-02-17,2025-04-14,2025-02-01,Selangor,Petaling,18-24,Female,Employed,Mobile,High,Organic,Job search,0.875,On track,Completed,1,55.4,83.3,27.9,,,No change reported,1,31.1,0.0
EN00240,PT0370,CH007,PRG01,Data Foundations,Data & Digital,Career Transition,English,Virtual,TR10,Penang,2025-02-17,2025-04-14,2025-02-01,Kuala Lumpur,South,45+,Male,Job seeker,Laptop/Desktop,High,Employer,Career growth,0.75,On track,Completed,1,61.8,81.6,19.8,,,No change reported,0,,
EN00241,PT0531,CH007,PRG01,Data Foundations,Data & Digital,Career Transition,English,Virtual,TR10,Penang,2025-02-17,2025-04-14,2025-02-01,Kuala Lumpur,Central,25-34,Male,Employed,Mobile,Medium,Community partner,Career growth,0.75,On track,Completed,1,57.4,80.5,23.1,,,Interview secured,0,,
EN00242,PT0403,CH007,PRG01,Data Foundations,Data & Digital,Career Transition,English,Virtual,TR10,Penang,2025-02-17,2025-04-14,2025-02-01,Kuala Lumpur,Central,35-44,Female,Student,Mobile,Medium,Community partner,Employer requirement,0.75,On track,Completed,1,50.1,62.0,11.9,5.0,9.0,New role,2,15.0,1.0
EN00243,PT0715,CH007,PRG01,Data Foundations,Data & Digital,Career Transition,English,Virtual,TR10,Penang,2025-02-17,2025-04-14,2025-02-01,Penang,Seberang Perai,25-34,Female,Job seeker,Mobile,High,Organic,Employer requirement,0.625,Watch,Completed,1,44.9,67.8,22.9,4.0,7.0,No change reported,0,,
EN00244,PT0438,CH007,PRG01,Data Foundations,Data & Digital,Career Transition,English,Virtual,TR10,Penang,2025-02-17,2025-04-14,2025-02-01,Sabah,Sandakan,25-34,Male,Job seeker,Laptop/Desktop,Medium,Employer,Career growth,0.625,Watch,Completed,1,46.0,65.0,19.0,4.0,8.0,No change reported,0,,
EN00245,PT0225,CH007,PRG01,Data Foundations,Data & Digital,Career Transition,English,Virtual,TR10,Penang,2025-02-17,2025-04-14,2025-02-01,Sabah,Kota Kinabalu,18-24,Male,Job seeker,Mobile,High,Employer,Career growth,0.875,On track,Completed,1,33.7,49.3,15.6,,,No change reported,1,13.8,1.0
EN00246,PT0224,CH007,PRG01,Data Foundations,Data & Digital,Career Transition,English,Virtual,TR10,Penang,2025-02-17,2025-04-14,2025-02-01,Sarawak,Kuching,18-24,Female,Self-employed,Laptop/Desktop,High,Organic,Digital confidence,0.875,On track,Completed,1,37.8,54.8,17.0,4.0,8.0,No change reported,0,,
EN00247,PT0769,CH007,PRG01,Data Foundations,Data & Digital,Career Transition,English,Virtual,TR10,Penang,2025-02-17,2025-04-14,2025-02-01,Selangor,Klang,35-44,Male,Employed,Shared device,Medium,Community partner,Career growth,0.75,On track,Completed,1,61.1,85.5,24.4,3.0,8.0,Interview secured,0,,
EN00248,PT0328,CH007,PRG01,Data Foundations,Data & Digital,Career Transition,English,Virtual,TR10,Penang,2025-02-17,2025-04-14,2025-02-01,Penang,George Town,25-34,Female,Job seeker,Laptop/Desktop,Medium,Organic,Job search,0.625,Watch,Dropped,0,43.2,49.7,6.5,,,Not measured,1,33.8,1.0
EN00249,PT0599,CH007,PRG01,Data Foundations,Data & Digital,Career Transition,English,Virtual,TR10,Penang,2025-02-17,2025-04-14,2025-02-01,Selangor,Petaling,35-44,Female,Job seeker,Mobile,Medium,Community partner,Job search,0.875,On track,Completed,1,62.2,81.0,18.8,4.0,5.0,No change reported,0,,
EN00250,PT0109,CH007,PRG01,Data Foundations,Data & Digital,Career Transition,English,Virtual,TR10,Penang,2025-02-17,2025-04-14,2025-02-01,Kuala Lumpur,South,25-34,Male,Employed,Mobile,Low,Organic,Digital confidence,0.625,Watch,Dropped,0,64.6,75.7,11.1,4.0,8.0,Not measured,0,,
EN00251,PT0342,CH007,PRG01,Data Foundations,Data & Digital,Career Transition,English,Virtual,TR10,Penang,2025-02-17,2025-04-14,2025-02-01,Kuala Lumpur,Central,18-24,Female,Job seeker,Laptop/Desktop,Low,Community partner,Job search,0.875,On track,Completed,1,80.1,100.0,19.9,5.0,10.0,New role,0,,
EN00252,PT0319,CH007,PRG01,Data Foundations,Data & Digital,Career Transition,English,Virtual,TR10,Penang,2025-02-17,2025-04-14,2025-02-01,Penang,Seberang Perai,35-44,Female,Student,Mobile,Low,Community partner,Job search,0.625,Watch,Completed,1,47.3,69.0,21.7,,,Interview secured,2,18.6,1.0
EN00253,PT0479,CH007,PRG01,Data Foundations,Data & Digital,Career Transition,English,Virtual,TR10,Penang,2025-02-17,2025-04-14,2025-02-01,Sabah,Kota Kinabalu,25-34,Female,Job seeker,Mobile,Medium,Organic,Career growth,0.75,On track,Completed,1,45.7,62.2,16.5,,,No change reported,0,,
EN00254,PT0001,CH007,PRG01,Data Foundations,Data & Digital,Career Transition,English,Virtual,TR10,Penang,2025-02-17,2025-04-14,2025-02-01,Kuala Lumpur,North,35-44,Non-binary / Prefer not to say,Job seeker,Laptop/Desktop,Low,Community partner,Employer requirement,0.75,On track,Completed,1,48.6,70.8,22.2,4.0,7.0,Interview secured,3,21.7,1.0
EN00255,PT0346,CH007,PRG01,Data Foundations,Data & Digital,Career Transition,English,Virtual,TR10,Penang,2025-02-17,2025-04-14,2025-02-01,Johor,Muar,18-24,Male,Self-employed,Laptop/Desktop,High,Employer,Job search,1.0,On track,Completed,1,49.3,82.9,33.6,,,No change reported,1,11.2,1.0
EN00256,PT0745,CH007,PRG01,Data Foundations,Data & Digital,Career Transition,English,Virtual,TR10,Penang,2025-02-17,2025-04-14,2025-02-01,Penang,Seberang Perai,45+,Female,Student,Laptop/Desktop,High,Organic,Digital confidence,1.0,On track,Completed,1,48.3,69.8,21.5,,,No change reported,2,14.1,1.0
EN00257,PT0557,CH007,PRG01,Data Foundations,Data & Digital,Career Transition,English,Virtual,TR10,Penang,2025-02-17,2025-04-14,2025-02-01,Sarawak,Kuching,45+,Female,Employed,Laptop/Desktop,Medium,Community partner,Job search,0.875,On track,Completed,1,75.4,94.3,18.9,5.0,10.0,Interview secured,0,,
EN00258,PT0395,CH007,PRG01,Data Foundations,Data & Digital,Career Transition,English,Virtual,TR10,Penang,2025-02-17,2025-04-14,2025-02-01,Kuala Lumpur,North,35-44,Male,Job seeker,Mobile,Low,Referral,Employer requirement,0.625,Watch,In progress / incomplete,0,37.3,58.3,21.0,3.0,6.0,Not measured,0,,
EN00259,PT0104,CH007,PRG01,Data Foundations,Data & Digital,Career Transition,English,Virtual,TR10,Penang,2025-02-17,2025-04-14,2025-02-01,Selangor,Shah Alam,25-34,Male,Employed,Shared device,Medium,Employer,Job search,0.5,Watch,In progress / incomplete,0,65.2,86.7,21.5,,,Not measured,0,,
EN00260,PT0433,CH007,PRG01,Data Foundations,Data & Digital,Career Transition,English,Virtual,TR10,Penang,2025-02-17,2025-04-14,2025-02-01,Selangor,Petaling,25-34,Male,Employed,Laptop/Desktop,Medium,Community partner,Career growth,0.625,Watch,Dropped,0,60.0,82.6,22.6,,,Not measured,0,,
EN00261,PT0704,CH007,PRG01,Data Foundations,Data & Digital,Career Transition,English,Virtual,TR10,Penang,2025-02-17,2025-04-14,2025-02-01,Kuala Lumpur,Central,35-44,Female,Employed,Mobile,Medium,Organic,Job search,0.5,Watch,Dropped,0,42.5,57.6,15.1,3.0,6.0,Not measured,0,,
EN00262,PT0406,CH007,PRG01,Data Foundations,Data & Digital,Career Transition,English,Virtual,TR10,Penang,2025-02-17,2025-04-14,2025-02-01,Selangor,Shah Alam,45+,Male,Job seeker,Mobile,Low,Organic,Employer requirement,0.625,Watch,Completed,1,56.8,70.6,13.8,3.0,4.0,No change reported,0,,
EN00263,PT0215,CH007,PRG01,Data Foundations,Data & Digital,Career Transition,English,Virtual,TR10,Penang,2025-02-17,2025-04-14,2025-02-01,Johor,Muar,25-34,Female,Self-employed,Laptop/Desktop,High,Community partner,Employer requirement,1.0,On track,Completed,1,59.1,89.2,30.1,,,No change reported,0,,
EN00264,PT0567,CH008,PRG02,Business Analytics Essentials,Data & Digital,Career Transition,English,Virtual,TR03,Selangor,2025-02-10,2025-04-21,2025-02-01,Selangor,Petaling,25-34,Female,Employed,Laptop/Desktop,Medium,Community partner,Digital confidence,1.0,On track,Completed,1,54.9,83.0,28.1,,,Interview secured,0,,
EN00265,PT0270,CH008,PRG02,Business Analytics Essentials,Data & Digital,Career Transition,English,Virtual,TR03,Selangor,2025-02-10,2025-04-21,2025-02-01,Sabah,Sandakan,18-24,Female,Job seeker,Mobile,High,Community partner,Career growth,0.5,Watch,Dropped,0,50.8,75.7,24.9,,,Not measured,1,22.4,1.0
EN00266,PT0479,CH008,PRG02,Business Analytics Essentials,Data & Digital,Career Transition,English,Virtual,TR03,Selangor,2025-02-10,2025-04-21,2025-02-01,Sabah,Kota Kinabalu,25-34,Female,Job seeker,Mobile,Medium,Community partner,Digital confidence,0.8,On track,Completed,1,55.3,86.5,31.2,5.0,10.0,Interview secured,0,,
EN00267,PT0324,CH008,PRG02,Business Analytics Essentials,Data & Digital,Career Transition,English,Virtual,TR03,Selangor,2025-02-10,2025-04-21,2025-02-01,Selangor,Petaling,25-34,Female,Student,Mobile,Medium,Community partner,Job search,0.8,On track,Completed,1,45.4,62.5,17.1,4.0,9.0,No change reported,0,,
EN00268,PT0240,CH008,PRG02,Business Analytics Essentials,Data & Digital,Career Transition,English,Virtual,TR03,Selangor,2025-02-10,2025-04-21,2025-02-01,Penang,Seberang Perai,25-34,Male,Employed,Laptop/Desktop,High,Referral,Digital confidence,1.0,On track,Completed,1,47.4,65.0,17.6,5.0,8.0,Interview secured,1,44.6,0.0
EN00269,PT0693,CH008,PRG02,Business Analytics Essentials,Data & Digital,Career Transition,English,Virtual,TR03,Selangor,2025-02-10,2025-04-21,2025-02-01,Sarawak,Miri,25-34,Male,Employed,Mobile,Medium,Organic,Job search,0.8,On track,Completed,1,69.9,97.3,27.4,5.0,10.0,Interview secured,0,,
EN00270,PT0703,CH008,PRG02,Business Analytics Essentials,Data & Digital,Career Transition,English,Virtual,TR03,Selangor,2025-02-10,2025-04-21,2025-02-01,Sabah,Kota Kinabalu,18-24,Female,Self-employed,Mobile,Medium,Organic,Job search,0.5,Watch,Completed,1,72.2,80.5,8.3,2.0,3.0,No change reported,0,,
EN00271,PT0715,CH008,PRG02,Business Analytics Essentials,Data & Digital,Career Transition,English,Virtual,TR03,Selangor,2025-02-10,2025-04-21,2025-02-01,Penang,Seberang Perai,25-34,Female,Job seeker,Mobile,High,Employer,Career growth,1.0,On track,Completed,1,49.4,82.9,33.5,5.0,10.0,New role,0,,
EN00272,PT0102,CH008,PRG02,Business Analytics Essentials,Data & Digital,Career Transition,English,Virtual,TR03,Selangor,2025-02-10,2025-04-21,2025-02-01,Selangor,Klang,35-44,Male,Employed,Mobile,Medium,Organic,Digital confidence,0.8,On track,Completed,1,48.1,74.7,26.6,4.0,6.0,New role,0,,
EN00273,PT0689,CH008,PRG02,Business Analytics Essentials,Data & Digital,Career Transition,English,Virtual,TR03,Selangor,2025-02-10,2025-04-21,2025-02-01,Kuala Lumpur,North,35-44,Non-binary / Prefer not to say,Job seeker,Mobile,Medium,Organic,Job search,0.7,Watch,Completed,1,76.8,98.8,22.0,4.0,8.0,No change reported,1,10.3,1.0
EN00274,PT0644,CH008,PRG02,Business Analytics Essentials,Data & Digital,Career Transition,English,Virtual,TR03,Selangor,2025-02-10,2025-04-21,2025-02-01,Kuala Lumpur,North,18-24,Male,Employed,Mobile,Low,Community partner,Digital confidence,0.4,High risk,Dropped,0,33.1,47.8,14.7,3.0,6.0,Not measured,0,,
EN00275,PT0179,CH008,PRG02,Business Analytics Essentials,Data & Digital,Career Transition,English,Virtual,TR03,Selangor,2025-02-10,2025-04-21,2025-02-01,Selangor,Shah Alam,25-34,Female,Job seeker,Mobile,Low,Community partner,Digital confidence,0.3,High risk,In progress / incomplete,0,34.9,43.1,8.2,,,Not measured,0,,
EN00276,PT0421,CH008,PRG02,Business Analytics Essentials,Data & Digital,Career Transition,English,Virtual,TR03,Selangor,2025-02-10,2025-04-21,2025-02-01,Selangor,Klang,18-24,Male,Self-employed,Laptop/Desktop,Medium,Community partner,Career growth,0.3,High risk,Completed,1,59.5,66.0,6.5,3.0,7.0,No change reported,1,14.3,1.0
EN00277,PT0570,CH008,PRG02,Business Analytics Essentials,Data & Digital,Career Transition,English,Virtual,TR03,Selangor,2025-02-10,2025-04-21,2025-02-01,Sarawak,Kuching,35-44,Male,Employed,Mobile,Medium,Community partner,Digital confidence,0.8,On track,In progress / incomplete,0,61.8,83.1,21.3,4.0,8.0,Not measured,0,,
EN00278,PT0071,CH008,PRG02,Business Analytics Essentials,Data & Digital,Career Transition,English,Virtual,TR03,Selangor,2025-02-10,2025-04-21,2025-02-01,Sarawak,Miri,18-24,Female,Employed,Laptop/Desktop,Medium,Community partner,Employer requirement,0.9,On track,Completed,1,72.7,100.0,27.3,3.0,7.0,No change reported,1,21.0,1.0
EN00279,PT0583,CH008,PRG02,Business Analytics Essentials,Data & Digital,Career Transition,English,Virtual,TR03,Selangor,2025-02-10,2025-04-21,2025-02-01,Kuala Lumpur,North,25-34,Male,Job seeker,Shared device,Low,Employer,Employer requirement,0.3,High risk,In progress / incomplete,0,52.7,61.9,9.2,4.0,7.0,Not measured,1,9.4,1.0
EN00280,PT0496,CH008,PRG02,Business Analytics Essentials,Data & Digital,Career Transition,English,Virtual,TR03,Selangor,2025-02-10,2025-04-21,2025-02-01,Penang,Seberang Perai,18-24,Male,Student,Mobile,Low,Organic,Job search,0.7,Watch,Completed,1,61.6,76.2,14.6,5.0,10.0,No change reported,1,12.2,1.0
EN00281,PT0450,CH008,PRG02,Business Analytics Essentials,Data & Digital,Career Transition,English,Virtual,TR03,Selangor,2025-02-10,2025-04-21,2025-02-01,Sabah,Kota Kinabalu,18-24,Female,Employed,Mobile,High,Referral,Employer requirement,0.6,Watch,Completed,1,50.7,62.0,11.3,3.0,5.0,New role,0,,
EN00282,PT0298,CH008,PRG02,Business Analytics Essentials,Data & Digital,Career Transition,English,Virtual,TR03,Selangor,2025-02-10,2025-04-21,2025-02-01,Johor,Muar,45+,Male,Job seeker,Mobile,Medium,Referral,Career growth,0.8,On track,Completed,1,38.0,62.7,24.7,4.0,7.0,No change reported,0,,
EN00283,PT0117,CH008,PRG02,Business Analytics Essentials,Data & Digital,Career Transition,English,Virtual,TR03,Selangor,2025-02-10,2025-04-21,2025-02-01,Penang,Seberang Perai,25-34,Male,Student,Laptop/Desktop,Medium,Community partner,Career growth,1.0,On track,Completed,1,63.8,100.0,36.2,,,No change reported,0,,
EN00284,PT0141,CH008,PRG02,Business Analytics Essentials,Data & Digital,Career Transition,English,Virtual,TR03,Selangor,2025-02-10,2025-04-21,2025-02-01,Kuala Lumpur,North,18-24,Male,Employed,Mobile,Medium,Referral,Job search,1.0,On track,Completed,1,59.0,76.7,17.7,,,No change reported,0,,
EN00285,PT0713,CH008,PRG02,Business Analytics Essentials,Data & Digital,Career Transition,English,Virtual,TR03,Selangor,2025-02-10,2025-04-21,2025-02-01,Sarawak,Miri,25-34,Male,Job seeker,Mobile,Medium,Community partner,Job search,1.0,On track,Completed,1,52.7,75.0,22.3,5.0,10.0,No change reported,0,,
EN00286,PT0236,CH008,PRG02,Business Analytics Essentials,Data & Digital,Career Transition,English,Virtual,TR03,Selangor,2025-02-10,2025-04-21,2025-02-01,Sarawak,Kuching,35-44,Female,Employed,Mobile,High,Community partner,Digital confidence,0.8,On track,Completed,1,72.3,100.0,27.7,,,No change reported,0,,
EN00287,PT0477,CH008,PRG02,Business Analytics Essentials,Data & Digital,Career Transition,English,Virtual,TR03,Selangor,2025-02-10,2025-04-21,2025-02-01,Johor,Muar,25-34,Male,Employed,Mobile,High,Referral,Digital confidence,0.7,Watch,Dropped,0,67.0,85.9,18.9,4.0,6.0,Not measured,1,4.4,1.0
EN00288,PT0739,CH008,PRG02,Business Analytics Essentials,Data & Digital,Career Transition,English,Virtual,TR03,Selangor,2025-02-10,2025-04-21,2025-02-01,Selangor,Petaling,35-44,Female,Employed,Laptop/Desktop,Medium,Community partner,Digital confidence,0.8,On track,Completed,1,54.4,79.9,25.5,,,No change reported,0,,
EN00289,PT0580,CH008,PRG02,Business Analytics Essentials,Data & Digital,Career Transition,English,Virtual,TR03,Selangor,2025-02-10,2025-04-21,2025-02-01,Selangor,Klang,35-44,Male,Job seeker,Mobile,High,Organic,Career growth,0.7,Watch,Completed,1,49.0,66.7,17.7,4.0,8.0,No change reported,1,33.2,0.0
EN00290,PT0149,CH008,PRG02,Business Analytics Essentials,Data & Digital,Career Transition,English,Virtual,TR03,Selangor,2025-02-10,2025-04-21,2025-02-01,Selangor,Klang,35-44,Male,Student,Mobile,Medium,Community partner,Job search,0.7,Watch,Completed,1,39.5,61.8,22.3,3.0,4.0,Interview secured,0,,
EN00291,PT0765,CH008,PRG02,Business Analytics Essentials,Data & Digital,Career Transition,English,Virtual,TR03,Selangor,2025-02-10,2025-04-21,2025-02-01,Sarawak,Miri,25-34,Male,Job seeker,Laptop/Desktop,High,Referral,Job search,1.0,On track,Completed,1,63.1,88.6,25.5,4.0,9.0,No change reported,0,,
EN00292,PT0538,CH008,PRG02,Business Analytics Essentials,Data & Digital,Career Transition,English,Virtual,TR03,Selangor,2025-02-10,2025-04-21,2025-02-01,Kuala Lumpur,North,45+,Female,Job seeker,Mobile,Medium,Employer,Career growth,0.8,On track,Completed,1,64.5,84.2,19.7,5.0,10.0,Interview secured,0,,
EN00293,PT0488,CH008,PRG02,Business Analytics Essentials,Data & Digital,Career Transition,English,Virtual,TR03,Selangor,2025-02-10,2025-04-21,2025-02-01,Sabah,Sandakan,25-34,Female,Self-employed,Laptop/Desktop,Medium,Employer,Employer requirement,0.5,Watch,Dropped,0,59.6,75.2,15.6,3.0,4.0,Not measured,1,9.8,1.0
EN00294,PT0595,CH008,PRG02,Business Analytics Essentials,Data & Digital,Career Transition,English,Virtual,TR03,Selangor,2025-02-10,2025-04-21,2025-02-01,Penang,Seberang Perai,35-44,Male,Employed,Laptop/Desktop,High,Employer,Career growth,0.8,On track,Completed,1,72.4,100.0,27.6,5.0,10.0,Interview secured,0,,
EN00295,PT0610,CH008,PRG02,Business Analytics Essentials,Data & Digital,Career Transition,English,Virtual,TR03,Selangor,2025-02-10,2025-04-21,2025-02-01,Johor,Muar,25-34,Female,Employed,Laptop/Desktop,High,Community partner,Career growth,0.7,Watch,In progress / incomplete,0,42.2,65.8,23.6,4.0,8.0,Not measured,0,,
EN00296,PT0510,CH008,PRG02,Business Analytics Essentials,Data & Digital,Career Transition,English,Virtual,TR03,Selangor,2025-02-10,2025-04-21,2025-02-01,Selangor,Shah Alam,45+,Female,Job seeker,Mobile,Medium,Employer,Employer requirement,0.7,Watch,Dropped,0,62.9,89.3,26.4,4.0,8.0,Not measured,1,33.7,1.0
EN00297,PT0047,CH008,PRG02,Business Analytics Essentials,Data & Digital,Career Transition,English,Virtual,TR03,Selangor,2025-02-10,2025-04-21,2025-02-01,Johor,Muar,45+,Female,Self-employed,Mobile,Medium,Employer,Career growth,0.8,On track,In progress / incomplete,0,41.2,68.0,26.8,,,Not measured,1,12.6,1.0
EN00298,PT0441,CH008,PRG02,Business Analytics Essentials,Data & Digital,Career Transition,English,Virtual,TR03,Selangor,2025-02-10,2025-04-21,2025-02-01,Johor,Johor Bahru,25-34,Female,Self-employed,Laptop/Desktop,Medium,Organic,Career growth,0.8,On track,Completed,1,48.4,69.9,21.5,5.0,9.0,No change reported,0,,
EN00299,PT0518,CH008,PRG02,Business Analytics Essentials,Data & Digital,Career Transition,English,Virtual,TR03,Selangor,2025-02-10,2025-04-21,2025-02-01,Kuala Lumpur,Central,35-44,Female,Employed,Laptop/Desktop,Medium,Community partner,Career growth,0.9,On track,Completed,1,73.7,100.0,26.3,4.0,6.0,No change reported,1,41.1,1.0
EN00300,PT0029,CH008,PRG02,Business Analytics Essentials,Data & Digital,Career Transition,English,Virtual,TR03,Selangor,2025-02-10,2025-04-21,2025-02-01,Penang,George Town,18-24,Female,Student,Laptop/Desktop,High,Organic,Job search,1.0,On track,Completed,1,61.8,100.0,38.2,,,New role,0,,
EN00301,PT0052,CH008,PRG02,Business Analytics Essentials,Data & Digital,Career Transition,English,Virtual,TR03,Selangor,2025-02-10,2025-04-21,2025-02-01,Selangor,Shah Alam,18-24,Male,Employed,Shared device,Medium,Community partner,Digital confidence,0.6,Watch,Completed,1,58.7,75.2,16.5,3.0,7.0,No change reported,0,,
EN00302,PT0178,CH008,PRG02,Business Analytics Essentials,Data & Digital,Career Transition,English,Virtual,TR03,Selangor,2025-02-10,2025-04-21,2025-02-01,Sarawak,Kuching,45+,Male,Job seeker,Mobile,Medium,Organic,Digital confidence,0.7,Watch,Completed,1,47.5,71.3,23.8,3.0,6.0,No change reported,0,,
EN00303,PT0582,CH008,PRG02,Business Analytics Essentials,Data & Digital,Career Transition,English,Virtual,TR03,Selangor,2025-02-10,2025-04-21,2025-02-01,Selangor,Petaling,35-44,Female,Self-employed,Mobile,Medium,Community partner,Job search,0.7,Watch,Completed,1,57.3,74.9,17.6,4.0,9.0,Interview secured,0,,
EN00304,PT0139,CH008,PRG02,Business Analytics Essentials,Data & Digital,Career Transition,English,Virtual,TR03,Selangor,2025-02-10,2025-04-21,2025-02-01,Johor,Muar,25-34,Male,Employed,Mobile,Medium,Community partner,Digital confidence,0.9,On track,Completed,1,65.1,95.2,30.1,5.0,10.0,No change reported,0,,
EN00305,PT0076,CH008,PRG02,Business Analytics Essentials,Data & Digital,Career Transition,English,Virtual,TR03,Selangor,2025-02-10,2025-04-21,2025-02-01,Sabah,Sandakan,25-34,Female,Employed,Laptop/Desktop,Medium,Community partner,Digital confidence,0.7,Watch,Completed,1,64.5,90.3,25.8,4.0,8.0,Interview secured,1,51.5,0.0
EN00306,PT0424,CH008,PRG02,Business Analytics Essentials,Data & Digital,Career Transition,English,Virtual,TR03,Selangor,2025-02-10,2025-04-21,2025-02-01,Penang,Seberang Perai,18-24,Male,Employed,Mobile,High,Community partner,Career growth,0.8,On track,Completed,1,44.8,59.8,15.0,4.0,10.0,No change reported,1,47.4,1.0
EN00307,PT0522,CH009,PRG03,Digital Workplace Skills,Employability,Community Upskilling,Malay,Virtual,TR05,Johor,2025-02-10,2025-03-24,2025-02-01,Kuala Lumpur,North,35-44,Male,Self-employed,Laptop/Desktop,Low,Organic,Job search,0.6667,Watch,Completed,1,20.3,46.7,26.4,3.0,7.0,Not measured,1,21.1,1.0
EN00308,PT0261,CH009,PRG03,Digital Workplace Skills,Employability,Community Upskilling,Malay,Virtual,TR05,Johor,2025-02-10,2025-03-24,2025-02-01,Selangor,Petaling,45+,Female,Student,Mobile,Low,Referral,Employer requirement,0.5,Watch,Dropped,0,35.3,45.5,10.2,3.0,3.0,Not measured,0,,
EN00309,PT0440,CH009,PRG03,Digital Workplace Skills,Employability,Community Upskilling,Malay,Virtual,TR05,Johor,2025-02-10,2025-03-24,2025-02-01,Johor,Muar,18-24,Female,Employed,Mobile,Low,Referral,Job search,0.6667,Watch,Completed,1,49.3,63.2,13.9,4.0,8.0,Not measured,1,7.6,1.0
EN00310,PT0210,CH009,PRG03,Digital Workplace Skills,Employability,Community Upskilling,Malay,Virtual,TR05,Johor,2025-02-10,2025-03-24,2025-02-01,Sabah,Sandakan,25-34,Female,Employed,Laptop/Desktop,Medium,Organic,Employer requirement,0.6667,Watch,Completed,1,36.8,56.3,19.5,3.0,4.0,Not measured,0,,
EN00311,PT0146,CH009,PRG03,Digital Workplace Skills,Employability,Community Upskilling,Malay,Virtual,TR05,Johor,2025-02-10,2025-03-24,2025-02-01,Penang,Seberang Perai,25-34,Non-binary / Prefer not to say,Student,Mobile,Medium,Organic,Job search,0.8333,On track,Completed,1,67.5,85.3,17.8,,,Not measured,1,28.1,0.0
EN00312,PT0754,CH009,PRG03,Digital Workplace Skills,Employability,Community Upskilling,Malay,Virtual,TR05,Johor,2025-02-10,2025-03-24,2025-02-01,Johor,Muar,25-34,Male,Job seeker,Shared device,High,Organic,Career growth,0.6667,Watch,Dropped,0,57.5,83.1,25.6,4.0,10.0,Not measured,0,,
EN00313,PT0057,CH009,PRG03,Digital Workplace Skills,Employability,Community Upskilling,Malay,Virtual,TR05,Johor,2025-02-10,2025-03-24,2025-02-01,Johor,Muar,35-44,Male,Self-employed,Mobile,Low,Employer,Career growth,0.6667,Watch,Completed,1,41.5,60.9,19.4,4.0,8.0,Not measured,0,,
EN00314,PT0547,CH009,PRG03,Digital Workplace Skills,Employability,Community Upskilling,Malay,Virtual,TR05,Johor,2025-02-10,2025-03-24,2025-02-01,Sarawak,Kuching,25-34,Female,Job seeker,Laptop/Desktop,Medium,Community partner,Career growth,0.8333,On track,Completed,1,32.7,63.6,30.9,5.0,10.0,Not measured,0,,
EN00315,PT0355,CH009,PRG03,Digital Workplace Skills,Employability,Community Upskilling,Malay,Virtual,TR05,Johor,2025-02-10,2025-03-24,2025-02-01,Johor,Muar,35-44,Non-binary / Prefer not to say,Employed,Mobile,Medium,Referral,Career growth,0.8333,On track,Dropped,0,67.5,89.3,21.8,4.0,6.0,Not measured,2,17.8,0.5
EN00316,PT0198,CH009,PRG03,Digital Workplace Skills,Employability,Community Upskilling,Malay,Virtual,TR05,Johor,2025-02-10,2025-03-24,2025-02-01,Sarawak,Kuching,35-44,Female,Employed,Mobile,Low,Employer,Job search,1.0,On track,Completed,1,60.8,87.5,26.7,5.0,9.0,Not measured,1,22.7,1.0
EN00317,PT0471,CH009,PRG03,Digital Workplace Skills,Employability,Community Upskilling,Malay,Virtual,TR05,Johor,2025-02-10,2025-03-24,2025-02-01,Kuala Lumpur,Central,25-34,Female,Employed,Laptop/Desktop,High,Organic,Career growth,1.0,On track,Completed,1,65.7,83.8,18.1,4.0,8.0,Not measured,0,,
EN00318,PT0001,CH009,PRG03,Digital Workplace Skills,Employability,Community Upskilling,Malay,Virtual,TR05,Johor,2025-02-10,2025-03-24,2025-02-01,Kuala Lumpur,North,35-44,Non-binary / Prefer not to say,Job seeker,Laptop/Desktop,Low,Organic,Digital confidence,0.8333,On track,Completed,1,27.2,47.3,20.1,4.0,7.0,Not measured,0,,
EN00319,PT0731,CH009,PRG03,Digital Workplace Skills,Employability,Community Upskilling,Malay,Virtual,TR05,Johor,2025-02-10,2025-03-24,2025-02-01,Penang,George Town,25-34,Female,Student,Shared device,High,Community partner,Job search,0.6667,Watch,In progress / incomplete,0,72.5,99.4,26.9,,,Not measured,0,,
EN00320,PT0332,CH009,PRG03,Digital Workplace Skills,Employability,Community Upskilling,Malay,Virtual,TR05,Johor,2025-02-10,2025-03-24,2025-02-01,Kuala Lumpur,Central,25-34,Male,Student,Laptop/Desktop,Low,Employer,Job search,0.8333,On track,Completed,1,48.7,84.3,35.6,3.0,6.0,Not measured,0,,
EN00321,PT0228,CH009,PRG03,Digital Workplace Skills,Employability,Community Upskilling,Malay,Virtual,TR05,Johor,2025-02-10,2025-03-24,2025-02-01,Selangor,Petaling,18-24,Female,Self-employed,Mobile,High,Employer,Career growth,1.0,On track,Completed,1,79.3,100.0,20.7,5.0,10.0,Not measured,0,,
EN00322,PT0589,CH009,PRG03,Digital Workplace Skills,Employability,Community Upskilling,Malay,Virtual,TR05,Johor,2025-02-10,2025-03-24,2025-02-01,Sabah,Sandakan,18-24,Female,Employed,Mobile,High,Organic,Job search,0.8333,On track,Dropped,0,50.2,74.6,24.4,4.0,7.0,Not measured,0,,
EN00323,PT0699,CH009,PRG03,Digital Workplace Skills,Employability,Community Upskilling,Malay,Virtual,TR05,Johor,2025-02-10,2025-03-24,2025-02-01,Johor,Muar,25-34,Female,Student,Laptop/Desktop,High,Referral,Job search,0.8333,On track,Completed,1,68.4,85.3,16.9,,,Not measured,0,,
EN00324,PT0004,CH009,PRG03,Digital Workplace Skills,Employability,Community Upskilling,Malay,Virtual,TR05,Johor,2025-02-10,2025-03-24,2025-02-01,Selangor,Klang,35-44,Female,Job seeker,Mobile,Medium,Employer,Job search,0.6667,Watch,In progress / incomplete,0,47.9,64.0,16.1,3.0,5.0,Not measured,1,97.4,0.0
EN00325,PT0697,CH009,PRG03,Digital Workplace Skills,Employability,Community Upskilling,Malay,Virtual,TR05,Johor,2025-02-10,2025-03-24,2025-02-01,Selangor,Petaling,18-24,Female,Self-employed,Mobile,Medium,Organic,Career growth,0.6667,Watch,Completed,1,41.5,60.0,18.5,3.0,3.0,Not measured,0,,
EN00326,PT0003,CH009,PRG03,Digital Workplace Skills,Employability,Community Upskilling,Malay,Virtual,TR05,Johor,2025-02-10,2025-03-24,2025-02-01,Kuala Lumpur,Central,18-24,Female,Employed,Mobile,Medium,Organic,Career growth,0.8333,On track,Completed,1,58.3,92.3,34.0,,,Not measured,0,,
EN00327,PT0395,CH009,PRG03,Digital Workplace Skills,Employability,Community Upskilling,Malay,Virtual,TR05,Johor,2025-02-10,2025-03-24,2025-02-01,Kuala Lumpur,North,35-44,Male,Job seeker,Mobile,Low,Organic,Employer requirement,0.3333,High risk,Completed,1,59.6,69.3,9.7,3.0,6.0,Not measured,0,,
EN00328,PT0685,CH009,PRG03,Digital Workplace Skills,Employability,Community Upskilling,Malay,Virtual,TR05,Johor,2025-02-10,2025-03-24,2025-02-01,Kuala Lumpur,North,25-34,Female,Student,Laptop/Desktop,High,Employer,Career growth,0.8333,On track,Completed,1,53.0,78.0,25.0,4.0,8.0,Not measured,0,,
EN00329,PT0529,CH009,PRG03,Digital Workplace Skills,Employability,Community Upskilling,Malay,Virtual,TR05,Johor,2025-02-10,2025-03-24,2025-02-01,Sabah,Sandakan,25-34,Female,Employed,Laptop/Desktop,Medium,Community partner,Career growth,0.8333,On track,Completed,1,60.8,72.1,11.3,4.0,6.0,Not measured,0,,
EN00330,PT0514,CH009,PRG03,Digital Workplace Skills,Employability,Community Upskilling,Malay,Virtual,TR05,Johor,2025-02-10,2025-03-24,2025-02-01,Sabah,Sandakan,25-34,Female,Employed,Mobile,Low,Employer,Employer requirement,0.5,Watch,In progress / incomplete,0,51.8,75.8,24.0,3.0,4.0,Not measured,1,15.5,0.0
EN00331,PT0265,CH009,PRG03,Digital Workplace Skills,Employability,Community Upskilling,Malay,Virtual,TR05,Johor,2025-02-10,2025-03-24,2025-02-01,Johor,Johor Bahru,45+,Female,Job seeker,Mobile,Low,Community partner,Career growth,0.5,Watch,Completed,1,62.0,91.0,29.0,4.0,8.0,Not measured,0,,
EN00332,PT0538,CH009,PRG03,Digital Workplace Skills,Employability,Community Upskilling,Malay,Virtual,TR05,Johor,2025-02-10,2025-03-24,2025-02-01,Kuala Lumpur,North,45+,Female,Job seeker,Mobile,Medium,Referral,Job search,0.8333,On track,Completed,1,57.3,81.0,23.7,4.0,7.0,Not measured,0,,
EN00333,PT0512,CH009,PRG03,Digital Workplace Skills,Employability,Community Upskilling,Malay,Virtual,TR05,Johor,2025-02-10,2025-03-24,2025-02-01,Selangor,Petaling,35-44,Female,Job seeker,Laptop/Desktop,Medium,Referral,Job search,0.8333,On track,Completed,1,59.2,97.6,38.4,4.0,7.0,Not measured,1,27.6,0.0
EN00334,PT0155,CH009,PRG03,Digital Workplace Skills,Employability,Community Upskilling,Malay,Virtual,TR05,Johor,2025-02-10,2025-03-24,2025-02-01,Kuala Lumpur,South,45+,Male,Student,Mobile,High,Community partner,Career growth,1.0,On track,Completed,1,50.0,85.7,35.7,4.0,7.0,Not measured,1,37.8,1.0
EN00335,PT0539,CH009,PRG03,Digital Workplace Skills,Employability,Community Upskilling,Malay,Virtual,TR05,Johor,2025-02-10,2025-03-24,2025-02-01,Penang,George Town,35-44,Male,Job seeker,Mobile,Low,Community partner,Job search,1.0,On track,Completed,1,48.8,68.1,19.3,5.0,10.0,Not measured,0,,
EN00336,PT0099,CH009,PRG03,Digital Workplace Skills,Employability,Community Upskilling,Malay,Virtual,TR05,Johor,2025-02-10,2025-03-24,2025-02-01,Sabah,Sandakan,25-34,Female,Self-employed,Mobile,Medium,Community partner,Job search,0.6667,Watch,Completed,1,39.0,66.0,27.0,3.0,4.0,Not measured,0,,
EN00337,PT0338,CH009,PRG03,Digital Workplace Skills,Employability,Community Upskilling,Malay,Virtual,TR05,Johor,2025-02-10,2025-03-24,2025-02-01,Penang,George Town,25-34,Female,Job seeker,Mobile,Medium,Employer,Career growth,1.0,On track,Completed,1,59.0,83.9,24.9,4.0,6.0,Not measured,1,25.1,0.0
EN00338,PT0600,CH009,PRG03,Digital Workplace Skills,Employability,Community Upskilling,Malay,Virtual,TR05,Johor,2025-02-10,2025-03-24,2025-02-01,Selangor,Petaling,45+,Female,Employed,Mobile,High,Community partner,Digital confidence,1.0,On track,Completed,1,51.0,84.0,33.0,4.0,7.0,Not measured,2,21.9,1.0
EN00339,PT0627,CH009,PRG03,Digital Workplace Skills,Employability,Community Upskilling,Malay,Virtual,TR05,Johor,2025-02-10,2025-03-24,2025-02-01,Johor,Muar,25-34,Female,Job seeker,Shared device,Low,Referral,Career growth,0.1667,High risk,Dropped,0,21.2,25.1,3.9,3.0,8.0,Not measured,3,17.6,1.0
EN00340,PT0183,CH009,PRG03,Digital Workplace Skills,Employability,Community Upskilling,Malay,Virtual,TR05,Johor,2025-02-10,2025-03-24,2025-02-01,Kuala Lumpur,Central,25-34,Male,Employed,Mobile,Medium,Employer,Job search,0.8333,On track,Completed,1,59.1,82.1,23.0,,,Not measured,0,,
EN00341,PT0283,CH009,PRG03,Digital Workplace Skills,Employability,Community Upskilling,Malay,Virtual,TR05,Johor,2025-02-10,2025-03-24,2025-02-01,Kuala Lumpur,South,45+,Female,Job seeker,Laptop/Desktop,Low,Employer,Employer requirement,1.0,On track,Completed,1,70.2,82.5,12.3,5.0,9.0,Not measured,0,,
EN00342,PT0598,CH009,PRG03,Digital Workplace Skills,Employability,Community Upskilling,Malay,Virtual,TR05,Johor,2025-02-10,2025-03-24,2025-02-01,Kuala Lumpur,North,25-34,Female,Employed,Mobile,High,Referral,Job search,0.6667,Watch,Completed,1,51.3,79.3,28.0,3.0,6.0,Not measured,0,,
EN00343,PT0024,CH009,PRG03,Digital Workplace Skills,Employability,Community Upskilling,Malay,Virtual,TR05,Johor,2025-02-10,2025-03-24,2025-02-01,Sabah,Sandakan,25-34,Female,Employed,Mobile,Medium,Community partner,Career growth,0.6667,Watch,Completed,1,47.1,72.4,25.3,4.0,7.0,Not measured,0,,
EN00344,PT0442,CH009,PRG03,Digital Workplace Skills,Employability,Community Upskilling,Malay,Virtual,TR05,Johor,2025-02-10,2025-03-24,2025-02-01,Selangor,Shah Alam,25-34,Male,Employed,Mobile,Low,Organic,Job search,0.6667,Watch,Completed,1,67.1,89.5,22.4,,,Not measured,1,12.9,1.0
EN00345,PT0225,CH009,PRG03,Digital Workplace Skills,Employability,Community Upskilling,Malay,Virtual,TR05,Johor,2025-02-10,2025-03-24,2025-02-01,Sabah,Kota Kinabalu,18-24,Male,Job seeker,Mobile,High,Employer,Career growth,0.6667,Watch,Completed,1,56.9,78.7,21.8,3.0,6.0,Not measured,0,,
EN00346,PT0328,CH009,PRG03,Digital Workplace Skills,Employability,Community Upskilling,Malay,Virtual,TR05,Johor,2025-02-10,2025-03-24,2025-02-01,Penang,George Town,25-34,Female,Job seeker,Laptop/Desktop,Medium,Organic,Job search,0.8333,On track,Completed,1,62.7,88.4,25.7,4.0,6.0,Not measured,0,,
EN00347,PT0682,CH009,PRG03,Digital Workplace Skills,Employability,Community Upskilling,Malay,Virtual,TR05,Johor,2025-02-10,2025-03-24,2025-02-01,Sabah,Kota Kinabalu,45+,Male,Job seeker,Mobile,Medium,Community partner,Job search,0.8333,On track,Completed,1,78.3,99.3,21.0,4.0,10.0,Not measured,0,,
EN00348,PT0054,CH009,PRG03,Digital Workplace Skills,Employability,Community Upskilling,Malay,Virtual,TR05,Johor,2025-02-10,2025-03-24,2025-02-01,Selangor,Petaling,35-44,Male,Student,Laptop/Desktop,Medium,Organic,Digital confidence,0.8333,On track,Completed,1,75.2,93.4,18.2,4.0,7.0,Not measured,2,20.8,0.5
EN00349,PT0142,CH009,PRG03,Digital Workplace Skills,Employability,Community Upskilling,Malay,Virtual,TR05,Johor,2025-02-10,2025-03-24,2025-02-01,Selangor,Petaling,25-34,Male,Self-employed,Laptop/Desktop,Low,Organic,Employer requirement,0.8333,On track,Completed,1,38.0,52.2,14.2,4.0,8.0,Not measured,1,4.3,1.0
EN00350,PT0153,CH009,PRG03,Digital Workplace Skills,Employability,Community Upskilling,Malay,Virtual,TR05,Johor,2025-02-10,2025-03-24,2025-02-01,Kuala Lumpur,South,35-44,Male,Student,Laptop/Desktop,High,Organic,Digital confidence,0.8333,On track,Completed,1,66.7,98.4,31.7,4.0,6.0,Not measured,0,,
EN00351,PT0325,CH010,PRG04,Customer Support Excellence,Operations,Workforce Development,English,Hybrid,TR09,Sarawak,2025-02-17,2025-03-31,2025-02-01,Johor,Johor Bahru,25-34,Male,Job seeker,Mobile,High,Organic,Career growth,0.5,Watch,Completed,1,73.5,90.0,16.5,4.0,8.0,Not measured,0,,
EN00352,PT0699,CH010,PRG04,Customer Support Excellence,Operations,Workforce Development,English,Hybrid,TR09,Sarawak,2025-02-17,2025-03-31,2025-02-01,Johor,Muar,25-34,Female,Student,Laptop/Desktop,High,Referral,Career growth,1.0,On track,Completed,1,69.0,100.0,31.0,5.0,10.0,Not measured,1,23.8,1.0
EN00353,PT0746,CH010,PRG04,Customer Support Excellence,Operations,Workforce Development,English,Hybrid,TR09,Sarawak,2025-02-17,2025-03-31,2025-02-01,Johor,Johor Bahru,25-34,Female,Job seeker,Laptop/Desktop,Low,Organic,Career growth,0.8333,On track,Completed,1,61.5,81.3,19.8,,,Not measured,0,,
EN00354,PT0290,CH010,PRG04,Customer Support Excellence,Operations,Workforce Development,English,Hybrid,TR09,Sarawak,2025-02-17,2025-03-31,2025-02-01,Kuala Lumpur,North,25-34,Male,Employed,Shared device,High,Community partner,Job search,0.5,Watch,In progress / incomplete,0,58.8,76.7,17.9,,,Not measured,1,21.4,1.0
EN00355,PT0637,CH010,PRG04,Customer Support Excellence,Operations,Workforce Development,English,Hybrid,TR09,Sarawak,2025-02-17,2025-03-31,2025-02-01,Penang,George Town,25-34,Female,Self-employed,Mobile,Medium,Referral,Job search,0.6667,Watch,Completed,1,52.9,61.9,9.0,4.0,6.0,Not measured,0,,
EN00356,PT0539,CH010,PRG04,Customer Support Excellence,Operations,Workforce Development,English,Hybrid,TR09,Sarawak,2025-02-17,2025-03-31,2025-02-01,Penang,George Town,35-44,Male,Job seeker,Mobile,Low,Organic,Digital confidence,0.8333,On track,Completed,1,53.7,74.1,20.4,4.0,8.0,Not measured,1,53.7,0.0
EN00357,PT0128,CH010,PRG04,Customer Support Excellence,Operations,Workforce Development,English,Hybrid,TR09,Sarawak,2025-02-17,2025-03-31,2025-02-01,Kuala Lumpur,North,35-44,Male,Job seeker,Mobile,Medium,Organic,Career growth,0.8333,On track,Completed,1,52.3,75.5,23.2,3.0,4.0,Not measured,1,18.2,0.0
EN00358,PT0115,CH010,PRG04,Customer Support Excellence,Operations,Workforce Development,English,Hybrid,TR09,Sarawak,2025-02-17,2025-03-31,2025-02-01,Selangor,Petaling,35-44,Female,Job seeker,Mobile,Medium,Organic,Career growth,0.8333,On track,Completed,1,48.6,79.4,30.8,5.0,10.0,Not measured,0,,
EN00359,PT0236,CH010,PRG04,Customer Support Excellence,Operations,Workforce Development,English,Hybrid,TR09,Sarawak,2025-02-17,2025-03-31,2025-02-01,Sarawak,Kuching,35-44,Female,Employed,Mobile,High,Organic,Job search,1.0,On track,Completed,1,71.9,100.0,28.1,5.0,10.0,Not measured,0,,
EN00360,PT0313,CH010,PRG04,Customer Support Excellence,Operations,Workforce Development,English,Hybrid,TR09,Sarawak,2025-02-17,2025-03-31,2025-02-01,Kuala Lumpur,North,25-34,Male,Job seeker,Laptop/Desktop,Medium,Community partner,Career growth,0.8333,On track,Completed,1,51.9,73.5,21.6,,,Not measured,0,,
EN00361,PT0773,CH010,PRG04,Customer Support Excellence,Operations,Workforce Development,English,Hybrid,TR09,Sarawak,2025-02-17,2025-03-31,2025-02-01,Selangor,Klang,18-24,Female,Employed,Mobile,Medium,Employer,Digital confidence,1.0,On track,Completed,1,63.3,84.9,21.6,4.0,10.0,Not measured,0,,
EN00362,PT0057,CH010,PRG04,Customer Support Excellence,Operations,Workforce Development,English,Hybrid,TR09,Sarawak,2025-02-17,2025-03-31,2025-02-01,Johor,Muar,35-44,Male,Self-employed,Mobile,Low,Employer,Employer requirement,0.3333,High risk,In progress / incomplete,0,64.3,87.9,23.6,3.0,6.0,Not measured,0,,
EN00363,PT0665,CH010,PRG04,Customer Support Excellence,Operations,Workforce Development,English,Hybrid,TR09,Sarawak,2025-02-17,2025-03-31,2025-02-01,Sarawak,Kuching,25-34,Female,Employed,Mobile,Medium,Organic,Digital confidence,0.8333,On track,Completed,1,47.0,72.9,25.9,4.0,9.0,Not measured,0,,
EN00364,PT0405,CH010,PRG04,Customer Support Excellence,Operations,Workforce Development,English,Hybrid,TR09,Sarawak,2025-02-17,2025-03-31,2025-02-01,Sarawak,Miri,25-34,Female,Employed,Mobile,Low,Organic,Career growth,0.5,Watch,Dropped,0,52.4,74.6,22.2,,,Not measured,2,22.0,0.5
EN00365,PT0386,CH010,PRG04,Customer Support Excellence,Operations,Workforce Development,English,Hybrid,TR09,Sarawak,2025-02-17,2025-03-31,2025-02-01,Penang,Seberang Perai,25-34,Female,Student,Mobile,Low,Community partner,Digital confidence,0.6667,Watch,Dropped,0,57.2,83.9,26.7,4.0,8.0,Not measured,2,14.9,1.0
EN00366,PT0701,CH010,PRG04,Customer Support Excellence,Operations,Workforce Development,English,Hybrid,TR09,Sarawak,2025-02-17,2025-03-31,2025-02-01,Sarawak,Miri,18-24,Male,Student,Mobile,High,Employer,Employer requirement,0.8333,On track,Completed,1,41.4,77.6,36.2,5.0,10.0,Not measured,1,70.0,0.0
EN00367,PT0137,CH010,PRG04,Customer Support Excellence,Operations,Workforce Development,English,Hybrid,TR09,Sarawak,2025-02-17,2025-03-31,2025-02-01,Sarawak,Miri,35-44,Non-binary / Prefer not to say,Student,Mobile,Low,Organic,Job search,0.8333,On track,Completed,1,31.7,58.6,26.9,4.0,8.0,Not measured,1,20.3,1.0
EN00368,PT0639,CH010,PRG04,Customer Support Excellence,Operations,Workforce Development,English,Hybrid,TR09,Sarawak,2025-02-17,2025-03-31,2025-02-01,Selangor,Shah Alam,25-34,Female,Employed,Mobile,Medium,Organic,Career growth,0.8333,On track,Completed,1,58.2,81.8,23.6,,,Not measured,1,49.6,0.0
EN00369,PT0003,CH010,PRG04,Customer Support Excellence,Operations,Workforce Development,English,Hybrid,TR09,Sarawak,2025-02-17,2025-03-31,2025-02-01,Kuala Lumpur,Central,18-24,Female,Employed,Mobile,Medium,Organic,Job search,0.6667,Watch,Dropped,0,67.0,93.8,26.8,4.0,9.0,Not measured,0,,
EN00370,PT0029,CH010,PRG04,Customer Support Excellence,Operations,Workforce Development,English,Hybrid,TR09,Sarawak,2025-02-17,2025-03-31,2025-02-01,Penang,George Town,18-24,Female,Student,Laptop/Desktop,High,Community partner,Job search,0.8333,On track,Completed,1,29.4,62.0,32.6,5.0,10.0,Not measured,0,,
EN00371,PT0006,CH010,PRG04,Customer Support Excellence,Operations,Workforce Development,English,Hybrid,TR09,Sarawak,2025-02-17,2025-03-31,2025-02-01,Penang,George Town,45+,Female,Self-employed,Mobile,High,Community partner,Job search,0.5,Watch,In progress / incomplete,0,72.1,86.5,14.4,3.0,5.0,Not measured,0,,
EN00372,PT0426,CH010,PRG04,Customer Support Excellence,Operations,Workforce Development,English,Hybrid,TR09,Sarawak,2025-02-17,2025-03-31,2025-02-01,Sabah,Kota Kinabalu,18-24,Female,Job seeker,Laptop/Desktop,High,Community partner,Job search,1.0,On track,Completed,1,64.3,91.6,27.3,,,Not measured,1,26.0,1.0
EN00373,PT0670,CH010,PRG04,Customer Support Excellence,Operations,Workforce Development,English,Hybrid,TR09,Sarawak,2025-02-17,2025-03-31,2025-02-01,Sabah,Sandakan,18-24,Female,Student,Laptop/Desktop,Medium,Referral,Job search,1.0,On track,Completed,1,51.5,76.3,24.8,,,Not measured,0,,
EN00374,PT0705,CH010,PRG04,Customer Support Excellence,Operations,Workforce Development,English,Hybrid,TR09,Sarawak,2025-02-17,2025-03-31,2025-02-01,Kuala Lumpur,North,18-24,Male,Employed,Shared device,Medium,Employer,Career growth,0.8333,On track,Completed,1,63.8,85.4,21.6,4.0,9.0,Not measured,0,,
EN00375,PT0622,CH010,PRG04,Customer Support Excellence,Operations,Workforce Development,English,Hybrid,TR09,Sarawak,2025-02-17,2025-03-31,2025-02-01,Kuala Lumpur,South,25-34,Male,Self-employed,Laptop/Desktop,Medium,Organic,Career growth,1.0,On track,Completed,1,36.4,71.9,35.5,5.0,9.0,Not measured,1,8.7,1.0
EN00376,PT0755,CH010,PRG04,Customer Support Excellence,Operations,Workforce Development,English,Hybrid,TR09,Sarawak,2025-02-17,2025-03-31,2025-02-01,Johor,Muar,35-44,Male,Job seeker,Shared device,Low,Employer,Career growth,0.6667,Watch,Completed,1,54.2,54.7,0.5,4.0,8.0,Not measured,2,29.7,0.5
EN00377,PT0098,CH010,PRG04,Customer Support Excellence,Operations,Workforce Development,English,Hybrid,TR09,Sarawak,2025-02-17,2025-03-31,2025-02-01,Kuala Lumpur,South,18-24,Male,Job seeker,Mobile,Medium,Employer,Employer requirement,0.6667,Watch,Completed,1,62.1,88.1,26.0,3.0,5.0,Not measured,2,18.0,0.5
EN00378,PT0097,CH010,PRG04,Customer Support Excellence,Operations,Workforce Development,English,Hybrid,TR09,Sarawak,2025-02-17,2025-03-31,2025-02-01,Selangor,Shah Alam,25-34,Male,Self-employed,Laptop/Desktop,High,Organic,Career growth,0.6667,Watch,Completed,1,48.5,57.6,9.1,4.0,6.0,Not measured,0,,
EN00379,PT0478,CH010,PRG04,Customer Support Excellence,Operations,Workforce Development,English,Hybrid,TR09,Sarawak,2025-02-17,2025-03-31,2025-02-01,Kuala Lumpur,North,18-24,Female,Employed,Laptop/Desktop,Medium,Community partner,Employer requirement,0.6667,Watch,In progress / incomplete,0,51.4,78.0,26.6,,,Not measured,1,15.5,1.0
EN00380,PT0316,CH010,PRG04,Customer Support Excellence,Operations,Workforce Development,English,Hybrid,TR09,Sarawak,2025-02-17,2025-03-31,2025-02-01,Kuala Lumpur,South,25-34,Male,Employed,Mobile,Medium,Community partner,Career growth,1.0,On track,Completed,1,64.6,84.4,19.8,4.0,7.0,Not measured,0,,
EN00381,PT0240,CH010,PRG04,Customer Support Excellence,Operations,Workforce Development,English,Hybrid,TR09,Sarawak,2025-02-17,2025-03-31,2025-02-01,Penang,Seberang Perai,25-34,Male,Employed,Laptop/Desktop,High,Referral,Digital confidence,0.8333,On track,Completed,1,53.6,76.3,22.7,4.0,7.0,Not measured,0,,
EN00382,PT0553,CH010,PRG04,Customer Support Excellence,Operations,Workforce Development,English,Hybrid,TR09,Sarawak,2025-02-17,2025-03-31,2025-02-01,Sarawak,Miri,25-34,Male,Employed,Laptop/Desktop,Low,Organic,Digital confidence,0.5,Watch,In progress / incomplete,0,54.1,70.9,16.8,4.0,5.0,Not measured,0,,
EN00383,PT0377,CH010,PRG04,Customer Support Excellence,Operations,Workforce Development,English,Hybrid,TR09,Sarawak,2025-02-17,2025-03-31,2025-02-01,Selangor,Klang,25-34,Female,Employed,Laptop/Desktop,Medium,Community partner,Job search,1.0,On track,Completed,1,62.0,92.0,30.0,,,Not measured,0,,
EN00384,PT0171,CH010,PRG04,Customer Support Excellence,Operations,Workforce Development,English,Hybrid,TR09,Sarawak,2025-02-17,2025-03-31,2025-02-01,Johor,Muar,35-44,Female,Self-employed,Mobile,Medium,Community partner,Career growth,1.0,On track,Completed,1,80.4,97.7,17.3,5.0,10.0,Not measured,2,26.3,0.5
EN00385,PT0204,CH010,PRG04,Customer Support Excellence,Operations,Workforce Development,English,Hybrid,TR09,Sarawak,2025-02-17,2025-03-31,2025-02-01,Sabah,Kota Kinabalu,18-24,Male,Job seeker,Mobile,Medium,Community partner,Career growth,1.0,On track,Completed,1,49.9,86.7,36.8,5.0,10.0,Not measured,0,,
EN00386,PT0516,CH010,PRG04,Customer Support Excellence,Operations,Workforce Development,English,Hybrid,TR09,Sarawak,2025-02-17,2025-03-31,2025-02-01,Selangor,Shah Alam,18-24,Male,Student,Mobile,Low,Community partner,Career growth,0.6667,Watch,Completed,1,69.2,96.7,27.5,,,Not measured,0,,
EN00387,PT0719,CH010,PRG04,Customer Support Excellence,Operations,Workforce Development,English,Hybrid,TR09,Sarawak,2025-02-17,2025-03-31,2025-02-01,Penang,George Town,18-24,Male,Employed,Laptop/Desktop,Medium,Community partner,Employer requirement,1.0,On track,Completed,1,69.1,94.7,25.6,4.0,8.0,Not measured,1,15.3,1.0
EN00388,PT0475,CH010,PRG04,Customer Support Excellence,Operations,Workforce Development,English,Hybrid,TR09,Sarawak,2025-02-17,2025-03-31,2025-02-01,Penang,Seberang Perai,25-34,Female,Student,Mobile,Low,Referral,Employer requirement,0.8333,On track,Completed,1,54.7,83.3,28.6,4.0,8.0,Not measured,0,,
EN00389,PT0365,CH010,PRG04,Customer Support Excellence,Operations,Workforce Development,English,Hybrid,TR09,Sarawak,2025-02-17,2025-03-31,2025-02-01,Johor,Johor Bahru,25-34,Male,Self-employed,Mobile,Low,Community partner,Career growth,0.3333,High risk,Dropped,0,46.4,65.1,18.7,3.0,6.0,Not measured,2,19.8,1.0
EN00390,PT0523,CH011,PRG05,Financial Literacy,Business,Community Upskilling,Hindi,Virtual,TR03,Johor,2025-02-17,2025-03-24,2025-02-01,Sabah,Kota Kinabalu,25-34,Female,Employed,Laptop/Desktop,Medium,Employer,Job search,1.0,On track,Completed,1,59.2,83.0,23.8,5.0,10.0,Not measured,1,10.0,1.0
EN00391,PT0306,CH011,PRG05,Financial Literacy,Business,Community Upskilling,Hindi,Virtual,TR03,Johor,2025-02-17,2025-03-24,2025-02-01,Sabah,Sandakan,25-34,Non-binary / Prefer not to say,Job seeker,Mobile,Low,Employer,Career growth,0.2,High risk,Completed,1,59.8,64.6,4.8,2.0,3.0,Not measured,1,63.1,0.0
EN00392,PT0046,CH011,PRG05,Financial Literacy,Business,Community Upskilling,Hindi,Virtual,TR03,Johor,2025-02-17,2025-03-24,2025-02-01,Selangor,Shah Alam,35-44,Female,Self-employed,Mobile,Medium,Organic,Digital confidence,0.8,On track,Completed,1,71.1,96.5,25.4,3.0,6.0,Not measured,0,,
EN00393,PT0626,CH011,PRG05,Financial Literacy,Business,Community Upskilling,Hindi,Virtual,TR03,Johor,2025-02-17,2025-03-24,2025-02-01,Sabah,Kota Kinabalu,25-34,Male,Student,Shared device,High,Referral,Career growth,0.6,Watch,Completed,1,42.4,60.1,17.7,4.0,7.0,Not measured,0,,
EN00394,PT0310,CH011,PRG05,Financial Literacy,Business,Community Upskilling,Hindi,Virtual,TR03,Johor,2025-02-17,2025-03-24,2025-02-01,Penang,Seberang Perai,25-34,Female,Employed,Laptop/Desktop,High,Community partner,Job search,1.0,On track,Completed,1,71.8,99.4,27.6,5.0,9.0,Not measured,1,61.1,0.0
EN00395,PT0202,CH011,PRG05,Financial Literacy,Business,Community Upskilling,Hindi,Virtual,TR03,Johor,2025-02-17,2025-03-24,2025-02-01,Sarawak,Miri,18-24,Female,Student,Mobile,Medium,Organic,Employer requirement,1.0,On track,Completed,1,42.9,79.4,36.5,4.0,7.0,Not measured,1,39.8,1.0
EN00396,PT0621,CH011,PRG05,Financial Literacy,Business,Community Upskilling,Hindi,Virtual,TR03,Johor,2025-02-17,2025-03-24,2025-02-01,Selangor,Petaling,18-24,Male,Student,Laptop/Desktop,High,Organic,Job search,0.8,On track,Completed,1,55.7,64.8,9.1,3.0,6.0,Not measured,0,,
EN00397,PT0607,CH011,PRG05,Financial Literacy,Business,Community Upskilling,Hindi,Virtual,TR03,Johor,2025-02-17,2025-03-24,2025-02-01,Selangor,Shah Alam,25-34,Female,Employed,Shared device,Medium,Organic,Career growth,0.4,High risk,Completed,1,20.0,43.8,23.8,3.0,4.0,Not measured,0,,
EN00398,PT0679,CH011,PRG05,Financial Literacy,Business,Community Upskilling,Hindi,Virtual,TR03,Johor,2025-02-17,2025-03-24,2025-02-01,Penang,Seberang Perai,35-44,Female,Employed,Mobile,Medium,Community partner,Job search,1.0,On track,Completed,1,54.2,77.4,23.2,5.0,9.0,Not measured,0,,
EN00399,PT0185,CH011,PRG05,Financial Literacy,Business,Community Upskilling,Hindi,Virtual,TR03,Johor,2025-02-17,2025-03-24,2025-02-01,Kuala Lumpur,North,25-34,Female,Employed,Laptop/Desktop,Low,Referral,Digital confidence,0.8,On track,Dropped,0,41.2,62.2,21.0,5.0,10.0,Not measured,1,30.1,1.0
EN00400,PT0715,CH011,PRG05,Financial Literacy,Business,Community Upskilling,Hindi,Virtual,TR03,Johor,2025-02-17,2025-03-24,2025-02-01,Penang,Seberang Perai,25-34,Female,Job seeker,Mobile,High,Employer,Job search,0.8,On track,Completed,1,78.0,100.0,22.0,5.0,10.0,Not measured,1,33.9,0.0
EN00401,PT0706,CH011,PRG05,Financial Literacy,Business,Community Upskilling,Hindi,Virtual,TR03,Johor,2025-02-17,2025-03-24,2025-02-01,Sabah,Kota Kinabalu,35-44,Female,Job seeker,Mobile,Low,Organic,Career growth,1.0,On track,Completed,1,54.6,76.0,21.4,,,Not measured,0,,
EN00402,PT0090,CH011,PRG05,Financial Literacy,Business,Community Upskilling,Hindi,Virtual,TR03,Johor,2025-02-17,2025-03-24,2025-02-01,Penang,Seberang Perai,25-34,Male,Job seeker,Laptop/Desktop,Medium,Organic,Digital confidence,1.0,On track,Completed,1,55.8,78.4,22.6,4.0,10.0,Not measured,1,29.5,0.0
EN00403,PT0689,CH011,PRG05,Financial Literacy,Business,Community Upskilling,Hindi,Virtual,TR03,Johor,2025-02-17,2025-03-24,2025-02-01,Kuala Lumpur,North,35-44,Non-binary / Prefer not to say,Job seeker,Mobile,Medium,Organic,Digital confidence,0.4,High risk,Completed,1,71.0,87.5,16.5,4.0,8.0,Not measured,0,,
EN00404,PT0264,CH011,PRG05,Financial Literacy,Business,Community Upskilling,Hindi,Virtual,TR03,Johor,2025-02-17,2025-03-24,2025-02-01,Kuala Lumpur,Central,25-34,Female,Self-employed,Mobile,Medium,Referral,Job search,0.6,Watch,Completed,1,35.5,64.1,28.6,,,Not measured,0,,
EN00405,PT0723,CH011,PRG05,Financial Literacy,Business,Community Upskilling,Hindi,Virtual,TR03,Johor,2025-02-17,2025-03-24,2025-02-01,Sarawak,Miri,25-34,Female,Student,Laptop/Desktop,Medium,Community partner,Career growth,1.0,On track,Completed,1,20.0,49.9,29.9,3.0,5.0,Not measured,0,,
EN00406,PT0174,CH011,PRG05,Financial Literacy,Business,Community Upskilling,Hindi,Virtual,TR03,Johor,2025-02-17,2025-03-24,2025-02-01,Penang,Seberang Perai,25-34,Female,Employed,Mobile,Medium,Employer,Career growth,0.8,On track,In progress / incomplete,0,66.6,96.4,29.8,3.0,4.0,Not measured,0,,
EN00407,PT0755,CH011,PRG05,Financial Literacy,Business,Community Upskilling,Hindi,Virtual,TR03,Johor,2025-02-17,2025-03-24,2025-02-01,Johor,Muar,35-44,Male,Job seeker,Shared device,Low,Organic,Job search,0.8,On track,Completed,1,60.3,75.0,14.7,3.0,3.0,Not measured,0,,
EN00408,PT0561,CH011,PRG05,Financial Literacy,Business,Community Upskilling,Hindi,Virtual,TR03,Johor,2025-02-17,2025-03-24,2025-02-01,Sarawak,Kuching,35-44,Female,Employed,Mobile,Medium,Organic,Digital confidence,1.0,On track,Completed,1,43.4,79.0,35.6,5.0,9.0,Not measured,1,45.8,1.0
EN00409,PT0069,CH011,PRG05,Financial Literacy,Business,Community Upskilling,Hindi,Virtual,TR03,Johor,2025-02-17,2025-03-24,2025-02-01,Kuala Lumpur,Central,35-44,Male,Self-employed,Shared device,Medium,Referral,Digital confidence,0.8,On track,Completed,1,35.8,65.3,29.5,,,Not measured,0,,
EN00410,PT0338,CH011,PRG05,Financial Literacy,Business,Community Upskilling,Hindi,Virtual,TR03,Johor,2025-02-17,2025-03-24,2025-02-01,Penang,George Town,25-34,Female,Job seeker,Mobile,Medium,Community partner,Job search,0.8,On track,In progress / incomplete,0,49.7,82.4,32.7,,,Not measured,0,,
EN00411,PT0487,CH011,PRG05,Financial Literacy,Business,Community Upskilling,Hindi,Virtual,TR03,Johor,2025-02-17,2025-03-24,2025-02-01,Johor,Johor Bahru,18-24,Female,Job seeker,Mobile,Medium,Organic,Career growth,0.8,On track,Completed,1,74.7,97.8,23.1,4.0,8.0,Not measured,1,27.5,1.0
EN00412,PT0711,CH011,PRG05,Financial Literacy,Business,Community Upskilling,Hindi,Virtual,TR03,Johor,2025-02-17,2025-03-24,2025-02-01,Johor,Johor Bahru,25-34,Female,Job seeker,Mobile,Medium,Community partner,Employer requirement,0.8,On track,Completed,1,53.8,77.6,23.8,3.0,4.0,Not measured,1,13.2,1.0
EN00413,PT0008,CH011,PRG05,Financial Literacy,Business,Community Upskilling,Hindi,Virtual,TR03,Johor,2025-02-17,2025-03-24,2025-02-01,Sabah,Kota Kinabalu,25-34,Female,Job seeker,Mobile,High,Employer,Digital confidence,1.0,On track,Completed,1,45.8,66.4,20.6,4.0,6.0,Not measured,0,,
EN00414,PT0411,CH011,PRG05,Financial Literacy,Business,Community Upskilling,Hindi,Virtual,TR03,Johor,2025-02-17,2025-03-24,2025-02-01,Johor,Johor Bahru,25-34,Male,Job seeker,Mobile,Low,Referral,Job search,0.4,High risk,Completed,1,54.0,74.4,20.4,3.0,7.0,Not measured,0,,
EN00415,PT0299,CH011,PRG05,Financial Literacy,Business,Community Upskilling,Hindi,Virtual,TR03,Johor,2025-02-17,2025-03-24,2025-02-01,Selangor,Petaling,25-34,Female,Employed,Laptop/Desktop,Medium,Employer,Career growth,0.8,On track,Completed,1,54.7,77.1,22.4,3.0,7.0,Not measured,0,,
EN00416,PT0676,CH011,PRG05,Financial Literacy,Business,Community Upskilling,Hindi,Virtual,TR03,Johor,2025-02-17,2025-03-24,2025-02-01,Penang,Seberang Perai,18-24,Non-binary / Prefer not to say,Job seeker,Mobile,High,Organic,Employer requirement,0.8,On track,Completed,1,60.5,83.6,23.1,4.0,7.0,Not measured,1,6.2,1.0
EN00417,PT0400,CH011,PRG05,Financial Literacy,Business,Community Upskilling,Hindi,Virtual,TR03,Johor,2025-02-17,2025-03-24,2025-02-01,Selangor,Petaling,25-34,Male,Employed,Mobile,Low,Organic,Career growth,0.4,High risk,Completed,1,46.3,55.0,8.7,,,Not measured,1,9.1,1.0
EN00418,PT0015,CH011,PRG05,Financial Literacy,Business,Community Upskilling,Hindi,Virtual,TR03,Johor,2025-02-17,2025-03-24,2025-02-01,Johor,Johor Bahru,45+,Female,Self-employed,Mobile,Medium,Referral,Career growth,0.8,On track,Completed,1,52.6,78.0,25.4,4.0,6.0,Not measured,0,,
EN00419,PT0332,CH011,PRG05,Financial Literacy,Business,Community Upskilling,Hindi,Virtual,TR03,Johor,2025-02-17,2025-03-24,2025-02-01,Kuala Lumpur,Central,25-34,Male,Student,Laptop/Desktop,Low,Referral,Employer requirement,0.4,High risk,Completed,1,64.4,84.2,19.8,3.0,7.0,Not measured,0,,
EN00420,PT0321,CH011,PRG05,Financial Literacy,Business,Community Upskilling,Hindi,Virtual,TR03,Johor,2025-02-17,2025-03-24,2025-02-01,Kuala Lumpur,Central,25-34,Male,Employed,Mobile,Medium,Community partner,Job search,0.8,On track,Dropped,0,52.6,82.2,29.6,,,Not measured,0,,
EN00421,PT0028,CH011,PRG05,Financial Literacy,Business,Community Upskilling,Hindi,Virtual,TR03,Johor,2025-02-17,2025-03-24,2025-02-01,Sarawak,Miri,45+,Male,Student,Laptop/Desktop,High,Community partner,Employer requirement,1.0,On track,Completed,1,50.6,76.2,25.6,4.0,8.0,Not measured,1,13.0,1.0
EN00422,PT0416,CH011,PRG05,Financial Literacy,Business,Community Upskilling,Hindi,Virtual,TR03,Johor,2025-02-17,2025-03-24,2025-02-01,Selangor,Klang,35-44,Female,Job seeker,Mobile,Low,Employer,Employer requirement,0.6,Watch,Completed,1,42.2,58.2,16.0,4.0,7.0,Not measured,0,,
EN00423,PT0663,CH011,PRG05,Financial Literacy,Business,Community Upskilling,Hindi,Virtual,TR03,Johor,2025-02-17,2025-03-24,2025-02-01,Selangor,Petaling,25-34,Male,Job seeker,Mobile,Medium,Organic,Digital confidence,1.0,On track,Completed,1,61.1,87.7,26.6,5.0,10.0,Not measured,0,,
EN00424,PT0270,CH011,PRG05,Financial Literacy,Business,Community Upskilling,Hindi,Virtual,TR03,Johor,2025-02-17,2025-03-24,2025-02-01,Sabah,Sandakan,18-24,Female,Job seeker,Mobile,High,Organic,Career growth,0.8,On track,Completed,1,54.1,81.4,27.3,,,Not measured,0,,
EN00425,PT0486,CH011,PRG05,Financial Literacy,Business,Community Upskilling,Hindi,Virtual,TR03,Johor,2025-02-17,2025-03-24,2025-02-01,Sarawak,Miri,18-24,Male,Job seeker,Mobile,Low,Organic,Job search,0.4,High risk,Dropped,0,23.5,26.1,2.6,,,Not measured,2,31.0,1.0
EN00426,PT0105,CH011,PRG05,Financial Literacy,Business,Community Upskilling,Hindi,Virtual,TR03,Johor,2025-02-17,2025-03-24,2025-02-01,Sabah,Kota Kinabalu,25-34,Male,Self-employed,Mobile,High,Community partner,Digital confidence,0.6,Watch,Completed,1,47.4,68.1,20.7,4.0,7.0,Not measured,1,100.9,0.0
EN00427,PT0354,CH011,PRG05,Financial Literacy,Business,Community Upskilling,Hindi,Virtual,TR03,Johor,2025-02-17,2025-03-24,2025-02-01,Johor,Muar,18-24,Male,Job seeker,Shared device,High,Referral,Employer requirement,0.8,On track,Completed,1,61.0,82.9,21.9,4.0,10.0,Not measured,0,,
EN00428,PT0279,CH011,PRG05,Financial Literacy,Business,Community Upskilling,Hindi,Virtual,TR03,Johor,2025-02-17,2025-03-24,2025-02-01,Kuala Lumpur,North,18-24,Male,Employed,Laptop/Desktop,Medium,Community partner,Career growth,0.4,High risk,In progress / incomplete,0,79.6,98.2,18.6,4.0,10.0,Not measured,0,,
EN00429,PT0343,CH011,PRG05,Financial Literacy,Business,Community Upskilling,Hindi,Virtual,TR03,Johor,2025-02-17,2025-03-24,2025-02-01,Johor,Johor Bahru,18-24,Female,Job seeker,Laptop/Desktop,High,Employer,Job search,1.0,On track,Completed,1,55.9,79.2,23.3,4.0,8.0,Not measured,0,,
EN00430,PT0744,CH011,PRG05,Financial Literacy,Business,Community Upskilling,Hindi,Virtual,TR03,Johor,2025-02-17,2025-03-24,2025-02-01,Selangor,Shah Alam,45+,Female,Job seeker,Laptop/Desktop,Medium,Referral,Career growth,1.0,On track,Completed,1,30.9,73.8,42.9,4.0,7.0,Not measured,0,,
EN00431,PT0567,CH011,PRG05,Financial Literacy,Business,Community Upskilling,Hindi,Virtual,TR03,Johor,2025-02-17,2025-03-24,2025-02-01,Selangor,Petaling,25-34,Female,Employed,Laptop/Desktop,Medium,Referral,Job search,0.8,On track,Completed,1,53.2,73.7,20.5,4.0,8.0,Not measured,0,,
EN00432,PT0601,CH011,PRG05,Financial Literacy,Business,Community Upskilling,Hindi,Virtual,TR03,Johor,2025-02-17,2025-03-24,2025-02-01,Sarawak,Kuching,25-34,Female,Employed,Shared device,Medium,Organic,Career growth,0.6,Watch,Dropped,0,53.5,80.4,26.9,3.0,8.0,Not measured,0,,
EN00433,PT0640,CH011,PRG05,Financial Literacy,Business,Community Upskilling,Hindi,Virtual,TR03,Johor,2025-02-17,2025-03-24,2025-02-01,Sarawak,Kuching,18-24,Non-binary / Prefer not to say,Job seeker,Laptop/Desktop,Medium,Organic,Digital confidence,0.8,On track,Completed,1,31.4,51.3,19.9,4.0,8.0,Not measured,1,43.2,0.0
EN00434,PT0039,CH012,PRG06,Project Delivery Fundamentals,Operations,Workforce Development,English,Virtual,TR06,Selangor,2025-02-03,2025-03-31,2025-02-01,Selangor,Shah Alam,25-34,Male,Employed,Mobile,Medium,Organic,Employer requirement,1.0,On track,Completed,1,41.6,77.7,36.1,4.0,8.0,Not measured,0,,
EN00435,PT0226,CH012,PRG06,Project Delivery Fundamentals,Operations,Workforce Development,English,Virtual,TR06,Selangor,2025-02-03,2025-03-31,2025-02-01,Kuala Lumpur,North,45+,Female,Self-employed,Mobile,Low,Referral,Employer requirement,0.625,Watch,Completed,1,76.9,97.7,20.8,,,Not measured,1,50.4,0.0
EN00436,PT0480,CH012,PRG06,Project Delivery Fundamentals,Operations,Workforce Development,English,Virtual,TR06,Selangor,2025-02-03,2025-03-31,2025-02-01,Selangor,Klang,25-34,Male,Job seeker,Mobile,Medium,Community partner,Job search,0.875,On track,Completed,1,63.7,85.8,22.1,4.0,5.0,Not measured,0,,
EN00437,PT0495,CH012,PRG06,Project Delivery Fundamentals,Operations,Workforce Development,English,Virtual,TR06,Selangor,2025-02-03,2025-03-31,2025-02-01,Kuala Lumpur,South,25-34,Male,Employed,Mobile,Medium,Employer,Career growth,0.875,On track,Completed,1,53.8,79.5,25.7,4.0,8.0,Not measured,1,4.4,1.0
EN00438,PT0160,CH012,PRG06,Project Delivery Fundamentals,Operations,Workforce Development,English,Virtual,TR06,Selangor,2025-02-03,2025-03-31,2025-02-01,Kuala Lumpur,Central,35-44,Female,Employed,Laptop/Desktop,High,Referral,Career growth,0.875,On track,Completed,1,46.1,77.5,31.4,4.0,8.0,Not measured,0,,
EN00439,PT0258,CH012,PRG06,Project Delivery Fundamentals,Operations,Workforce Development,English,Virtual,TR06,Selangor,2025-02-03,2025-03-31,2025-02-01,Sabah,Kota Kinabalu,35-44,Female,Student,Mobile,Medium,Referral,Career growth,0.625,Watch,In progress / incomplete,0,52.7,80.3,27.6,3.0,5.0,Not measured,0,,
EN00440,PT0443,CH012,PRG06,Project Delivery Fundamentals,Operations,Workforce Development,English,Virtual,TR06,Selangor,2025-02-03,2025-03-31,2025-02-01,Selangor,Klang,18-24,Female,Employed,Laptop/Desktop,High,Community partner,Digital confidence,0.75,On track,Completed,1,73.3,93.8,20.5,4.0,7.0,Not measured,0,,
EN00441,PT0547,CH012,PRG06,Project Delivery Fundamentals,Operations,Workforce Development,English,Virtual,TR06,Selangor,2025-02-03,2025-03-31,2025-02-01,Sarawak,Kuching,25-34,Female,Job seeker,Laptop/Desktop,Medium,Community partner,Digital confidence,0.875,On track,Completed,1,47.4,69.0,21.6,5.0,10.0,Not measured,0,,
EN00442,PT0062,CH012,PRG06,Project Delivery Fundamentals,Operations,Workforce Development,English,Virtual,TR06,Selangor,2025-02-03,2025-03-31,2025-02-01,Selangor,Petaling,25-34,Female,Employed,Mobile,Medium,Organic,Career growth,0.5,Watch,Completed,1,43.5,58.4,14.9,,,Not measured,0,,
EN00443,PT0639,CH012,PRG06,Project Delivery Fundamentals,Operations,Workforce Development,English,Virtual,TR06,Selangor,2025-02-03,2025-03-31,2025-02-01,Selangor,Shah Alam,25-34,Female,Employed,Mobile,Medium,Referral,Digital confidence,0.625,Watch,Completed,1,65.5,83.8,18.3,4.0,8.0,Not measured,0,,
EN00444,PT0198,CH012,PRG06,Project Delivery Fundamentals,Operations,Workforce Development,English,Virtual,TR06,Selangor,2025-02-03,2025-03-31,2025-02-01,Sarawak,Kuching,35-44,Female,Employed,Mobile,Low,Employer,Employer requirement,0.75,On track,Completed,1,27.7,51.6,23.9,4.0,8.0,Not measured,0,,
EN00445,PT0764,CH012,PRG06,Project Delivery Fundamentals,Operations,Workforce Development,English,Virtual,TR06,Selangor,2025-02-03,2025-03-31,2025-02-01,Kuala Lumpur,Central,35-44,Male,Employed,Shared device,Medium,Community partner,Digital confidence,0.625,Watch,Completed,1,81.9,95.0,13.1,,,Not measured,0,,
EN00446,PT0640,CH012,PRG06,Project Delivery Fundamentals,Operations,Workforce Development,English,Virtual,TR06,Selangor,2025-02-03,2025-03-31,2025-02-01,Sarawak,Kuching,18-24,Non-binary / Prefer not to say,Job seeker,Laptop/Desktop,Medium,Employer,Digital confidence,0.875,On track,Completed,1,39.3,69.4,30.1,5.0,10.0,Not measured,0,,
EN00447,PT0311,CH012,PRG06,Project Delivery Fundamentals,Operations,Workforce Development,English,Virtual,TR06,Selangor,2025-02-03,2025-03-31,2025-02-01,Kuala Lumpur,South,18-24,Male,Employed,Mobile,Medium,Referral,Career growth,0.875,On track,Dropped,0,24.8,51.8,27.0,3.0,5.0,Not measured,0,,
EN00448,PT0705,CH012,PRG06,Project Delivery Fundamentals,Operations,Workforce Development,English,Virtual,TR06,Selangor,2025-02-03,2025-03-31,2025-02-01,Kuala Lumpur,North,18-24,Male,Employed,Shared device,Medium,Community partner,Career growth,0.75,On track,Completed,1,62.2,96.7,34.5,5.0,8.0,Not measured,1,24.1,1.0
EN00449,PT0419,CH012,PRG06,Project Delivery Fundamentals,Operations,Workforce Development,English,Virtual,TR06,Selangor,2025-02-03,2025-03-31,2025-02-01,Johor,Muar,25-34,Female,Job seeker,Mobile,Low,Referral,Digital confidence,0.625,Watch,In progress / incomplete,0,22.1,54.6,32.5,4.0,8.0,Not measured,1,7.9,1.0
EN00450,PT0120,CH012,PRG06,Project Delivery Fundamentals,Operations,Workforce Development,English,Virtual,TR06,Selangor,2025-02-03,2025-03-31,2025-02-01,Selangor,Petaling,45+,Non-binary / Prefer not to say,Employed,Laptop/Desktop,Medium,Organic,Job search,0.875,On track,Completed,1,54.0,78.1,24.1,5.0,10.0,Not measured,1,4.3,1.0
EN00451,PT0011,CH012,PRG06,Project Delivery Fundamentals,Operations,Workforce Development,English,Virtual,TR06,Selangor,2025-02-03,2025-03-31,2025-02-01,Sarawak,Miri,25-34,Female,Student,Laptop/Desktop,Low,Employer,Career growth,0.625,Watch,Completed,1,34.5,43.0,8.5,,,Not measured,0,,
EN00452,PT0737,CH012,PRG06,Project Delivery Fundamentals,Operations,Workforce Development,English,Virtual,TR06,Selangor,2025-02-03,2025-03-31,2025-02-01,Kuala Lumpur,Central,35-44,Female,Student,Laptop/Desktop,Medium,Referral,Employer requirement,0.625,Watch,In progress / incomplete,0,46.3,53.7,7.4,4.0,9.0,Not measured,1,15.9,1.0
EN00453,PT0310,CH012,PRG06,Project Delivery Fundamentals,Operations,Workforce Development,English,Virtual,TR06,Selangor,2025-02-03,2025-03-31,2025-02-01,Penang,Seberang Perai,25-34,Female,Employed,Laptop/Desktop,High,Referral,Career growth,0.875,On track,Completed,1,46.2,74.0,27.8,4.0,6.0,Not measured,0,,
EN00454,PT0203,CH012,PRG06,Project Delivery Fundamentals,Operations,Workforce Development,English,Virtual,TR06,Selangor,2025-02-03,2025-03-31,2025-02-01,Selangor,Klang,25-34,Male,Job seeker,Mobile,Medium,Community partner,Digital confidence,1.0,On track,Completed,1,24.9,62.9,38.0,4.0,6.0,Not measured,0,,
EN00455,PT0546,CH012,PRG06,Project Delivery Fundamentals,Operations,Workforce Development,English,Virtual,TR06,Selangor,2025-02-03,2025-03-31,2025-02-01,Penang,George Town,35-44,Female,Student,Laptop/Desktop,Medium,Community partner,Career growth,0.875,On track,Completed,1,27.8,40.0,12.2,,,Not measured,0,,
EN00456,PT0294,CH012,PRG06,Project Delivery Fundamentals,Operations,Workforce Development,English,Virtual,TR06,Selangor,2025-02-03,2025-03-31,2025-02-01,Sarawak,Kuching,25-34,Female,Self-employed,Laptop/Desktop,Low,Community partner,Job search,1.0,On track,Completed,1,34.5,68.8,34.3,5.0,10.0,Not measured,0,,
EN00457,PT0245,CH012,PRG06,Project Delivery Fundamentals,Operations,Workforce Development,English,Virtual,TR06,Selangor,2025-02-03,2025-03-31,2025-02-01,Johor,Johor Bahru,18-24,Male,Employed,Mobile,Medium,Community partner,Career growth,0.5,Watch,Completed,1,54.7,70.0,15.3,3.0,5.0,Not measured,0,,
EN00458,PT0606,CH012,PRG06,Project Delivery Fundamentals,Operations,Workforce Development,English,Virtual,TR06,Selangor,2025-02-03,2025-03-31,2025-02-01,Kuala Lumpur,Central,35-44,Male,Job seeker,Mobile,Medium,Community partner,Job search,0.625,Watch,In progress / incomplete,0,59.2,73.6,14.4,3.0,5.0,Not measured,0,,
EN00459,PT0588,CH012,PRG06,Project Delivery Fundamentals,Operations,Workforce Development,English,Virtual,TR06,Selangor,2025-02-03,2025-03-31,2025-02-01,Selangor,Petaling,18-24,Female,Self-employed,Mobile,High,Community partner,Career growth,0.75,On track,Completed,1,76.2,96.9,20.7,3.0,4.0,Not measured,0,,
EN00460,PT0748,CH012,PRG06,Project Delivery Fundamentals,Operations,Workforce Development,English,Virtual,TR06,Selangor,2025-02-03,2025-03-31,2025-02-01,Sabah,Sandakan,25-34,Female,Job seeker,Mobile,Low,Referral,Career growth,0.5,Watch,Completed,1,44.6,64.3,19.7,4.0,8.0,Not measured,0,,
EN00461,PT0440,CH012,PRG06,Project Delivery Fundamentals,Operations,Workforce Development,English,Virtual,TR06,Selangor,2025-02-03,2025-03-31,2025-02-01,Johor,Muar,18-24,Female,Employed,Mobile,Low,Community partner,Digital confidence,0.75,On track,Completed,1,59.5,89.2,29.7,4.0,7.0,Not measured,1,27.0,1.0
EN00462,PT0459,CH013,PRG01,Data Foundations,Data & Digital,Career Transition,English,Virtual,TR05,Johor,2025-03-17,2025-05-12,2025-03-01,Kuala Lumpur,South,25-34,Female,Job seeker,Mobile,Low,Employer,Employer requirement,0.625,Watch,Completed,1,65.3,78.4,13.1,3.0,5.0,Interview secured,0,,
EN00463,PT0197,CH013,PRG01,Data Foundations,Data & Digital,Career Transition,English,Virtual,TR05,Johor,2025-03-17,2025-05-12,2025-03-01,Kuala Lumpur,Central,18-24,Male,Employed,Laptop/Desktop,Medium,Referral,Digital confidence,0.5,Watch,Completed,1,61.9,71.3,9.4,3.0,6.0,New role,1,17.6,1.0
EN00464,PT0003,CH013,PRG01,Data Foundations,Data & Digital,Career Transition,English,Virtual,TR05,Johor,2025-03-17,2025-05-12,2025-03-01,Kuala Lumpur,Central,18-24,Female,Employed,Mobile,Medium,Community partner,Employer requirement,0.5,Watch,Completed,1,58.8,82.8,24.0,3.0,3.0,New role,0,,
EN00465,PT0595,CH013,PRG01,Data Foundations,Data & Digital,Career Transition,English,Virtual,TR05,Johor,2025-03-17,2025-05-12,2025-03-01,Penang,Seberang Perai,35-44,Male,Employed,Laptop/Desktop,High,Organic,Digital confidence,0.625,Watch,In progress / incomplete,0,60.9,83.8,22.9,3.0,3.0,Not measured,1,30.9,0.0
EN00466,PT0019,CH013,PRG01,Data Foundations,Data & Digital,Career Transition,English,Virtual,TR05,Johor,2025-03-17,2025-05-12,2025-03-01,Selangor,Shah Alam,25-34,Female,Job seeker,Mobile,Medium,Community partner,Career growth,0.875,On track,Completed,1,46.4,69.3,22.9,,,Interview secured,0,,
EN00467,PT0184,CH013,PRG01,Data Foundations,Data & Digital,Career Transition,English,Virtual,TR05,Johor,2025-03-17,2025-05-12,2025-03-01,Kuala Lumpur,South,25-34,Male,Employed,Mobile,Medium,Community partner,Career growth,0.875,On track,Dropped,0,60.4,89.9,29.5,4.0,6.0,Not measured,1,7.2,1.0
EN00468,PT0399,CH013,PRG01,Data Foundations,Data & Digital,Career Transition,English,Virtual,TR05,Johor,2025-03-17,2025-05-12,2025-03-01,Kuala Lumpur,North,45+,Female,Employed,Mobile,Low,Community partner,Job search,0.5,Watch,Completed,1,41.1,63.2,22.1,,,No change reported,0,,
EN00469,PT0216,CH013,PRG01,Data Foundations,Data & Digital,Career Transition,English,Virtual,TR05,Johor,2025-03-17,2025-05-12,2025-03-01,Penang,Seberang Perai,25-34,Male,Student,Laptop/Desktop,High,Community partner,Digital confidence,0.875,On track,Completed,1,82.5,100.0,17.5,5.0,9.0,No change reported,1,77.5,0.0
EN00470,PT0521,CH013,PRG01,Data Foundations,Data & Digital,Career Transition,English,Virtual,TR05,Johor,2025-03-17,2025-05-12,2025-03-01,Penang,George Town,35-44,Female,Employed,Laptop/Desktop,High,Organic,Digital confidence,0.875,On track,Completed,1,32.2,64.7,32.5,4.0,8.0,No change reported,2,20.2,1.0
EN00471,PT0217,CH013,PRG01,Data Foundations,Data & Digital,Career Transition,English,Virtual,TR05,Johor,2025-03-17,2025-05-12,2025-03-01,Selangor,Petaling,35-44,Female,Job seeker,Laptop/Desktop,Medium,Organic,Digital confidence,0.75,On track,Completed,1,46.6,58.4,11.8,3.0,6.0,New role,0,,
EN00472,PT0580,CH013,PRG01,Data Foundations,Data & Digital,Career Transition,English,Virtual,TR05,Johor,2025-03-17,2025-05-12,2025-03-01,Selangor,Klang,35-44,Male,Job seeker,Mobile,High,Community partner,Career growth,0.75,On track,Completed,1,53.3,76.0,22.7,3.0,6.0,No change reported,0,,
EN00473,PT0597,CH013,PRG01,Data Foundations,Data & Digital,Career Transition,English,Virtual,TR05,Johor,2025-03-17,2025-05-12,2025-03-01,Sarawak,Kuching,35-44,Male,Employed,Laptop/Desktop,Medium,Organic,Digital confidence,0.875,On track,Dropped,0,54.4,78.7,24.3,5.0,10.0,Not measured,0,,
EN00474,PT0682,CH013,PRG01,Data Foundations,Data & Digital,Career Transition,English,Virtual,TR05,Johor,2025-03-17,2025-05-12,2025-03-01,Sabah,Kota Kinabalu,45+,Male,Job seeker,Mobile,Medium,Organic,Digital confidence,0.875,On track,Completed,1,36.1,51.8,15.7,4.0,7.0,No change reported,2,26.6,1.0
EN00475,PT0590,CH013,PRG01,Data Foundations,Data & Digital,Career Transition,English,Virtual,TR05,Johor,2025-03-17,2025-05-12,2025-03-01,Selangor,Klang,35-44,Male,Employed,Laptop/Desktop,High,Community partner,Employer requirement,1.0,On track,Completed,1,71.6,100.0,28.4,5.0,9.0,No change reported,0,,
EN00476,PT0588,CH013,PRG01,Data Foundations,Data & Digital,Career Transition,English,Virtual,TR05,Johor,2025-03-17,2025-05-12,2025-03-01,Selangor,Petaling,18-24,Female,Self-employed,Mobile,High,Community partner,Career growth,1.0,On track,Completed,1,68.2,100.0,31.8,5.0,10.0,New role,0,,
EN00477,PT0775,CH013,PRG01,Data Foundations,Data & Digital,Career Transition,English,Virtual,TR05,Johor,2025-03-17,2025-05-12,2025-03-01,Penang,Seberang Perai,35-44,Male,Employed,Mobile,Low,Community partner,Job search,0.625,Watch,Completed,1,65.5,89.4,23.9,,,New role,1,54.9,0.0
EN00478,PT0289,CH013,PRG01,Data Foundations,Data & Digital,Career Transition,English,Virtual,TR05,Johor,2025-03-17,2025-05-12,2025-03-01,Kuala Lumpur,South,35-44,Female,Job seeker,Mobile,Medium,Referral,Career growth,0.75,On track,Completed,1,44.4,60.3,15.9,3.0,5.0,No change reported,1,15.1,1.0
EN00479,PT0128,CH013,PRG01,Data Foundations,Data & Digital,Career Transition,English,Virtual,TR05,Johor,2025-03-17,2025-05-12,2025-03-01,Kuala Lumpur,North,35-44,Male,Job seeker,Mobile,Medium,Community partner,Employer requirement,0.625,Watch,In progress / incomplete,0,61.0,88.2,27.2,4.0,9.0,Not measured,1,20.6,1.0
EN00480,PT0164,CH013,PRG01,Data Foundations,Data & Digital,Career Transition,English,Virtual,TR05,Johor,2025-03-17,2025-05-12,2025-03-01,Sarawak,Miri,25-34,Male,Job seeker,Mobile,Low,Organic,Job search,0.75,On track,Completed,1,68.2,88.4,20.2,3.0,5.0,No change reported,1,2.8,1.0
EN00481,PT0719,CH013,PRG01,Data Foundations,Data & Digital,Career Transition,English,Virtual,TR05,Johor,2025-03-17,2025-05-12,2025-03-01,Penang,George Town,18-24,Male,Employed,Laptop/Desktop,Medium,Organic,Digital confidence,0.875,On track,Completed,1,54.3,70.1,15.8,3.0,4.0,Interview secured,0,,
EN00482,PT0329,CH013,PRG01,Data Foundations,Data & Digital,Career Transition,English,Virtual,TR05,Johor,2025-03-17,2025-05-12,2025-03-01,Sabah,Sandakan,35-44,Male,Job seeker,Mobile,Low,Employer,Digital confidence,1.0,On track,Completed,1,54.8,74.2,19.4,4.0,9.0,Interview secured,0,,
EN00483,PT0779,CH013,PRG01,Data Foundations,Data & Digital,Career Transition,English,Virtual,TR05,Johor,2025-03-17,2025-05-12,2025-03-01,Selangor,Klang,18-24,Female,Student,Mobile,Medium,Organic,Career growth,0.75,On track,Completed,1,43.3,69.1,25.8,4.0,8.0,No change reported,0,,
EN00484,PT0431,CH013,PRG01,Data Foundations,Data & Digital,Career Transition,English,Virtual,TR05,Johor,2025-03-17,2025-05-12,2025-03-01,Penang,Seberang Perai,45+,Female,Student,Laptop/Desktop,Medium,Employer,Job search,0.75,On track,Completed,1,21.8,44.5,22.7,4.0,7.0,New role,0,,
EN00485,PT0543,CH013,PRG01,Data Foundations,Data & Digital,Career Transition,English,Virtual,TR05,Johor,2025-03-17,2025-05-12,2025-03-01,Selangor,Klang,25-34,Female,Job seeker,Mobile,Medium,Organic,Career growth,1.0,On track,Completed,1,52.0,95.5,43.5,,,Interview secured,0,,
EN00486,PT0193,CH013,PRG01,Data Foundations,Data & Digital,Career Transition,English,Virtual,TR05,Johor,2025-03-17,2025-05-12,2025-03-01,Selangor,Petaling,35-44,Male,Self-employed,Mobile,Medium,Referral,Digital confidence,0.875,On track,Completed,1,28.7,48.6,19.9,4.0,8.0,New role,0,,
EN00487,PT0226,CH013,PRG01,Data Foundations,Data & Digital,Career Transition,English,Virtual,TR05,Johor,2025-03-17,2025-05-12,2025-03-01,Kuala Lumpur,North,45+,Female,Self-employed,Mobile,Low,Organic,Career growth,0.625,Watch,Completed,1,53.5,78.5,25.0,4.0,7.0,Interview secured,3,15.6,1.0
EN00488,PT0391,CH013,PRG01,Data Foundations,Data & Digital,Career Transition,English,Virtual,TR05,Johor,2025-03-17,2025-05-12,2025-03-01,Kuala Lumpur,South,18-24,Female,Job seeker,Laptop/Desktop,Low,Employer,Job search,0.75,On track,Completed,1,35.1,52.2,17.1,4.0,10.0,Interview secured,0,,
EN00489,PT0218,CH013,PRG01,Data Foundations,Data & Digital,Career Transition,English,Virtual,TR05,Johor,2025-03-17,2025-05-12,2025-03-01,Sarawak,Miri,25-34,Male,Self-employed,Mobile,High,Referral,Employer requirement,0.75,On track,Completed,1,55.5,73.1,17.6,4.0,7.0,New role,0,,
EN00490,PT0505,CH013,PRG01,Data Foundations,Data & Digital,Career Transition,English,Virtual,TR05,Johor,2025-03-17,2025-05-12,2025-03-01,Kuala Lumpur,North,18-24,Female,Employed,Laptop/Desktop,Medium,Referral,Employer requirement,0.875,On track,Completed,1,82.6,100.0,17.4,4.0,10.0,No change reported,0,,
EN00491,PT0264,CH014,PRG02,Business Analytics Essentials,Data & Digital,Career Transition,English,In-person,TR04,Johor,2025-03-17,2025-05-26,2025-03-01,Kuala Lumpur,Central,25-34,Female,Self-employed,Mobile,Medium,Community partner,Job search,1.0,On track,Completed,1,76.5,100.0,23.5,,,No change reported,0,,
EN00492,PT0152,CH014,PRG02,Business Analytics Essentials,Data & Digital,Career Transition,English,In-person,TR04,Johor,2025-03-17,2025-05-26,2025-03-01,Penang,Seberang Perai,45+,Male,Self-employed,Laptop/Desktop,High,Organic,Career growth,1.0,On track,Completed,1,53.2,81.7,28.5,5.0,9.0,No change reported,0,,
EN00493,PT0381,CH014,PRG02,Business Analytics Essentials,Data & Digital,Career Transition,English,In-person,TR04,Johor,2025-03-17,2025-05-26,2025-03-01,Kuala Lumpur,Central,18-24,Female,Job seeker,Laptop/Desktop,Medium,Employer,Career growth,0.9,On track,Completed,1,60.0,85.9,25.9,,,No change reported,0,,
EN00494,PT0660,CH014,PRG02,Business Analytics Essentials,Data & Digital,Career Transition,English,In-person,TR04,Johor,2025-03-17,2025-05-26,2025-03-01,Sarawak,Kuching,45+,Female,Employed,Mobile,High,Organic,Job search,0.8,On track,Completed,1,36.3,74.0,37.7,4.0,7.0,No change reported,0,,
EN00495,PT0582,CH014,PRG02,Business Analytics Essentials,Data & Digital,Career Transition,English,In-person,TR04,Johor,2025-03-17,2025-05-26,2025-03-01,Selangor,Petaling,35-44,Female,Self-employed,Mobile,Medium,Organic,Employer requirement,0.9,On track,Completed,1,64.0,88.2,24.2,,,No change reported,1,16.8,1.0
EN00496,PT0260,CH014,PRG02,Business Analytics Essentials,Data & Digital,Career Transition,English,In-person,TR04,Johor,2025-03-17,2025-05-26,2025-03-01,Kuala Lumpur,North,35-44,Male,Self-employed,Laptop/Desktop,Low,Referral,Job search,0.8,On track,Completed,1,38.4,57.0,18.6,4.0,6.0,No change reported,0,,
EN00497,PT0183,CH014,PRG02,Business Analytics Essentials,Data & Digital,Career Transition,English,In-person,TR04,Johor,2025-03-17,2025-05-26,2025-03-01,Kuala Lumpur,Central,25-34,Male,Employed,Mobile,Medium,Referral,Employer requirement,0.7,Watch,Completed,1,43.5,60.3,16.8,4.0,8.0,Interview secured,1,22.4,1.0
EN00498,PT0683,CH014,PRG02,Business Analytics Essentials,Data & Digital,Career Transition,English,In-person,TR04,Johor,2025-03-17,2025-05-26,2025-03-01,Sarawak,Kuching,35-44,Female,Employed,Mobile,Medium,Community partner,Employer requirement,0.8,On track,Completed,1,60.4,88.5,28.1,4.0,8.0,No change reported,1,14.7,0.0
EN00499,PT0413,CH014,PRG02,Business Analytics Essentials,Data & Digital,Career Transition,English,In-person,TR04,Johor,2025-03-17,2025-05-26,2025-03-01,Sabah,Sandakan,18-24,Female,Job seeker,Mobile,Low,Community partner,Digital confidence,0.6,Watch,Completed,1,37.0,53.7,16.7,4.0,7.0,No change reported,0,,
EN00500,PT0312,CH014,PRG02,Business Analytics Essentials,Data & Digital,Career Transition,English,In-person,TR04,Johor,2025-03-17,2025-05-26,2025-03-01,Johor,Muar,35-44,Female,Job seeker,Laptop/Desktop,Medium,Community partner,Employer requirement,1.0,On track,Completed,1,32.6,67.2,34.6,,,No change reported,1,45.2,0.0
EN00501,PT0439,CH014,PRG02,Business Analytics Essentials,Data & Digital,Career Transition,English,In-person,TR04,Johor,2025-03-17,2025-05-26,2025-03-01,Sarawak,Miri,18-24,Female,Job seeker,Mobile,Medium,Organic,Employer requirement,0.8,On track,Completed,1,44.0,55.5,11.5,4.0,10.0,New role,0,,
EN00502,PT0262,CH014,PRG02,Business Analytics Essentials,Data & Digital,Career Transition,English,In-person,TR04,Johor,2025-03-17,2025-05-26,2025-03-01,Kuala Lumpur,North,25-34,Male,Student,Laptop/Desktop,Medium,Referral,Digital confidence,1.0,On track,Completed,1,67.8,91.9,24.1,5.0,10.0,No change reported,1,7.9,1.0
EN00503,PT0576,CH014,PRG02,Business Analytics Essentials,Data & Digital,Career Transition,English,In-person,TR04,Johor,2025-03-17,2025-05-26,2025-03-01,Johor,Johor Bahru,45+,Female,Employed,Mobile,Medium,Community partner,Career growth,1.0,On track,Completed,1,40.5,71.0,30.5,4.0,8.0,Interview secured,0,,
EN00504,PT0299,CH014,PRG02,Business Analytics Essentials,Data & Digital,Career Transition,English,In-person,TR04,Johor,2025-03-17,2025-05-26,2025-03-01,Selangor,Petaling,25-34,Female,Employed,Laptop/Desktop,Medium,Referral,Job search,0.9,On track,Completed,1,71.2,97.6,26.4,4.0,8.0,Interview secured,1,17.5,1.0
EN00505,PT0572,CH014,PRG02,Business Analytics Essentials,Data & Digital,Career Transition,English,In-person,TR04,Johor,2025-03-17,2025-05-26,2025-03-01,Kuala Lumpur,Central,35-44,Female,Student,Shared device,High,Community partner,Career growth,1.0,On track,Completed,1,54.7,80.9,26.2,4.0,7.0,No change reported,0,,
EN00506,PT0050,CH014,PRG02,Business Analytics Essentials,Data & Digital,Career Transition,English,In-person,TR04,Johor,2025-03-17,2025-05-26,2025-03-01,Penang,George Town,25-34,Female,Employed,Laptop/Desktop,Low,Community partner,Employer requirement,0.8,On track,Completed,1,37.8,59.6,21.8,4.0,7.0,No change reported,0,,
EN00507,PT0104,CH014,PRG02,Business Analytics Essentials,Data & Digital,Career Transition,English,In-person,TR04,Johor,2025-03-17,2025-05-26,2025-03-01,Selangor,Shah Alam,25-34,Male,Employed,Shared device,Medium,Referral,Job search,0.3,High risk,Completed,1,56.6,82.2,25.6,3.0,5.0,No change reported,2,18.6,0.5
EN00508,PT0025,CH014,PRG02,Business Analytics Essentials,Data & Digital,Career Transition,English,In-person,TR04,Johor,2025-03-17,2025-05-26,2025-03-01,Johor,Muar,25-34,Female,Job seeker,Laptop/Desktop,Medium,Referral,Career growth,0.8,On track,Completed,1,61.1,74.7,13.6,5.0,10.0,Interview secured,1,17.4,1.0
EN00509,PT0664,CH014,PRG02,Business Analytics Essentials,Data & Digital,Career Transition,English,In-person,TR04,Johor,2025-03-17,2025-05-26,2025-03-01,Selangor,Klang,18-24,Female,Employed,Mobile,Medium,Organic,Job search,0.9,On track,Completed,1,39.2,68.0,28.8,5.0,10.0,No change reported,0,,
EN00510,PT0281,CH014,PRG02,Business Analytics Essentials,Data & Digital,Career Transition,English,In-person,TR04,Johor,2025-03-17,2025-05-26,2025-03-01,Sabah,Sandakan,25-34,Male,Employed,Laptop/Desktop,High,Community partner,Digital confidence,1.0,On track,Completed,1,58.3,85.5,27.2,5.0,10.0,Interview secured,0,,
EN00511,PT0462,CH014,PRG02,Business Analytics Essentials,Data & Digital,Career Transition,English,In-person,TR04,Johor,2025-03-17,2025-05-26,2025-03-01,Selangor,Klang,25-34,Female,Job seeker,Mobile,Medium,Community partner,Job search,0.8,On track,Dropped,0,55.3,81.7,26.4,4.0,9.0,Not measured,0,,
EN00512,PT0617,CH014,PRG02,Business Analytics Essentials,Data & Digital,Career Transition,English,In-person,TR04,Johor,2025-03-17,2025-05-26,2025-03-01,Kuala Lumpur,South,35-44,Male,Self-employed,Laptop/Desktop,Medium,Organic,Employer requirement,1.0,On track,Completed,1,42.4,71.2,28.8,4.0,7.0,Interview secured,0,,
EN00513,PT0433,CH014,PRG02,Business Analytics Essentials,Data & Digital,Career Transition,English,In-person,TR04,Johor,2025-03-17,2025-05-26,2025-03-01,Selangor,Petaling,25-34,Male,Employed,Laptop/Desktop,Medium,Employer,Job search,0.7,Watch,In progress / incomplete,0,48.4,68.7,20.3,4.0,6.0,Not measured,0,,
EN00514,PT0612,CH014,PRG02,Business Analytics Essentials,Data & Digital,Career Transition,English,In-person,TR04,Johor,2025-03-17,2025-05-26,2025-03-01,Kuala Lumpur,Central,18-24,Male,Employed,Laptop/Desktop,Low,Organic,Career growth,1.0,On track,Completed,1,45.1,68.9,23.8,4.0,9.0,No change reported,0,,
EN00515,PT0607,CH014,PRG02,Business Analytics Essentials,Data & Digital,Career Transition,English,In-person,TR04,Johor,2025-03-17,2025-05-26,2025-03-01,Selangor,Shah Alam,25-34,Female,Employed,Shared device,Medium,Employer,Employer requirement,0.9,On track,Completed,1,60.7,75.4,14.7,4.0,5.0,No change reported,1,25.4,0.0
EN00516,PT0530,CH014,PRG02,Business Analytics Essentials,Data & Digital,Career Transition,English,In-person,TR04,Johor,2025-03-17,2025-05-26,2025-03-01,Johor,Muar,45+,Female,Student,Mobile,Medium,Organic,Career growth,0.8,On track,Completed,1,46.1,75.7,29.6,4.0,6.0,New role,1,21.1,1.0
EN00517,PT0241,CH014,PRG02,Business Analytics Essentials,Data & Digital,Career Transition,English,In-person,TR04,Johor,2025-03-17,2025-05-26,2025-03-01,Johor,Muar,45+,Non-binary / Prefer not to say,Employed,Mobile,Medium,Organic,Digital confidence,0.8,On track,Completed,1,32.7,45.3,12.6,4.0,6.0,Interview secured,0,,
EN00518,PT0471,CH014,PRG02,Business Analytics Essentials,Data & Digital,Career Transition,English,In-person,TR04,Johor,2025-03-17,2025-05-26,2025-03-01,Kuala Lumpur,Central,25-34,Female,Employed,Laptop/Desktop,High,Organic,Career growth,1.0,On track,Completed,1,67.6,91.5,23.9,4.0,6.0,No change reported,0,,
EN00519,PT0396,CH014,PRG02,Business Analytics Essentials,Data & Digital,Career Transition,English,In-person,TR04,Johor,2025-03-17,2025-05-26,2025-03-01,Kuala Lumpur,North,18-24,Female,Employed,Laptop/Desktop,Medium,Organic,Job search,0.9,On track,Completed,1,27.4,59.7,32.3,4.0,7.0,Interview secured,0,,
EN00520,PT0626,CH014,PRG02,Business Analytics Essentials,Data & Digital,Career Transition,English,In-person,TR04,Johor,2025-03-17,2025-05-26,2025-03-01,Sabah,Kota Kinabalu,25-34,Male,Student,Shared device,High,Referral,Digital confidence,0.9,On track,Completed,1,41.2,59.9,18.7,5.0,10.0,Interview secured,0,,
EN00521,PT0403,CH014,PRG02,Business Analytics Essentials,Data & Digital,Career Transition,English,In-person,TR04,Johor,2025-03-17,2025-05-26,2025-03-01,Kuala Lumpur,Central,35-44,Female,Student,Mobile,Medium,Community partner,Digital confidence,0.6,Watch,Completed,1,53.9,64.2,10.3,,,No change reported,1,14.4,1.0
EN00522,PT0560,CH015,PRG03,Digital Workplace Skills,Employability,Community Upskilling,Malay,Hybrid,TR10,Kuala Lumpur,2025-03-17,2025-04-28,2025-03-01,Johor,Johor Bahru,18-24,Male,Employed,Mobile,Low,Community partner,Job search,0.8333,On track,Completed,1,40.4,68.3,27.9,5.0,8.0,Not measured,1,19.5,1.0
EN00523,PT0285,CH015,PRG03,Digital Workplace Skills,Employability,Community Upskilling,Malay,Hybrid,TR10,Kuala Lumpur,2025-03-17,2025-04-28,2025-03-01,Selangor,Petaling,25-34,Male,Employed,Mobile,Medium,Organic,Job search,0.3333,High risk,In progress / incomplete,0,27.3,48.9,21.6,,,Not measured,0,,
EN00524,PT0271,CH015,PRG03,Digital Workplace Skills,Employability,Community Upskilling,Malay,Hybrid,TR10,Kuala Lumpur,2025-03-17,2025-04-28,2025-03-01,Selangor,Shah Alam,18-24,Male,Job seeker,Mobile,Medium,Community partner,Career growth,0.3333,High risk,Completed,1,47.4,68.3,20.9,,,Not measured,1,7.4,1.0
EN00525,PT0065,CH015,PRG03,Digital Workplace Skills,Employability,Community Upskilling,Malay,Hybrid,TR10,Kuala Lumpur,2025-03-17,2025-04-28,2025-03-01,Penang,Seberang Perai,18-24,Female,Student,Laptop/Desktop,High,Organic,Employer requirement,1.0,On track,Completed,1,56.4,88.8,32.4,5.0,10.0,Not measured,0,,
EN00526,PT0394,CH015,PRG03,Digital Workplace Skills,Employability,Community Upskilling,Malay,Hybrid,TR10,Kuala Lumpur,2025-03-17,2025-04-28,2025-03-01,Penang,George Town,25-34,Female,Job seeker,Mobile,Medium,Community partner,Career growth,0.8333,On track,Completed,1,68.2,94.0,25.8,4.0,8.0,Not measured,1,36.5,1.0
EN00527,PT0641,CH015,PRG03,Digital Workplace Skills,Employability,Community Upskilling,Malay,Hybrid,TR10,Kuala Lumpur,2025-03-17,2025-04-28,2025-03-01,Kuala Lumpur,South,25-34,Female,Job seeker,Mobile,Medium,Referral,Career growth,0.6667,Watch,Completed,1,51.1,67.4,16.3,,,Not measured,0,,
EN00528,PT0208,CH015,PRG03,Digital Workplace Skills,Employability,Community Upskilling,Malay,Hybrid,TR10,Kuala Lumpur,2025-03-17,2025-04-28,2025-03-01,Johor,Johor Bahru,35-44,Female,Employed,Laptop/Desktop,Medium,Community partner,Career growth,0.8333,On track,Completed,1,45.1,63.5,18.4,4.0,7.0,Not measured,0,,
EN00529,PT0700,CH015,PRG03,Digital Workplace Skills,Employability,Community Upskilling,Malay,Hybrid,TR10,Kuala Lumpur,2025-03-17,2025-04-28,2025-03-01,Selangor,Petaling,25-34,Female,Self-employed,Mobile,Medium,Referral,Employer requirement,0.8333,On track,Completed,1,86.6,100.0,13.4,4.0,7.0,Not measured,0,,
EN00530,PT0328,CH015,PRG03,Digital Workplace Skills,Employability,Community Upskilling,Malay,Hybrid,TR10,Kuala Lumpur,2025-03-17,2025-04-28,2025-03-01,Penang,George Town,25-34,Female,Job seeker,Laptop/Desktop,Medium,Community partner,Career growth,1.0,On track,Completed,1,51.3,65.9,14.6,4.0,7.0,Not measured,1,13.8,0.0
EN00531,PT0713,CH015,PRG03,Digital Workplace Skills,Employability,Community Upskilling,Malay,Hybrid,TR10,Kuala Lumpur,2025-03-17,2025-04-28,2025-03-01,Sarawak,Miri,25-34,Male,Job seeker,Mobile,Medium,Organic,Job search,0.8333,On track,Completed,1,53.4,73.8,20.4,3.0,3.0,Not measured,1,43.3,1.0
EN00532,PT0656,CH015,PRG03,Digital Workplace Skills,Employability,Community Upskilling,Malay,Hybrid,TR10,Kuala Lumpur,2025-03-17,2025-04-28,2025-03-01,Sabah,Kota Kinabalu,25-34,Female,Self-employed,Mobile,Medium,Referral,Career growth,0.8333,On track,Completed,1,67.4,97.9,30.5,4.0,6.0,Not measured,1,120.0,0.0
EN00533,PT0483,CH015,PRG03,Digital Workplace Skills,Employability,Community Upskilling,Malay,Hybrid,TR10,Kuala Lumpur,2025-03-17,2025-04-28,2025-03-01,Sabah,Kota Kinabalu,35-44,Male,Job seeker,Mobile,Medium,Community partner,Digital confidence,0.8333,On track,Completed,1,28.6,51.3,22.7,3.0,3.0,Not measured,0,,
EN00534,PT0086,CH015,PRG03,Digital Workplace Skills,Employability,Community Upskilling,Malay,Hybrid,TR10,Kuala Lumpur,2025-03-17,2025-04-28,2025-03-01,Sabah,Kota Kinabalu,35-44,Male,Employed,Shared device,Low,Community partner,Job search,0.5,Watch,Dropped,0,48.9,67.2,18.3,3.0,4.0,Not measured,2,33.6,0.0
EN00535,PT0616,CH015,PRG03,Digital Workplace Skills,Employability,Community Upskilling,Malay,Hybrid,TR10,Kuala Lumpur,2025-03-17,2025-04-28,2025-03-01,Penang,Seberang Perai,35-44,Male,Student,Laptop/Desktop,Medium,Organic,Job search,1.0,On track,Completed,1,74.2,100.0,25.8,4.0,6.0,Not measured,0,,
EN00536,PT0300,CH015,PRG03,Digital Workplace Skills,Employability,Community Upskilling,Malay,Hybrid,TR10,Kuala Lumpur,2025-03-17,2025-04-28,2025-03-01,Kuala Lumpur,North,18-24,Female,Student,Laptop/Desktop,Medium,Organic,Employer requirement,1.0,On track,Completed,1,50.3,81.3,31.0,4.0,9.0,Not measured,1,16.9,1.0
EN00537,PT0590,CH015,PRG03,Digital Workplace Skills,Employability,Community Upskilling,Malay,Hybrid,TR10,Kuala Lumpur,2025-03-17,2025-04-28,2025-03-01,Selangor,Klang,35-44,Male,Employed,Laptop/Desktop,High,Organic,Employer requirement,1.0,On track,Completed,1,77.6,100.0,22.4,4.0,7.0,Not measured,0,,
EN00538,PT0432,CH015,PRG03,Digital Workplace Skills,Employability,Community Upskilling,Malay,Hybrid,TR10,Kuala Lumpur,2025-03-17,2025-04-28,2025-03-01,Sarawak,Miri,35-44,Female,Self-employed,Mobile,High,Community partner,Digital confidence,1.0,On track,Completed,1,63.0,86.8,23.8,,,Not measured,0,,
EN00539,PT0025,CH015,PRG03,Digital Workplace Skills,Employability,Community Upskilling,Malay,Hybrid,TR10,Kuala Lumpur,2025-03-17,2025-04-28,2025-03-01,Johor,Muar,25-34,Female,Job seeker,Laptop/Desktop,Medium,Community partner,Digital confidence,1.0,On track,Completed,1,39.3,72.7,33.4,4.0,7.0,Not measured,0,,
EN00540,PT0283,CH015,PRG03,Digital Workplace Skills,Employability,Community Upskilling,Malay,Hybrid,TR10,Kuala Lumpur,2025-03-17,2025-04-28,2025-03-01,Kuala Lumpur,South,45+,Female,Job seeker,Laptop/Desktop,Low,Community partner,Job search,1.0,On track,Completed,1,48.8,76.4,27.6,5.0,10.0,Not measured,0,,
EN00541,PT0563,CH015,PRG03,Digital Workplace Skills,Employability,Community Upskilling,Malay,Hybrid,TR10,Kuala Lumpur,2025-03-17,2025-04-28,2025-03-01,Selangor,Shah Alam,18-24,Female,Employed,Mobile,Low,Community partner,Digital confidence,0.8333,On track,In progress / incomplete,0,60.3,87.4,27.1,4.0,9.0,Not measured,1,18.7,1.0
EN00542,PT0072,CH015,PRG03,Digital Workplace Skills,Employability,Community Upskilling,Malay,Hybrid,TR10,Kuala Lumpur,2025-03-17,2025-04-28,2025-03-01,Johor,Muar,25-34,Female,Employed,Laptop/Desktop,Medium,Organic,Career growth,1.0,On track,Completed,1,56.0,86.6,30.6,5.0,10.0,Not measured,1,30.0,1.0
EN00543,PT0100,CH015,PRG03,Digital Workplace Skills,Employability,Community Upskilling,Malay,Hybrid,TR10,Kuala Lumpur,2025-03-17,2025-04-28,2025-03-01,Selangor,Petaling,18-24,Female,Employed,Mobile,High,Referral,Career growth,1.0,On track,Completed,1,25.5,60.1,34.6,3.0,5.0,Not measured,0,,
EN00544,PT0670,CH015,PRG03,Digital Workplace Skills,Employability,Community Upskilling,Malay,Hybrid,TR10,Kuala Lumpur,2025-03-17,2025-04-28,2025-03-01,Sabah,Sandakan,18-24,Female,Student,Laptop/Desktop,Medium,Referral,Employer requirement,0.6667,Watch,Completed,1,39.8,52.1,12.3,4.0,7.0,Not measured,1,20.3,1.0
EN00545,PT0664,CH015,PRG03,Digital Workplace Skills,Employability,Community Upskilling,Malay,Hybrid,TR10,Kuala Lumpur,2025-03-17,2025-04-28,2025-03-01,Selangor,Klang,18-24,Female,Employed,Mobile,Medium,Community partner,Career growth,0.8333,On track,Dropped,0,41.6,76.3,34.7,3.0,7.0,Not measured,0,,
EN00546,PT0183,CH015,PRG03,Digital Workplace Skills,Employability,Community Upskilling,Malay,Hybrid,TR10,Kuala Lumpur,2025-03-17,2025-04-28,2025-03-01,Kuala Lumpur,Central,25-34,Male,Employed,Mobile,Medium,Community partner,Career growth,0.3333,High risk,Completed,1,44.9,55.4,10.5,,,Not measured,0,,
EN00547,PT0076,CH015,PRG03,Digital Workplace Skills,Employability,Community Upskilling,Malay,Hybrid,TR10,Kuala Lumpur,2025-03-17,2025-04-28,2025-03-01,Sabah,Sandakan,25-34,Female,Employed,Laptop/Desktop,Medium,Organic,Digital confidence,0.8333,On track,Completed,1,31.4,45.6,14.2,4.0,8.0,Not measured,0,,
EN00548,PT0537,CH015,PRG03,Digital Workplace Skills,Employability,Community Upskilling,Malay,Hybrid,TR10,Kuala Lumpur,2025-03-17,2025-04-28,2025-03-01,Sarawak,Kuching,18-24,Female,Employed,Mobile,High,Employer,Employer requirement,0.8333,On track,Completed,1,56.8,81.2,24.4,4.0,6.0,Not measured,2,15.2,1.0
EN00549,PT0747,CH015,PRG03,Digital Workplace Skills,Employability,Community Upskilling,Malay,Hybrid,TR10,Kuala Lumpur,2025-03-17,2025-04-28,2025-03-01,Sabah,Sandakan,18-24,Male,Employed,Laptop/Desktop,High,Community partner,Job search,1.0,On track,Completed,1,66.1,99.2,33.1,4.0,10.0,Not measured,0,,
EN00550,PT0274,CH015,PRG03,Digital Workplace Skills,Employability,Community Upskilling,Malay,Hybrid,TR10,Kuala Lumpur,2025-03-17,2025-04-28,2025-03-01,Johor,Muar,35-44,Female,Employed,Mobile,High,Organic,Digital confidence,0.5,Watch,Completed,1,73.2,94.8,21.6,4.0,7.0,Not measured,0,,
EN00551,PT0474,CH015,PRG03,Digital Workplace Skills,Employability,Community Upskilling,Malay,Hybrid,TR10,Kuala Lumpur,2025-03-17,2025-04-28,2025-03-01,Kuala Lumpur,North,35-44,Male,Employed,Shared device,Low,Community partner,Career growth,0.3333,High risk,Dropped,0,49.1,66.9,17.8,3.0,4.0,Not measured,1,3.9,1.0
EN00552,PT0735,CH016,PRG04,Customer Support Excellence,Operations,Workforce Development,English,Virtual,TR04,Kuala Lumpur,2025-03-17,2025-04-28,2025-03-01,Johor,Muar,35-44,Male,Employed,Mobile,Medium,Employer,Employer requirement,0.8333,On track,Completed,1,68.1,89.3,21.2,4.0,9.0,Not measured,1,28.8,1.0
EN00553,PT0301,CH016,PRG04,Customer Support Excellence,Operations,Workforce Development,English,Virtual,TR04,Kuala Lumpur,2025-03-17,2025-04-28,2025-03-01,Johor,Johor Bahru,25-34,Female,Student,Mobile,Medium,Referral,Job search,0.1667,High risk,Dropped,0,59.0,66.7,7.7,3.0,3.0,Not measured,1,66.2,0.0
EN00554,PT0197,CH016,PRG04,Customer Support Excellence,Operations,Workforce Development,English,Virtual,TR04,Kuala Lumpur,2025-03-17,2025-04-28,2025-03-01,Kuala Lumpur,Central,18-24,Male,Employed,Laptop/Desktop,Medium,Community partner,Career growth,0.5,Watch,Completed,1,62.5,71.8,9.3,4.0,7.0,Not measured,0,,
EN00555,PT0150,CH016,PRG04,Customer Support Excellence,Operations,Workforce Development,English,Virtual,TR04,Kuala Lumpur,2025-03-17,2025-04-28,2025-03-01,Penang,Seberang Perai,18-24,Male,Employed,Mobile,Medium,Employer,Employer requirement,0.6667,Watch,Dropped,0,61.6,81.5,19.9,4.0,10.0,Not measured,0,,
EN00556,PT0624,CH016,PRG04,Customer Support Excellence,Operations,Workforce Development,English,Virtual,TR04,Kuala Lumpur,2025-03-17,2025-04-28,2025-03-01,Sarawak,Kuching,25-34,Female,Self-employed,Laptop/Desktop,Medium,Community partner,Job search,0.5,Watch,Completed,1,43.2,57.0,13.8,4.0,8.0,Not measured,0,,
EN00557,PT0317,CH016,PRG04,Customer Support Excellence,Operations,Workforce Development,English,Virtual,TR04,Kuala Lumpur,2025-03-17,2025-04-28,2025-03-01,Selangor,Shah Alam,18-24,Male,Self-employed,Laptop/Desktop,Low,Community partner,Job search,0.8333,On track,Completed,1,61.9,100.0,38.1,4.0,8.0,Not measured,0,,
EN00558,PT0591,CH016,PRG04,Customer Support Excellence,Operations,Workforce Development,English,Virtual,TR04,Kuala Lumpur,2025-03-17,2025-04-28,2025-03-01,Selangor,Klang,25-34,Male,Employed,Mobile,High,Community partner,Career growth,0.8333,On track,Completed,1,72.5,97.6,25.1,,,Not measured,0,,
EN00559,PT0298,CH016,PRG04,Customer Support Excellence,Operations,Workforce Development,English,Virtual,TR04,Kuala Lumpur,2025-03-17,2025-04-28,2025-03-01,Johor,Muar,45+,Male,Job seeker,Mobile,Medium,Organic,Job search,0.3333,High risk,Completed,1,77.5,89.6,12.1,2.0,4.0,Not measured,0,,
EN00560,PT0730,CH016,PRG04,Customer Support Excellence,Operations,Workforce Development,English,Virtual,TR04,Kuala Lumpur,2025-03-17,2025-04-28,2025-03-01,Penang,Seberang Perai,45+,Male,Job seeker,Shared device,Medium,Referral,Career growth,0.6667,Watch,Completed,1,28.9,55.2,26.3,4.0,8.0,Not measured,0,,
EN00561,PT0571,CH016,PRG04,Customer Support Excellence,Operations,Workforce Development,English,Virtual,TR04,Kuala Lumpur,2025-03-17,2025-04-28,2025-03-01,Penang,George Town,18-24,Male,Employed,Laptop/Desktop,Medium,Organic,Career growth,1.0,On track,Completed,1,48.5,75.1,26.6,3.0,6.0,Not measured,0,,
EN00562,PT0641,CH016,PRG04,Customer Support Excellence,Operations,Workforce Development,English,Virtual,TR04,Kuala Lumpur,2025-03-17,2025-04-28,2025-03-01,Kuala Lumpur,South,25-34,Female,Job seeker,Mobile,Medium,Community partner,Career growth,0.5,Watch,Completed,1,66.2,87.2,21.0,3.0,6.0,Not measured,1,10.3,1.0
EN00563,PT0304,CH016,PRG04,Customer Support Excellence,Operations,Workforce Development,English,Virtual,TR04,Kuala Lumpur,2025-03-17,2025-04-28,2025-03-01,Penang,Seberang Perai,25-34,Female,Job seeker,Mobile,Medium,Organic,Job search,0.8333,On track,Completed,1,62.5,79.6,17.1,5.0,9.0,Not measured,0,,
EN00564,PT0333,CH016,PRG04,Customer Support Excellence,Operations,Workforce Development,English,Virtual,TR04,Kuala Lumpur,2025-03-17,2025-04-28,2025-03-01,Penang,George Town,18-24,Female,Job seeker,Mobile,Medium,Employer,Career growth,1.0,On track,Completed,1,59.5,83.8,24.3,5.0,10.0,Not measured,1,10.1,1.0
EN00565,PT0231,CH016,PRG04,Customer Support Excellence,Operations,Workforce Development,English,Virtual,TR04,Kuala Lumpur,2025-03-17,2025-04-28,2025-03-01,Kuala Lumpur,Central,18-24,Female,Self-employed,Laptop/Desktop,Low,Employer,Career growth,0.6667,Watch,Completed,1,80.2,100.0,19.8,,,Not measured,0,,
EN00566,PT0775,CH016,PRG04,Customer Support Excellence,Operations,Workforce Development,English,Virtual,TR04,Kuala Lumpur,2025-03-17,2025-04-28,2025-03-01,Penang,Seberang Perai,35-44,Male,Employed,Mobile,Low,Community partner,Job search,0.6667,Watch,Dropped,0,62.2,88.8,26.6,,,Not measured,2,26.0,1.0
EN00567,PT0536,CH016,PRG04,Customer Support Excellence,Operations,Workforce Development,English,Virtual,TR04,Kuala Lumpur,2025-03-17,2025-04-28,2025-03-01,Selangor,Petaling,25-34,Male,Job seeker,Shared device,Medium,Community partner,Digital confidence,0.5,Watch,Completed,1,53.1,83.7,30.6,2.0,1.0,Not measured,0,,
EN00568,PT0522,CH016,PRG04,Customer Support Excellence,Operations,Workforce Development,English,Virtual,TR04,Kuala Lumpur,2025-03-17,2025-04-28,2025-03-01,Kuala Lumpur,North,35-44,Male,Self-employed,Laptop/Desktop,Low,Employer,Digital confidence,0.8333,On track,Completed,1,59.2,98.5,39.3,4.0,6.0,Not measured,2,45.8,0.5
EN00569,PT0019,CH016,PRG04,Customer Support Excellence,Operations,Workforce Development,English,Virtual,TR04,Kuala Lumpur,2025-03-17,2025-04-28,2025-03-01,Selangor,Shah Alam,25-34,Female,Job seeker,Mobile,Medium,Community partner,Digital confidence,1.0,On track,Completed,1,68.5,100.0,31.5,5.0,8.0,Not measured,0,,
EN00570,PT0344,CH016,PRG04,Customer Support Excellence,Operations,Workforce Development,English,Virtual,TR04,Kuala Lumpur,2025-03-17,2025-04-28,2025-03-01,Selangor,Shah Alam,25-34,Male,Self-employed,Laptop/Desktop,High,Community partner,Digital confidence,0.5,Watch,Dropped,0,56.6,74.1,17.5,3.0,5.0,Not measured,0,,
EN00571,PT0207,CH016,PRG04,Customer Support Excellence,Operations,Workforce Development,English,Virtual,TR04,Kuala Lumpur,2025-03-17,2025-04-28,2025-03-01,Kuala Lumpur,North,25-34,Male,Job seeker,Laptop/Desktop,Medium,Referral,Job search,0.8333,On track,Completed,1,55.8,86.3,30.5,4.0,6.0,Not measured,0,,
EN00572,PT0194,CH016,PRG04,Customer Support Excellence,Operations,Workforce Development,English,Virtual,TR04,Kuala Lumpur,2025-03-17,2025-04-28,2025-03-01,Selangor,Petaling,18-24,Female,Employed,Mobile,Medium,Organic,Career growth,0.6667,Watch,Completed,1,75.4,94.8,19.4,4.0,6.0,Not measured,0,,
EN00573,PT0416,CH016,PRG04,Customer Support Excellence,Operations,Workforce Development,English,Virtual,TR04,Kuala Lumpur,2025-03-17,2025-04-28,2025-03-01,Selangor,Klang,35-44,Female,Job seeker,Mobile,Low,Employer,Digital confidence,0.8333,On track,Completed,1,64.6,83.6,19.0,4.0,7.0,Not measured,0,,
EN00574,PT0278,CH016,PRG04,Customer Support Excellence,Operations,Workforce Development,English,Virtual,TR04,Kuala Lumpur,2025-03-17,2025-04-28,2025-03-01,Selangor,Petaling,25-34,Male,Employed,Laptop/Desktop,Medium,Organic,Employer requirement,0.6667,Watch,Completed,1,56.2,67.4,11.2,,,Not measured,0,,
EN00575,PT0246,CH016,PRG04,Customer Support Excellence,Operations,Workforce Development,English,Virtual,TR04,Kuala Lumpur,2025-03-17,2025-04-28,2025-03-01,Sarawak,Miri,25-34,Non-binary / Prefer not to say,Employed,Mobile,Low,Organic,Digital confidence,0.8333,On track,Completed,1,43.8,68.4,24.6,,,Not measured,0,,
EN00576,PT0594,CH016,PRG04,Customer Support Excellence,Operations,Workforce Development,English,Virtual,TR04,Kuala Lumpur,2025-03-17,2025-04-28,2025-03-01,Kuala Lumpur,Central,35-44,Male,Job seeker,Shared device,Medium,Organic,Employer requirement,0.8333,On track,Completed,1,42.5,66.6,24.1,5.0,9.0,Not measured,0,,
EN00577,PT0455,CH016,PRG04,Customer Support Excellence,Operations,Workforce Development,English,Virtual,TR04,Kuala Lumpur,2025-03-17,2025-04-28,2025-03-01,Selangor,Klang,18-24,Male,Job seeker,Mobile,Medium,Community partner,Employer requirement,0.8333,On track,Completed,1,44.5,74.5,30.0,,,Not measured,1,35.0,1.0
EN00578,PT0399,CH016,PRG04,Customer Support Excellence,Operations,Workforce Development,English,Virtual,TR04,Kuala Lumpur,2025-03-17,2025-04-28,2025-03-01,Kuala Lumpur,North,45+,Female,Employed,Mobile,Low,Referral,Job search,0.6667,Watch,Completed,1,60.8,86.3,25.5,3.0,5.0,Not measured,2,14.4,0.5
EN00579,PT0061,CH016,PRG04,Customer Support Excellence,Operations,Workforce Development,English,Virtual,TR04,Kuala Lumpur,2025-03-17,2025-04-28,2025-03-01,Penang,George Town,35-44,Female,Employed,Mobile,High,Organic,Career growth,0.8333,On track,Completed,1,83.0,100.0,17.0,4.0,8.0,Not measured,0,,
EN00580,PT0003,CH016,PRG04,Customer Support Excellence,Operations,Workforce Development,English,Virtual,TR04,Kuala Lumpur,2025-03-17,2025-04-28,2025-03-01,Kuala Lumpur,Central,18-24,Female,Employed,Mobile,Medium,Employer,Job search,0.5,Watch,Dropped,0,52.7,72.6,19.9,4.0,8.0,Not measured,0,,
EN00581,PT0760,CH016,PRG04,Customer Support Excellence,Operations,Workforce Development,English,Virtual,TR04,Kuala Lumpur,2025-03-17,2025-04-28,2025-03-01,Penang,George Town,25-34,Female,Employed,Laptop/Desktop,Medium,Referral,Digital confidence,1.0,On track,In progress / incomplete,0,56.6,82.9,26.3,,,Not measured,0,,
EN00582,PT0514,CH017,PRG05,Financial Literacy,Business,Community Upskilling,Hindi,Virtual,TR02,Selangor,2025-03-03,2025-04-07,2025-03-01,Sabah,Sandakan,25-34,Female,Employed,Mobile,Low,Community partner,Career growth,0.6,Watch,Completed,1,48.0,70.8,22.8,2.0,3.0,Not measured,1,26.7,1.0
EN00583,PT0291,CH017,PRG05,Financial Literacy,Business,Community Upskilling,Hindi,Virtual,TR02,Selangor,2025-03-03,2025-04-07,2025-03-01,Penang,Seberang Perai,18-24,Female,Student,Mobile,Low,Community partner,Job search,1.0,On track,Completed,1,41.4,59.6,18.2,5.0,10.0,Not measured,1,24.7,1.0
EN00584,PT0770,CH017,PRG05,Financial Literacy,Business,Community Upskilling,Hindi,Virtual,TR02,Selangor,2025-03-03,2025-04-07,2025-03-01,Johor,Johor Bahru,45+,Male,Job seeker,Laptop/Desktop,High,Organic,Job search,1.0,On track,Completed,1,46.0,85.0,39.0,,,Not measured,1,16.5,1.0
EN00585,PT0455,CH017,PRG05,Financial Literacy,Business,Community Upskilling,Hindi,Virtual,TR02,Selangor,2025-03-03,2025-04-07,2025-03-01,Selangor,Klang,18-24,Male,Job seeker,Mobile,Medium,Community partner,Digital confidence,1.0,On track,Completed,1,36.1,68.5,32.4,4.0,7.0,Not measured,0,,
EN00586,PT0489,CH017,PRG05,Financial Literacy,Business,Community Upskilling,Hindi,Virtual,TR02,Selangor,2025-03-03,2025-04-07,2025-03-01,Sarawak,Miri,25-34,Female,Employed,Mobile,High,Community partner,Employer requirement,0.8,On track,Completed,1,61.2,83.9,22.7,,,Not measured,0,,
EN00587,PT0337,CH017,PRG05,Financial Literacy,Business,Community Upskilling,Hindi,Virtual,TR02,Selangor,2025-03-03,2025-04-07,2025-03-01,Kuala Lumpur,Central,35-44,Female,Student,Laptop/Desktop,Low,Referral,Employer requirement,0.8,On track,Completed,1,44.8,64.9,20.1,4.0,7.0,Not measured,1,9.2,1.0
EN00588,PT0715,CH017,PRG05,Financial Literacy,Business,Community Upskilling,Hindi,Virtual,TR02,Selangor,2025-03-03,2025-04-07,2025-03-01,Penang,Seberang Perai,25-34,Female,Job seeker,Mobile,High,Employer,Job search,0.8,On track,Completed,1,48.7,73.2,24.5,4.0,9.0,Not measured,0,,
EN00589,PT0546,CH017,PRG05,Financial Literacy,Business,Community Upskilling,Hindi,Virtual,TR02,Selangor,2025-03-03,2025-04-07,2025-03-01,Penang,George Town,35-44,Female,Student,Laptop/Desktop,Medium,Organic,Employer requirement,1.0,On track,Completed,1,47.6,60.8,13.2,5.0,10.0,Not measured,0,,
EN00590,PT0570,CH017,PRG05,Financial Literacy,Business,Community Upskilling,Hindi,Virtual,TR02,Selangor,2025-03-03,2025-04-07,2025-03-01,Sarawak,Kuching,35-44,Male,Employed,Mobile,Medium,Referral,Employer requirement,0.4,High risk,In progress / incomplete,0,60.9,78.3,17.4,2.0,4.0,Not measured,0,,
EN00591,PT0634,CH017,PRG05,Financial Literacy,Business,Community Upskilling,Hindi,Virtual,TR02,Selangor,2025-03-03,2025-04-07,2025-03-01,Johor,Muar,35-44,Non-binary / Prefer not to say,Employed,Laptop/Desktop,High,Employer,Employer requirement,1.0,On track,Completed,1,45.3,65.7,20.4,,,Not measured,2,16.8,0.5
EN00592,PT0075,CH017,PRG05,Financial Literacy,Business,Community Upskilling,Hindi,Virtual,TR02,Selangor,2025-03-03,2025-04-07,2025-03-01,Selangor,Klang,35-44,Male,Self-employed,Laptop/Desktop,Medium,Referral,Job search,1.0,On track,Completed,1,54.0,81.0,27.0,,,Not measured,0,,
EN00593,PT0690,CH017,PRG05,Financial Literacy,Business,Community Upskilling,Hindi,Virtual,TR02,Selangor,2025-03-03,2025-04-07,2025-03-01,Kuala Lumpur,South,25-34,Female,Student,Laptop/Desktop,Medium,Organic,Employer requirement,1.0,On track,Completed,1,58.3,87.0,28.7,4.0,9.0,Not measured,1,26.9,1.0
EN00594,PT0674,CH017,PRG05,Financial Literacy,Business,Community Upskilling,Hindi,Virtual,TR02,Selangor,2025-03-03,2025-04-07,2025-03-01,Kuala Lumpur,South,18-24,Female,Student,Mobile,High,Organic,Career growth,1.0,On track,Completed,1,71.1,92.7,21.6,,,Not measured,0,,
EN00595,PT0517,CH017,PRG05,Financial Literacy,Business,Community Upskilling,Hindi,Virtual,TR02,Selangor,2025-03-03,2025-04-07,2025-03-01,Selangor,Shah Alam,35-44,Female,Job seeker,Mobile,Low,Referral,Digital confidence,0.4,High risk,Completed,1,65.1,81.9,16.8,3.0,3.0,Not measured,3,16.5,0.6667
EN00596,PT0748,CH017,PRG05,Financial Literacy,Business,Community Upskilling,Hindi,Virtual,TR02,Selangor,2025-03-03,2025-04-07,2025-03-01,Sabah,Sandakan,25-34,Female,Job seeker,Mobile,Low,Community partner,Digital confidence,0.6,Watch,Completed,1,46.7,55.2,8.5,4.0,7.0,Not measured,0,,
EN00597,PT0332,CH017,PRG05,Financial Literacy,Business,Community Upskilling,Hindi,Virtual,TR02,Selangor,2025-03-03,2025-04-07,2025-03-01,Kuala Lumpur,Central,25-34,Male,Student,Laptop/Desktop,Low,Community partner,Digital confidence,1.0,On track,Completed,1,20.0,55.9,35.9,5.0,10.0,Not measured,0,,
EN00598,PT0319,CH017,PRG05,Financial Literacy,Business,Community Upskilling,Hindi,Virtual,TR02,Selangor,2025-03-03,2025-04-07,2025-03-01,Penang,Seberang Perai,35-44,Female,Student,Mobile,Low,Referral,Employer requirement,0.6,Watch,In progress / incomplete,0,59.4,72.2,12.8,4.0,6.0,Not measured,1,20.8,1.0
EN00599,PT0676,CH017,PRG05,Financial Literacy,Business,Community Upskilling,Hindi,Virtual,TR02,Selangor,2025-03-03,2025-04-07,2025-03-01,Penang,Seberang Perai,18-24,Non-binary / Prefer not to say,Job seeker,Mobile,High,Community partner,Career growth,1.0,On track,Completed,1,60.5,92.3,31.8,4.0,6.0,Not measured,0,,
EN00600,PT0316,CH017,PRG05,Financial Literacy,Business,Community Upskilling,Hindi,Virtual,TR02,Selangor,2025-03-03,2025-04-07,2025-03-01,Kuala Lumpur,South,25-34,Male,Employed,Mobile,Medium,Employer,Digital confidence,0.4,High risk,In progress / incomplete,0,60.7,72.2,11.5,3.0,5.0,Not measured,0,,
EN00601,PT0184,CH017,PRG05,Financial Literacy,Business,Community Upskilling,Hindi,Virtual,TR02,Selangor,2025-03-03,2025-04-07,2025-03-01,Kuala Lumpur,South,25-34,Male,Employed,Mobile,Medium,Organic,Career growth,1.0,On track,Completed,1,45.2,77.2,32.0,4.0,10.0,Not measured,1,37.0,1.0
EN00602,PT0692,CH017,PRG05,Financial Literacy,Business,Community Upskilling,Hindi,Virtual,TR02,Selangor,2025-03-03,2025-04-07,2025-03-01,Selangor,Klang,25-34,Male,Self-employed,Mobile,Medium,Community partner,Digital confidence,1.0,On track,Completed,1,57.1,77.1,20.0,4.0,8.0,Not measured,0,,
EN00603,PT0767,CH017,PRG05,Financial Literacy,Business,Community Upskilling,Hindi,Virtual,TR02,Selangor,2025-03-03,2025-04-07,2025-03-01,Johor,Muar,25-34,Male,Student,Mobile,Medium,Employer,Career growth,0.2,High risk,Dropped,0,65.9,69.5,3.6,3.0,3.0,Not measured,1,42.4,0.0
EN00604,PT0357,CH017,PRG05,Financial Literacy,Business,Community Upskilling,Hindi,Virtual,TR02,Selangor,2025-03-03,2025-04-07,2025-03-01,Selangor,Shah Alam,45+,Female,Student,Mobile,High,Community partner,Job search,1.0,On track,Completed,1,40.4,69.2,28.8,,,Not measured,0,,
EN00605,PT0536,CH017,PRG05,Financial Literacy,Business,Community Upskilling,Hindi,Virtual,TR02,Selangor,2025-03-03,2025-04-07,2025-03-01,Selangor,Petaling,25-34,Male,Job seeker,Shared device,Medium,Community partner,Employer requirement,0.8,On track,Completed,1,74.2,100.0,25.8,4.0,9.0,Not measured,1,5.7,1.0
EN00606,PT0434,CH017,PRG05,Financial Literacy,Business,Community Upskilling,Hindi,Virtual,TR02,Selangor,2025-03-03,2025-04-07,2025-03-01,Selangor,Petaling,25-34,Female,Employed,Laptop/Desktop,High,Community partner,Employer requirement,1.0,On track,Completed,1,59.6,90.0,30.4,4.0,6.0,Not measured,0,,
EN00607,PT0469,CH017,PRG05,Financial Literacy,Business,Community Upskilling,Hindi,Virtual,TR02,Selangor,2025-03-03,2025-04-07,2025-03-01,Kuala Lumpur,South,25-34,Female,Student,Shared device,Medium,Organic,Job search,0.8,On track,Completed,1,60.2,88.6,28.4,,,Not measured,1,26.9,0.0
EN00608,PT0059,CH017,PRG05,Financial Literacy,Business,Community Upskilling,Hindi,Virtual,TR02,Selangor,2025-03-03,2025-04-07,2025-03-01,Sabah,Sandakan,18-24,Female,Student,Mobile,High,Community partner,Employer requirement,0.8,On track,Completed,1,87.5,100.0,12.5,5.0,10.0,Not measured,0,,
EN00609,PT0476,CH017,PRG05,Financial Literacy,Business,Community Upskilling,Hindi,Virtual,TR02,Selangor,2025-03-03,2025-04-07,2025-03-01,Selangor,Shah Alam,25-34,Female,Self-employed,Laptop/Desktop,High,Organic,Employer requirement,1.0,On track,Completed,1,69.7,93.6,23.9,,,Not measured,0,,
EN00610,PT0103,CH017,PRG05,Financial Literacy,Business,Community Upskilling,Hindi,Virtual,TR02,Selangor,2025-03-03,2025-04-07,2025-03-01,Sabah,Sandakan,18-24,Female,Job seeker,Shared device,Medium,Employer,Digital confidence,0.6,Watch,Completed,1,47.4,75.2,27.8,,,Not measured,0,,
EN00611,PT0155,CH017,PRG05,Financial Literacy,Business,Community Upskilling,Hindi,Virtual,TR02,Selangor,2025-03-03,2025-04-07,2025-03-01,Kuala Lumpur,South,45+,Male,Student,Mobile,High,Organic,Digital confidence,0.6,Watch,Completed,1,50.5,69.6,19.1,,,Not measured,0,,
EN00612,PT0046,CH017,PRG05,Financial Literacy,Business,Community Upskilling,Hindi,Virtual,TR02,Selangor,2025-03-03,2025-04-07,2025-03-01,Selangor,Shah Alam,35-44,Female,Self-employed,Mobile,Medium,Organic,Career growth,0.4,High risk,Completed,1,71.5,95.9,24.4,4.0,10.0,Not measured,0,,
EN00613,PT0281,CH017,PRG05,Financial Literacy,Business,Community Upskilling,Hindi,Virtual,TR02,Selangor,2025-03-03,2025-04-07,2025-03-01,Sabah,Sandakan,25-34,Male,Employed,Laptop/Desktop,High,Community partner,Career growth,1.0,On track,Completed,1,62.8,80.3,17.5,,,Not measured,1,41.1,1.0
EN00614,PT0603,CH017,PRG05,Financial Literacy,Business,Community Upskilling,Hindi,Virtual,TR02,Selangor,2025-03-03,2025-04-07,2025-03-01,Penang,George Town,25-34,Female,Employed,Mobile,Low,Community partner,Job search,0.6,Watch,Dropped,0,45.3,64.2,18.9,3.0,5.0,Not measured,1,13.3,0.0
EN00615,PT0158,CH017,PRG05,Financial Literacy,Business,Community Upskilling,Hindi,Virtual,TR02,Selangor,2025-03-03,2025-04-07,2025-03-01,Penang,George Town,18-24,Male,Employed,Mobile,Low,Community partner,Digital confidence,0.8,On track,Completed,1,48.7,75.0,26.3,5.0,10.0,Not measured,2,32.4,0.5
EN00616,PT0280,CH017,PRG05,Financial Literacy,Business,Community Upskilling,Hindi,Virtual,TR02,Selangor,2025-03-03,2025-04-07,2025-03-01,Sarawak,Miri,18-24,Female,Self-employed,Mobile,Low,Community partner,Career growth,0.6,Watch,Completed,1,39.2,57.8,18.6,,,Not measured,0,,
EN00617,PT0302,CH017,PRG05,Financial Literacy,Business,Community Upskilling,Hindi,Virtual,TR02,Selangor,2025-03-03,2025-04-07,2025-03-01,Johor,Muar,25-34,Male,Self-employed,Laptop/Desktop,High,Community partner,Job search,1.0,On track,Completed,1,38.7,66.9,28.2,3.0,4.0,Not measured,0,,
EN00618,PT0399,CH017,PRG05,Financial Literacy,Business,Community Upskilling,Hindi,Virtual,TR02,Selangor,2025-03-03,2025-04-07,2025-03-01,Kuala Lumpur,North,45+,Female,Employed,Mobile,Low,Organic,Job search,0.4,High risk,Completed,1,50.7,73.1,22.4,2.0,3.0,Not measured,0,,
EN00619,PT0398,CH017,PRG05,Financial Literacy,Business,Community Upskilling,Hindi,Virtual,TR02,Selangor,2025-03-03,2025-04-07,2025-03-01,Sarawak,Miri,45+,Male,Job seeker,Mobile,High,Employer,Digital confidence,0.4,High risk,Completed,1,66.2,86.2,20.0,3.0,5.0,Not measured,1,20.8,1.0
EN00620,PT0026,CH017,PRG05,Financial Literacy,Business,Community Upskilling,Hindi,Virtual,TR02,Selangor,2025-03-03,2025-04-07,2025-03-01,Sarawak,Miri,18-24,Female,Employed,Mobile,High,Community partner,Digital confidence,0.8,On track,Completed,1,65.0,84.9,19.9,3.0,4.0,Not measured,0,,
EN00621,PT0762,CH017,PRG05,Financial Literacy,Business,Community Upskilling,Hindi,Virtual,TR02,Selangor,2025-03-03,2025-04-07,2025-03-01,Penang,Seberang Perai,25-34,Female,Employed,Mobile,Medium,Organic,Career growth,0.6,Watch,Completed,1,64.4,92.3,27.9,3.0,5.0,Not measured,0,,
EN00622,PT0576,CH017,PRG05,Financial Literacy,Business,Community Upskilling,Hindi,Virtual,TR02,Selangor,2025-03-03,2025-04-07,2025-03-01,Johor,Johor Bahru,45+,Female,Employed,Mobile,Medium,Referral,Digital confidence,1.0,On track,Completed,1,40.0,65.4,25.4,4.0,7.0,Not measured,0,,
EN00623,PT0559,CH018,PRG06,Project Delivery Fundamentals,Operations,Workforce Development,English,Hybrid,TR10,Selangor,2025-03-17,2025-05-12,2025-03-01,Kuala Lumpur,South,25-34,Female,Student,Mobile,Low,Community partner,Job search,0.75,On track,Completed,1,30.4,52.4,22.0,,,Not measured,1,38.7,0.0
EN00624,PT0685,CH018,PRG06,Project Delivery Fundamentals,Operations,Workforce Development,English,Hybrid,TR10,Selangor,2025-03-17,2025-05-12,2025-03-01,Kuala Lumpur,North,25-34,Female,Student,Laptop/Desktop,High,Community partner,Career growth,0.875,On track,Completed,1,51.1,87.3,36.2,4.0,8.0,Not measured,0,,
EN00625,PT0214,CH018,PRG06,Project Delivery Fundamentals,Operations,Workforce Development,English,Hybrid,TR10,Selangor,2025-03-17,2025-05-12,2025-03-01,Selangor,Shah Alam,25-34,Female,Employed,Laptop/Desktop,High,Employer,Digital confidence,0.625,Watch,In progress / incomplete,0,63.7,81.6,17.9,4.0,8.0,Not measured,1,24.6,0.0
EN00626,PT0383,CH018,PRG06,Project Delivery Fundamentals,Operations,Workforce Development,English,Hybrid,TR10,Selangor,2025-03-17,2025-05-12,2025-03-01,Selangor,Shah Alam,18-24,Male,Employed,Mobile,Medium,Community partner,Career growth,0.875,On track,Completed,1,65.4,88.3,22.9,5.0,10.0,Not measured,0,,
EN00627,PT0107,CH018,PRG06,Project Delivery Fundamentals,Operations,Workforce Development,English,Hybrid,TR10,Selangor,2025-03-17,2025-05-12,2025-03-01,Selangor,Klang,18-24,Female,Employed,Mobile,Medium,Organic,Career growth,0.75,On track,In progress / incomplete,0,66.9,89.2,22.3,,,Not measured,0,,
EN00628,PT0375,CH018,PRG06,Project Delivery Fundamentals,Operations,Workforce Development,English,Hybrid,TR10,Selangor,2025-03-17,2025-05-12,2025-03-01,Selangor,Shah Alam,25-34,Female,Employed,Mobile,High,Employer,Job search,0.875,On track,Completed,1,69.4,96.0,26.6,4.0,8.0,Not measured,1,24.8,1.0
EN00629,PT0281,CH018,PRG06,Project Delivery Fundamentals,Operations,Workforce Development,English,Hybrid,TR10,Selangor,2025-03-17,2025-05-12,2025-03-01,Sabah,Sandakan,25-34,Male,Employed,Laptop/Desktop,High,Community partner,Digital confidence,0.875,On track,Completed,1,88.0,100.0,12.0,4.0,7.0,Not measured,0,,
EN00630,PT0099,CH018,PRG06,Project Delivery Fundamentals,Operations,Workforce Development,English,Hybrid,TR10,Selangor,2025-03-17,2025-05-12,2025-03-01,Sabah,Sandakan,25-34,Female,Self-employed,Mobile,Medium,Employer,Career growth,0.75,On track,In progress / incomplete,0,49.0,73.0,24.0,4.0,9.0,Not measured,0,,
EN00631,PT0497,CH018,PRG06,Project Delivery Fundamentals,Operations,Workforce Development,English,Hybrid,TR10,Selangor,2025-03-17,2025-05-12,2025-03-01,Sabah,Kota Kinabalu,25-34,Male,Job seeker,Shared device,High,Employer,Career growth,0.625,Watch,Completed,1,51.6,80.0,28.4,4.0,8.0,Not measured,1,13.1,1.0
EN00632,PT0702,CH018,PRG06,Project Delivery Fundamentals,Operations,Workforce Development,English,Hybrid,TR10,Selangor,2025-03-17,2025-05-12,2025-03-01,Kuala Lumpur,North,25-34,Female,Job seeker,Laptop/Desktop,High,Employer,Career growth,1.0,On track,Completed,1,64.1,91.2,27.1,5.0,9.0,Not measured,3,17.4,1.0
EN00633,PT0160,CH018,PRG06,Project Delivery Fundamentals,Operations,Workforce Development,English,Hybrid,TR10,Selangor,2025-03-17,2025-05-12,2025-03-01,Kuala Lumpur,Central,35-44,Female,Employed,Laptop/Desktop,High,Community partner,Job search,1.0,On track,Completed,1,55.7,77.0,21.3,5.0,10.0,Not measured,1,5.9,1.0
EN00634,PT0167,CH018,PRG06,Project Delivery Fundamentals,Operations,Workforce Development,English,Hybrid,TR10,Selangor,2025-03-17,2025-05-12,2025-03-01,Selangor,Klang,25-34,Male,Student,Laptop/Desktop,High,Organic,Digital confidence,1.0,On track,Completed,1,66.5,97.4,30.9,,,Not measured,0,,
EN00635,PT0412,CH018,PRG06,Project Delivery Fundamentals,Operations,Workforce Development,English,Hybrid,TR10,Selangor,2025-03-17,2025-05-12,2025-03-01,Penang,Seberang Perai,18-24,Non-binary / Prefer not to say,Student,Laptop/Desktop,Medium,Community partner,Career growth,1.0,On track,Completed,1,58.1,78.5,20.4,5.0,10.0,Not measured,2,20.6,0.5
EN00636,PT0132,CH018,PRG06,Project Delivery Fundamentals,Operations,Workforce Development,English,Hybrid,TR10,Selangor,2025-03-17,2025-05-12,2025-03-01,Selangor,Shah Alam,25-34,Male,Job seeker,Laptop/Desktop,Low,Referral,Job search,0.875,On track,Completed,1,27.9,50.2,22.3,,,Not measured,0,,
EN00637,PT0399,CH018,PRG06,Project Delivery Fundamentals,Operations,Workforce Development,English,Hybrid,TR10,Selangor,2025-03-17,2025-05-12,2025-03-01,Kuala Lumpur,North,45+,Female,Employed,Mobile,Low,Community partner,Job search,0.75,On track,Dropped,0,58.7,81.1,22.4,3.0,6.0,Not measured,1,30.8,0.0
EN00638,PT0124,CH018,PRG06,Project Delivery Fundamentals,Operations,Workforce Development,English,Hybrid,TR10,Selangor,2025-03-17,2025-05-12,2025-03-01,Sarawak,Miri,25-34,Female,Employed,Mobile,High,Organic,Digital confidence,1.0,On track,Completed,1,43.2,67.1,23.9,5.0,10.0,Not measured,1,17.3,1.0
EN00639,PT0452,CH018,PRG06,Project Delivery Fundamentals,Operations,Workforce Development,English,Hybrid,TR10,Selangor,2025-03-17,2025-05-12,2025-03-01,Sabah,Kota Kinabalu,18-24,Female,Student,Shared device,High,Organic,Job search,0.75,On track,Completed,1,50.4,69.5,19.1,4.0,9.0,Not measured,0,,
EN00640,PT0779,CH018,PRG06,Project Delivery Fundamentals,Operations,Workforce Development,English,Hybrid,TR10,Selangor,2025-03-17,2025-05-12,2025-03-01,Selangor,Klang,18-24,Female,Student,Mobile,Medium,Organic,Digital confidence,0.875,On track,Completed,1,46.8,81.0,34.2,5.0,10.0,Not measured,0,,
EN00641,PT0324,CH018,PRG06,Project Delivery Fundamentals,Operations,Workforce Development,English,Hybrid,TR10,Selangor,2025-03-17,2025-05-12,2025-03-01,Selangor,Petaling,25-34,Female,Student,Mobile,Medium,Community partner,Career growth,0.625,Watch,Completed,1,28.2,46.3,18.1,3.0,3.0,Not measured,0,,
EN00642,PT0046,CH018,PRG06,Project Delivery Fundamentals,Operations,Workforce Development,English,Hybrid,TR10,Selangor,2025-03-17,2025-05-12,2025-03-01,Selangor,Shah Alam,35-44,Female,Self-employed,Mobile,Medium,Community partner,Job search,0.75,On track,Completed,1,68.7,91.5,22.8,4.0,5.0,Not measured,0,,
EN00643,PT0763,CH018,PRG06,Project Delivery Fundamentals,Operations,Workforce Development,English,Hybrid,TR10,Selangor,2025-03-17,2025-05-12,2025-03-01,Selangor,Petaling,35-44,Male,Employed,Laptop/Desktop,Medium,Referral,Job search,0.75,On track,Completed,1,59.7,88.5,28.8,4.0,7.0,Not measured,0,,
EN00644,PT0056,CH018,PRG06,Project Delivery Fundamentals,Operations,Workforce Development,English,Hybrid,TR10,Selangor,2025-03-17,2025-05-12,2025-03-01,Selangor,Klang,18-24,Female,Student,Mobile,High,Organic,Digital confidence,1.0,On track,Completed,1,67.1,100.0,32.9,,,Not measured,0,,
EN00645,PT0333,CH018,PRG06,Project Delivery Fundamentals,Operations,Workforce Development,English,Hybrid,TR10,Selangor,2025-03-17,2025-05-12,2025-03-01,Penang,George Town,18-24,Female,Job seeker,Mobile,Medium,Organic,Employer requirement,0.625,Watch,Completed,1,55.4,73.7,18.3,3.0,6.0,Not measured,1,26.7,1.0
EN00646,PT0466,CH018,PRG06,Project Delivery Fundamentals,Operations,Workforce Development,English,Hybrid,TR10,Selangor,2025-03-17,2025-05-12,2025-03-01,Kuala Lumpur,Central,18-24,Male,Student,Mobile,Medium,Employer,Digital confidence,0.5,Watch,Dropped,0,62.4,80.9,18.5,2.0,4.0,Not measured,2,17.6,1.0
EN00647,PT0127,CH018,PRG06,Project Delivery Fundamentals,Operations,Workforce Development,English,Hybrid,TR10,Selangor,2025-03-17,2025-05-12,2025-03-01,Selangor,Klang,45+,Female,Employed,Mobile,Medium,Community partner,Employer requirement,1.0,On track,Completed,1,50.4,69.4,19.0,5.0,7.0,Not measured,1,34.3,1.0
EN00648,PT0293,CH018,PRG06,Project Delivery Fundamentals,Operations,Workforce Development,English,Hybrid,TR10,Selangor,2025-03-17,2025-05-12,2025-03-01,Sarawak,Kuching,25-34,Female,Job seeker,Mobile,Medium,Employer,Career growth,0.875,On track,Completed,1,44.2,76.0,31.8,,,Not measured,1,49.5,0.0
EN00649,PT0625,CH018,PRG06,Project Delivery Fundamentals,Operations,Workforce Development,English,Hybrid,TR10,Selangor,2025-03-17,2025-05-12,2025-03-01,Sabah,Kota Kinabalu,25-34,Female,Job seeker,Mobile,Medium,Community partner,Job search,0.75,On track,Completed,1,63.2,90.3,27.1,3.0,5.0,Not measured,1,53.2,0.0
EN00650,PT0558,CH018,PRG06,Project Delivery Fundamentals,Operations,Workforce Development,English,Hybrid,TR10,Selangor,2025-03-17,2025-05-12,2025-03-01,Kuala Lumpur,South,18-24,Female,Self-employed,Laptop/Desktop,Medium,Organic,Employer requirement,0.75,On track,Completed,1,57.6,77.9,20.3,,,Not measured,0,,
EN00651,PT0656,CH018,PRG06,Project Delivery Fundamentals,Operations,Workforce Development,English,Hybrid,TR10,Selangor,2025-03-17,2025-05-12,2025-03-01,Sabah,Kota Kinabalu,25-34,Female,Self-employed,Mobile,Medium,Organic,Employer requirement,1.0,On track,Completed,1,38.6,72.9,34.3,5.0,9.0,Not measured,0,,
EN00652,PT0300,CH018,PRG06,Project Delivery Fundamentals,Operations,Workforce Development,English,Hybrid,TR10,Selangor,2025-03-17,2025-05-12,2025-03-01,Kuala Lumpur,North,18-24,Female,Student,Laptop/Desktop,Medium,Community partner,Career growth,1.0,On track,Completed,1,45.3,74.7,29.4,5.0,10.0,Not measured,0,,
EN00653,PT0712,CH018,PRG06,Project Delivery Fundamentals,Operations,Workforce Development,English,Hybrid,TR10,Selangor,2025-03-17,2025-05-12,2025-03-01,Selangor,Petaling,18-24,Male,Job seeker,Laptop/Desktop,Medium,Community partner,Job search,1.0,On track,Completed,1,72.0,100.0,28.0,5.0,10.0,Not measured,1,66.4,0.0
EN00654,PT0157,CH018,PRG06,Project Delivery Fundamentals,Operations,Workforce Development,English,Hybrid,TR10,Selangor,2025-03-17,2025-05-12,2025-03-01,Johor,Muar,35-44,Female,Employed,Mobile,Low,Employer,Career growth,0.75,On track,Completed,1,20.0,44.4,24.4,,,Not measured,0,,
EN00655,PT0543,CH018,PRG06,Project Delivery Fundamentals,Operations,Workforce Development,English,Hybrid,TR10,Selangor,2025-03-17,2025-05-12,2025-03-01,Selangor,Klang,25-34,Female,Job seeker,Mobile,Medium,Referral,Career growth,0.875,On track,Completed,1,61.4,96.9,35.5,4.0,8.0,Not measured,0,,
EN00656,PT0482,CH019,PRG01,Data Foundations,Data & Digital,Career Transition,English,Virtual,TR11,Kuala Lumpur,2025-04-07,2025-06-02,2025-04-01,Johor,Muar,35-44,Female,Employed,Mobile,Medium,Community partner,Digital confidence,0.75,On track,Completed,1,44.8,62.0,17.2,4.0,7.0,No change reported,0,,
EN00657,PT0319,CH019,PRG01,Data Foundations,Data & Digital,Career Transition,English,Virtual,TR11,Kuala Lumpur,2025-04-07,2025-06-02,2025-04-01,Penang,Seberang Perai,35-44,Female,Student,Mobile,Low,Referral,Job search,1.0,On track,Completed,1,56.0,93.5,37.5,,,No change reported,3,29.8,0.3333
EN00658,PT0772,CH019,PRG01,Data Foundations,Data & Digital,Career Transition,English,Virtual,TR11,Kuala Lumpur,2025-04-07,2025-06-02,2025-04-01,Selangor,Petaling,18-24,Female,Employed,Mobile,Low,Community partner,Career growth,1.0,On track,Completed,1,24.0,54.5,30.5,4.0,9.0,Interview secured,1,11.4,1.0
EN00659,PT0695,CH019,PRG01,Data Foundations,Data & Digital,Career Transition,English,Virtual,TR11,Kuala Lumpur,2025-04-07,2025-06-02,2025-04-01,Kuala Lumpur,Central,45+,Female,Job seeker,Laptop/Desktop,High,Employer,Career growth,1.0,On track,Completed,1,81.4,100.0,18.6,4.0,7.0,No change reported,0,,
EN00660,PT0689,CH019,PRG01,Data Foundations,Data & Digital,Career Transition,English,Virtual,TR11,Kuala Lumpur,2025-04-07,2025-06-02,2025-04-01,Kuala Lumpur,North,35-44,Non-binary / Prefer not to say,Job seeker,Mobile,Medium,Community partner,Job search,0.5,Watch,Completed,1,50.0,69.0,19.0,3.0,4.0,New role,2,21.5,1.0
EN00661,PT0183,CH019,PRG01,Data Foundations,Data & Digital,Career Transition,English,Virtual,TR11,Kuala Lumpur,2025-04-07,2025-06-02,2025-04-01,Kuala Lumpur,Central,25-34,Male,Employed,Mobile,Medium,Referral,Career growth,0.625,Watch,Dropped,0,54.1,81.0,26.9,4.0,10.0,Not measured,0,,
EN00662,PT0065,CH019,PRG01,Data Foundations,Data & Digital,Career Transition,English,Virtual,TR11,Kuala Lumpur,2025-04-07,2025-06-02,2025-04-01,Penang,Seberang Perai,18-24,Female,Student,Laptop/Desktop,High,Organic,Career growth,1.0,On track,Completed,1,57.3,86.7,29.4,5.0,10.0,No change reported,0,,
EN00663,PT0749,CH019,PRG01,Data Foundations,Data & Digital,Career Transition,English,Virtual,TR11,Kuala Lumpur,2025-04-07,2025-06-02,2025-04-01,Selangor,Klang,35-44,Male,Employed,Mobile,Medium,Community partner,Job search,0.625,Watch,In progress / incomplete,0,50.4,69.0,18.6,4.0,7.0,Not measured,0,,
EN00664,PT0221,CH019,PRG01,Data Foundations,Data & Digital,Career Transition,English,Virtual,TR11,Kuala Lumpur,2025-04-07,2025-06-02,2025-04-01,Selangor,Petaling,35-44,Male,Job seeker,Laptop/Desktop,Medium,Organic,Job search,1.0,On track,Completed,1,64.0,85.2,21.2,4.0,6.0,Interview secured,0,,
EN00665,PT0012,CH019,PRG01,Data Foundations,Data & Digital,Career Transition,English,Virtual,TR11,Kuala Lumpur,2025-04-07,2025-06-02,2025-04-01,Selangor,Klang,25-34,Male,Job seeker,Mobile,Medium,Employer,Digital confidence,1.0,On track,Completed,1,57.7,90.7,33.0,,,No change reported,0,,
EN00666,PT0697,CH019,PRG01,Data Foundations,Data & Digital,Career Transition,English,Virtual,TR11,Kuala Lumpur,2025-04-07,2025-06-02,2025-04-01,Selangor,Petaling,18-24,Female,Self-employed,Mobile,Medium,Employer,Job search,0.625,Watch,Completed,1,52.9,71.1,18.2,,,Interview secured,0,,
EN00667,PT0345,CH019,PRG01,Data Foundations,Data & Digital,Career Transition,English,Virtual,TR11,Kuala Lumpur,2025-04-07,2025-06-02,2025-04-01,Penang,Seberang Perai,25-34,Male,Job seeker,Mobile,Medium,Employer,Job search,0.75,On track,Completed,1,57.5,81.3,23.8,,,No change reported,0,,
EN00668,PT0332,CH019,PRG01,Data Foundations,Data & Digital,Career Transition,English,Virtual,TR11,Kuala Lumpur,2025-04-07,2025-06-02,2025-04-01,Kuala Lumpur,Central,25-34,Male,Student,Laptop/Desktop,Low,Organic,Job search,0.875,On track,Completed,1,32.9,64.4,31.5,4.0,7.0,New role,0,,
EN00669,PT0346,CH019,PRG01,Data Foundations,Data & Digital,Career Transition,English,Virtual,TR11,Kuala Lumpur,2025-04-07,2025-06-02,2025-04-01,Johor,Muar,18-24,Male,Self-employed,Laptop/Desktop,High,Organic,Job search,0.625,Watch,Dropped,0,64.1,89.6,25.5,4.0,7.0,Not measured,0,,
EN00670,PT0492,CH019,PRG01,Data Foundations,Data & Digital,Career Transition,English,Virtual,TR11,Kuala Lumpur,2025-04-07,2025-06-02,2025-04-01,Penang,Seberang Perai,35-44,Female,Self-employed,Laptop/Desktop,Medium,Community partner,Digital confidence,0.875,On track,Completed,1,48.1,80.3,32.2,5.0,9.0,No change reported,0,,
EN00671,PT0617,CH019,PRG01,Data Foundations,Data & Digital,Career Transition,English,Virtual,TR11,Kuala Lumpur,2025-04-07,2025-06-02,2025-04-01,Kuala Lumpur,South,35-44,Male,Self-employed,Laptop/Desktop,Medium,Community partner,Job search,0.625,Watch,Completed,1,69.6,100.0,30.4,4.0,8.0,No change reported,1,67.3,0.0
EN00672,PT0102,CH019,PRG01,Data Foundations,Data & Digital,Career Transition,English,Virtual,TR11,Kuala Lumpur,2025-04-07,2025-06-02,2025-04-01,Selangor,Klang,35-44,Male,Employed,Mobile,Medium,Community partner,Employer requirement,0.875,On track,Completed,1,55.5,78.3,22.8,4.0,8.0,No change reported,0,,
EN00673,PT0757,CH019,PRG01,Data Foundations,Data & Digital,Career Transition,English,Virtual,TR11,Kuala Lumpur,2025-04-07,2025-06-02,2025-04-01,Kuala Lumpur,Central,45+,Female,Job seeker,Mobile,Low,Organic,Digital confidence,0.625,Watch,Completed,1,52.3,72.6,20.3,,,No change reported,3,32.0,1.0
EN00674,PT0604,CH019,PRG01,Data Foundations,Data & Digital,Career Transition,English,Virtual,TR11,Kuala Lumpur,2025-04-07,2025-06-02,2025-04-01,Sarawak,Kuching,18-24,Female,Job seeker,Mobile,Medium,Community partner,Career growth,0.75,On track,Completed,1,56.6,75.2,18.6,4.0,8.0,No change reported,0,,
EN00675,PT0707,CH019,PRG01,Data Foundations,Data & Digital,Career Transition,English,Virtual,TR11,Kuala Lumpur,2025-04-07,2025-06-02,2025-04-01,Sabah,Sandakan,35-44,Female,Student,Mobile,Medium,Community partner,Career growth,0.875,On track,Completed,1,65.9,95.1,29.2,3.0,4.0,No change reported,1,28.4,1.0
EN00676,PT0704,CH019,PRG01,Data Foundations,Data & Digital,Career Transition,English,Virtual,TR11,Kuala Lumpur,2025-04-07,2025-06-02,2025-04-01,Kuala Lumpur,Central,35-44,Female,Employed,Mobile,Medium,Community partner,Career growth,0.75,On track,In progress / incomplete,0,47.0,77.7,30.7,4.0,8.0,Not measured,0,,
EN00677,PT0050,CH019,PRG01,Data Foundations,Data & Digital,Career Transition,English,Virtual,TR11,Kuala Lumpur,2025-04-07,2025-06-02,2025-04-01,Penang,George Town,25-34,Female,Employed,Laptop/Desktop,Low,Community partner,Employer requirement,0.875,On track,Completed,1,58.1,80.0,21.9,,,No change reported,0,,
EN00678,PT0228,CH019,PRG01,Data Foundations,Data & Digital,Career Transition,English,Virtual,TR11,Kuala Lumpur,2025-04-07,2025-06-02,2025-04-01,Selangor,Petaling,18-24,Female,Self-employed,Mobile,High,Employer,Digital confidence,1.0,On track,Completed,1,50.2,79.7,29.5,,,New role,0,,
EN00679,PT0327,CH019,PRG01,Data Foundations,Data & Digital,Career Transition,English,Virtual,TR11,Kuala Lumpur,2025-04-07,2025-06-02,2025-04-01,Selangor,Klang,25-34,Male,Employed,Laptop/Desktop,High,Organic,Digital confidence,0.625,Watch,Completed,1,53.7,78.8,25.1,,,Interview secured,2,7.9,1.0
EN00680,PT0124,CH019,PRG01,Data Foundations,Data & Digital,Career Transition,English,Virtual,TR11,Kuala Lumpur,2025-04-07,2025-06-02,2025-04-01,Sarawak,Miri,25-34,Female,Employed,Mobile,High,Community partner,Job search,0.5,Watch,Dropped,0,52.5,73.5,21.0,,,Not measured,2,49.6,0.5
EN00681,PT0549,CH019,PRG01,Data Foundations,Data & Digital,Career Transition,English,Virtual,TR11,Kuala Lumpur,2025-04-07,2025-06-02,2025-04-01,Penang,George Town,25-34,Female,Employed,Laptop/Desktop,Medium,Employer,Employer requirement,1.0,On track,Completed,1,40.0,69.2,29.2,,,No change reported,0,,
EN00682,PT0542,CH019,PRG01,Data Foundations,Data & Digital,Career Transition,English,Virtual,TR11,Kuala Lumpur,2025-04-07,2025-06-02,2025-04-01,Selangor,Klang,35-44,Female,Job seeker,Laptop/Desktop,Low,Organic,Job search,0.75,On track,Completed,1,70.7,97.0,26.3,4.0,7.0,No change reported,0,,
EN00683,PT0576,CH019,PRG01,Data Foundations,Data & Digital,Career Transition,English,Virtual,TR11,Kuala Lumpur,2025-04-07,2025-06-02,2025-04-01,Johor,Johor Bahru,45+,Female,Employed,Mobile,Medium,Community partner,Career growth,0.5,Watch,Completed,1,42.5,60.0,17.5,4.0,7.0,No change reported,0,,
EN00684,PT0317,CH019,PRG01,Data Foundations,Data & Digital,Career Transition,English,Virtual,TR11,Kuala Lumpur,2025-04-07,2025-06-02,2025-04-01,Selangor,Shah Alam,18-24,Male,Self-employed,Laptop/Desktop,Low,Organic,Career growth,0.625,Watch,Dropped,0,52.9,73.3,20.4,3.0,7.0,Not measured,0,,
EN00685,PT0310,CH019,PRG01,Data Foundations,Data & Digital,Career Transition,English,Virtual,TR11,Kuala Lumpur,2025-04-07,2025-06-02,2025-04-01,Penang,Seberang Perai,25-34,Female,Employed,Laptop/Desktop,High,Community partner,Job search,0.875,On track,Completed,1,55.6,69.1,13.5,,,No change reported,2,29.5,0.5
EN00686,PT0320,CH019,PRG01,Data Foundations,Data & Digital,Career Transition,English,Virtual,TR11,Kuala Lumpur,2025-04-07,2025-06-02,2025-04-01,Selangor,Petaling,35-44,Female,Employed,Laptop/Desktop,Medium,Community partner,Career growth,0.75,On track,Completed,1,52.1,67.6,15.5,4.0,9.0,New role,0,,
EN00687,PT0569,CH019,PRG01,Data Foundations,Data & Digital,Career Transition,English,Virtual,TR11,Kuala Lumpur,2025-04-07,2025-06-02,2025-04-01,Sarawak,Miri,35-44,Female,Employed,Mobile,High,Referral,Digital confidence,0.875,On track,Completed,1,59.4,87.6,28.2,5.0,10.0,Interview secured,1,21.1,1.0
EN00688,PT0404,CH019,PRG01,Data Foundations,Data & Digital,Career Transition,English,Virtual,TR11,Kuala Lumpur,2025-04-07,2025-06-02,2025-04-01,Johor,Muar,18-24,Female,Student,Mobile,Medium,Organic,Job search,0.75,On track,Completed,1,48.2,56.0,7.8,4.0,10.0,No change reported,0,,
EN00689,PT0655,CH019,PRG01,Data Foundations,Data & Digital,Career Transition,English,Virtual,TR11,Kuala Lumpur,2025-04-07,2025-06-02,2025-04-01,Sabah,Kota Kinabalu,35-44,Male,Employed,Laptop/Desktop,Low,Community partner,Career growth,0.5,Watch,In progress / incomplete,0,47.7,72.0,24.3,4.0,8.0,Not measured,1,18.7,1.0
EN00690,PT0193,CH019,PRG01,Data Foundations,Data & Digital,Career Transition,English,Virtual,TR11,Kuala Lumpur,2025-04-07,2025-06-02,2025-04-01,Selangor,Petaling,35-44,Male,Self-employed,Mobile,Medium,Community partner,Job search,0.75,On track,Dropped,0,36.5,63.7,27.2,3.0,7.0,Not measured,0,,
EN00691,PT0479,CH020,PRG02,Business Analytics Essentials,Data & Digital,Career Transition,English,Virtual,TR04,Selangor,2025-04-07,2025-06-16,2025-04-01,Sabah,Kota Kinabalu,25-34,Female,Job seeker,Mobile,Medium,Organic,Career growth,0.9,On track,Completed,1,38.4,67.5,29.1,4.0,9.0,Interview secured,1,21.0,1.0
EN00692,PT0554,CH020,PRG02,Business Analytics Essentials,Data & Digital,Career Transition,English,Virtual,TR04,Selangor,2025-04-07,2025-06-16,2025-04-01,Kuala Lumpur,South,45+,Male,Self-employed,Mobile,Medium,Community partner,Employer requirement,0.8,On track,Completed,1,55.9,76.4,20.5,4.0,7.0,Interview secured,0,,
EN00693,PT0363,CH020,PRG02,Business Analytics Essentials,Data & Digital,Career Transition,English,Virtual,TR04,Selangor,2025-04-07,2025-06-16,2025-04-01,Selangor,Klang,35-44,Male,Job seeker,Laptop/Desktop,Medium,Referral,Career growth,1.0,On track,Completed,1,53.1,76.3,23.2,5.0,10.0,New role,0,,
EN00694,PT0085,CH020,PRG02,Business Analytics Essentials,Data & Digital,Career Transition,English,Virtual,TR04,Selangor,2025-04-07,2025-06-16,2025-04-01,Selangor,Shah Alam,45+,Male,Job seeker,Shared device,High,Employer,Career growth,0.5,Watch,Completed,1,71.6,83.5,11.9,4.0,8.0,New role,0,,
EN00695,PT0298,CH020,PRG02,Business Analytics Essentials,Data & Digital,Career Transition,English,Virtual,TR04,Selangor,2025-04-07,2025-06-16,2025-04-01,Johor,Muar,45+,Male,Job seeker,Mobile,Medium,Employer,Career growth,1.0,On track,Completed,1,53.0,82.3,29.3,5.0,10.0,New role,0,,
EN00696,PT0710,CH020,PRG02,Business Analytics Essentials,Data & Digital,Career Transition,English,Virtual,TR04,Selangor,2025-04-07,2025-06-16,2025-04-01,Johor,Johor Bahru,35-44,Female,Employed,Mobile,Medium,Organic,Career growth,0.7,Watch,Completed,1,38.5,64.0,25.5,,,New role,1,5.9,1.0
EN00697,PT0649,CH020,PRG02,Business Analytics Essentials,Data & Digital,Career Transition,English,Virtual,TR04,Selangor,2025-04-07,2025-06-16,2025-04-01,Kuala Lumpur,North,25-34,Female,Employed,Laptop/Desktop,High,Referral,Career growth,0.8,On track,In progress / incomplete,0,50.8,65.1,14.3,4.0,8.0,Not measured,0,,
EN00698,PT0052,CH020,PRG02,Business Analytics Essentials,Data & Digital,Career Transition,English,Virtual,TR04,Selangor,2025-04-07,2025-06-16,2025-04-01,Selangor,Shah Alam,18-24,Male,Employed,Shared device,Medium,Organic,Job search,0.7,Watch,Completed,1,30.2,52.7,22.5,3.0,5.0,No change reported,1,15.1,1.0
EN00699,PT0075,CH020,PRG02,Business Analytics Essentials,Data & Digital,Career Transition,English,Virtual,TR04,Selangor,2025-04-07,2025-06-16,2025-04-01,Selangor,Klang,35-44,Male,Self-employed,Laptop/Desktop,Medium,Organic,Digital confidence,0.8,On track,Completed,1,37.5,60.9,23.4,4.0,9.0,Interview secured,0,,
EN00700,PT0582,CH020,PRG02,Business Analytics Essentials,Data & Digital,Career Transition,English,Virtual,TR04,Selangor,2025-04-07,2025-06-16,2025-04-01,Selangor,Petaling,35-44,Female,Self-employed,Mobile,Medium,Employer,Employer requirement,1.0,On track,Completed,1,48.6,79.0,30.4,5.0,9.0,New role,0,,
EN00701,PT0173,CH020,PRG02,Business Analytics Essentials,Data & Digital,Career Transition,English,Virtual,TR04,Selangor,2025-04-07,2025-06-16,2025-04-01,Sabah,Kota Kinabalu,35-44,Male,Job seeker,Mobile,Medium,Employer,Career growth,0.7,Watch,Completed,1,54.2,74.9,20.7,4.0,9.0,Interview secured,0,,
EN00702,PT0251,CH020,PRG02,Business Analytics Essentials,Data & Digital,Career Transition,English,Virtual,TR04,Selangor,2025-04-07,2025-06-16,2025-04-01,Penang,George Town,25-34,Male,Student,Mobile,Low,Organic,Job search,0.8,On track,Completed,1,46.8,64.9,18.1,4.0,7.0,No change reported,0,,
EN00703,PT0670,CH020,PRG02,Business Analytics Essentials,Data & Digital,Career Transition,English,Virtual,TR04,Selangor,2025-04-07,2025-06-16,2025-04-01,Sabah,Sandakan,18-24,Female,Student,Laptop/Desktop,Medium,Organic,Career growth,0.8,On track,Completed,1,57.7,90.8,33.1,4.0,6.0,New role,0,,
EN00704,PT0556,CH020,PRG02,Business Analytics Essentials,Data & Digital,Career Transition,English,Virtual,TR04,Selangor,2025-04-07,2025-06-16,2025-04-01,Kuala Lumpur,Central,35-44,Male,Employed,Mobile,Low,Community partner,Job search,0.8,On track,Completed,1,57.0,79.6,22.6,5.0,9.0,New role,1,37.0,1.0
EN00705,PT0183,CH020,PRG02,Business Analytics Essentials,Data & Digital,Career Transition,English,Virtual,TR04,Selangor,2025-04-07,2025-06-16,2025-04-01,Kuala Lumpur,Central,25-34,Male,Employed,Mobile,Medium,Organic,Digital confidence,0.9,On track,Completed,1,49.0,66.6,17.6,5.0,10.0,No change reported,0,,
EN00706,PT0312,CH020,PRG02,Business Analytics Essentials,Data & Digital,Career Transition,English,Virtual,TR04,Selangor,2025-04-07,2025-06-16,2025-04-01,Johor,Muar,35-44,Female,Job seeker,Laptop/Desktop,Medium,Organic,Employer requirement,0.8,On track,Completed,1,45.4,77.5,32.1,,,New role,0,,
EN00707,PT0628,CH020,PRG02,Business Analytics Essentials,Data & Digital,Career Transition,English,Virtual,TR04,Selangor,2025-04-07,2025-06-16,2025-04-01,Selangor,Klang,25-34,Male,Job seeker,Laptop/Desktop,Medium,Community partner,Career growth,0.9,On track,Completed,1,56.6,73.5,16.9,,,No change reported,0,,
EN00708,PT0316,CH020,PRG02,Business Analytics Essentials,Data & Digital,Career Transition,English,Virtual,TR04,Selangor,2025-04-07,2025-06-16,2025-04-01,Kuala Lumpur,South,25-34,Male,Employed,Mobile,Medium,Community partner,Job search,0.8,On track,Completed,1,41.8,67.2,25.4,,,No change reported,0,,
EN00709,PT0639,CH020,PRG02,Business Analytics Essentials,Data & Digital,Career Transition,English,Virtual,TR04,Selangor,2025-04-07,2025-06-16,2025-04-01,Selangor,Shah Alam,25-34,Female,Employed,Mobile,Medium,Employer,Job search,0.5,Watch,Completed,1,64.6,85.2,20.6,,,No change reported,0,,
EN00710,PT0348,CH020,PRG02,Business Analytics Essentials,Data & Digital,Career Transition,English,Virtual,TR04,Selangor,2025-04-07,2025-06-16,2025-04-01,Penang,Seberang Perai,35-44,Male,Employed,Mobile,Medium,Community partner,Career growth,0.6,Watch,Completed,1,56.6,85.9,29.3,,,Interview secured,1,7.4,1.0
EN00711,PT0056,CH020,PRG02,Business Analytics Essentials,Data & Digital,Career Transition,English,Virtual,TR04,Selangor,2025-04-07,2025-06-16,2025-04-01,Selangor,Klang,18-24,Female,Student,Mobile,High,Community partner,Career growth,0.9,On track,Completed,1,87.4,100.0,12.6,,,Interview secured,0,,
EN00712,PT0744,CH020,PRG02,Business Analytics Essentials,Data & Digital,Career Transition,English,Virtual,TR04,Selangor,2025-04-07,2025-06-16,2025-04-01,Selangor,Shah Alam,45+,Female,Job seeker,Laptop/Desktop,Medium,Community partner,Career growth,0.9,On track,Completed,1,55.7,87.1,31.4,4.0,8.0,No change reported,0,,
EN00713,PT0206,CH020,PRG02,Business Analytics Essentials,Data & Digital,Career Transition,English,Virtual,TR04,Selangor,2025-04-07,2025-06-16,2025-04-01,Kuala Lumpur,Central,25-34,Female,Employed,Mobile,Low,Community partner,Career growth,0.5,Watch,Completed,1,44.9,52.6,7.7,3.0,6.0,New role,0,,
EN00714,PT0374,CH020,PRG02,Business Analytics Essentials,Data & Digital,Career Transition,English,Virtual,TR04,Selangor,2025-04-07,2025-06-16,2025-04-01,Penang,Seberang Perai,45+,Female,Employed,Mobile,Low,Community partner,Digital confidence,0.3,High risk,Completed,1,78.7,96.2,17.5,2.0,4.0,No change reported,0,,
EN00715,PT0638,CH020,PRG02,Business Analytics Essentials,Data & Digital,Career Transition,English,Virtual,TR04,Selangor,2025-04-07,2025-06-16,2025-04-01,Selangor,Klang,45+,Female,Self-employed,Mobile,Medium,Employer,Digital confidence,0.6,Watch,Dropped,0,58.7,76.9,18.2,,,Not measured,0,,
EN00716,PT0747,CH020,PRG02,Business Analytics Essentials,Data & Digital,Career Transition,English,Virtual,TR04,Selangor,2025-04-07,2025-06-16,2025-04-01,Sabah,Sandakan,18-24,Male,Employed,Laptop/Desktop,High,Community partner,Career growth,0.9,On track,Completed,1,46.3,76.7,30.4,5.0,10.0,New role,0,,
EN00717,PT0615,CH020,PRG02,Business Analytics Essentials,Data & Digital,Career Transition,English,Virtual,TR04,Selangor,2025-04-07,2025-06-16,2025-04-01,Johor,Muar,35-44,Female,Student,Laptop/Desktop,High,Employer,Employer requirement,0.9,On track,Completed,1,74.5,98.7,24.2,,,No change reported,0,,
EN00718,PT0403,CH020,PRG02,Business Analytics Essentials,Data & Digital,Career Transition,English,Virtual,TR04,Selangor,2025-04-07,2025-06-16,2025-04-01,Kuala Lumpur,Central,35-44,Female,Student,Mobile,Medium,Community partner,Job search,0.5,Watch,Completed,1,43.5,66.3,22.8,3.0,5.0,Interview secured,0,,
EN00719,PT0527,CH020,PRG02,Business Analytics Essentials,Data & Digital,Career Transition,English,Virtual,TR04,Selangor,2025-04-07,2025-06-16,2025-04-01,Kuala Lumpur,Central,25-34,Male,Employed,Mobile,High,Organic,Digital confidence,0.6,Watch,Completed,1,47.6,67.8,20.2,3.0,5.0,No change reported,1,34.8,0.0
EN00720,PT0386,CH020,PRG02,Business Analytics Essentials,Data & Digital,Career Transition,English,Virtual,TR04,Selangor,2025-04-07,2025-06-16,2025-04-01,Penang,Seberang Perai,25-34,Female,Student,Mobile,Low,Organic,Employer requirement,0.5,Watch,Completed,1,44.0,46.7,2.7,3.0,4.0,New role,0,,
EN00721,PT0232,CH020,PRG02,Business Analytics Essentials,Data & Digital,Career Transition,English,Virtual,TR04,Selangor,2025-04-07,2025-06-16,2025-04-01,Sabah,Sandakan,18-24,Non-binary / Prefer not to say,Employed,Mobile,Low,Referral,Employer requirement,0.9,On track,Completed,1,20.0,36.0,16.0,5.0,8.0,New role,1,33.0,1.0
EN00722,PT0377,CH020,PRG02,Business Analytics Essentials,Data & Digital,Career Transition,English,Virtual,TR04,Selangor,2025-04-07,2025-06-16,2025-04-01,Selangor,Klang,25-34,Female,Employed,Laptop/Desktop,Medium,Community partner,Career growth,1.0,On track,Completed,1,54.9,85.4,30.5,5.0,10.0,Interview secured,1,16.0,1.0
EN00723,PT0559,CH020,PRG02,Business Analytics Essentials,Data & Digital,Career Transition,English,Virtual,TR04,Selangor,2025-04-07,2025-06-16,2025-04-01,Kuala Lumpur,South,25-34,Female,Student,Mobile,Low,Organic,Employer requirement,1.0,On track,Completed,1,63.1,85.1,22.0,,,New role,0,,
EN00724,PT0706,CH020,PRG02,Business Analytics Essentials,Data & Digital,Career Transition,English,Virtual,TR04,Selangor,2025-04-07,2025-06-16,2025-04-01,Sabah,Kota Kinabalu,35-44,Female,Job seeker,Mobile,Low,Referral,Employer requirement,0.7,Watch,Completed,1,49.3,71.8,22.5,,,No change reported,0,,
EN00725,PT0770,CH020,PRG02,Business Analytics Essentials,Data & Digital,Career Transition,English,Virtual,TR04,Selangor,2025-04-07,2025-06-16,2025-04-01,Johor,Johor Bahru,45+,Male,Job seeker,Laptop/Desktop,High,Referral,Job search,1.0,On track,Completed,1,43.1,67.6,24.5,,,Interview secured,0,,
EN00726,PT0579,CH020,PRG02,Business Analytics Essentials,Data & Digital,Career Transition,English,Virtual,TR04,Selangor,2025-04-07,2025-06-16,2025-04-01,Selangor,Shah Alam,25-34,Female,Job seeker,Mobile,Medium,Employer,Career growth,0.9,On track,In progress / incomplete,0,81.7,100.0,18.3,5.0,10.0,Not measured,0,,
EN00727,PT0457,CH020,PRG02,Business Analytics Essentials,Data & Digital,Career Transition,English,Virtual,TR04,Selangor,2025-04-07,2025-06-16,2025-04-01,Selangor,Klang,25-34,Male,Employed,Laptop/Desktop,Medium,Organic,Digital confidence,0.5,Watch,Completed,1,75.3,95.5,20.2,4.0,7.0,Interview secured,0,,
EN00728,PT0424,CH020,PRG02,Business Analytics Essentials,Data & Digital,Career Transition,English,Virtual,TR04,Selangor,2025-04-07,2025-06-16,2025-04-01,Penang,Seberang Perai,18-24,Male,Employed,Mobile,High,Organic,Career growth,0.9,On track,Completed,1,51.5,77.6,26.1,4.0,5.0,No change reported,0,,
EN00729,PT0722,CH020,PRG02,Business Analytics Essentials,Data & Digital,Career Transition,English,Virtual,TR04,Selangor,2025-04-07,2025-06-16,2025-04-01,Johor,Muar,25-34,Female,Employed,Mobile,Medium,Referral,Employer requirement,0.6,Watch,In progress / incomplete,0,53.8,65.7,11.9,4.0,9.0,Not measured,1,48.1,0.0
EN00730,PT0767,CH020,PRG02,Business Analytics Essentials,Data & Digital,Career Transition,English,Virtual,TR04,Selangor,2025-04-07,2025-06-16,2025-04-01,Johor,Muar,25-34,Male,Student,Mobile,Medium,Organic,Career growth,1.0,On track,Completed,1,49.1,78.8,29.7,,,No change reported,0,,
EN00731,PT0697,CH020,PRG02,Business Analytics Essentials,Data & Digital,Career Transition,English,Virtual,TR04,Selangor,2025-04-07,2025-06-16,2025-04-01,Selangor,Petaling,18-24,Female,Self-employed,Mobile,Medium,Referral,Career growth,0.8,On track,Completed,1,47.7,68.1,20.4,4.0,6.0,No change reported,0,,
EN00732,PT0470,CH020,PRG02,Business Analytics Essentials,Data & Digital,Career Transition,English,Virtual,TR04,Selangor,2025-04-07,2025-06-16,2025-04-01,Kuala Lumpur,Central,18-24,Male,Student,Laptop/Desktop,Medium,Referral,Digital confidence,1.0,On track,Completed,1,40.9,65.1,24.2,,,New role,0,,
EN00733,PT0240,CH020,PRG02,Business Analytics Essentials,Data & Digital,Career Transition,English,Virtual,TR04,Selangor,2025-04-07,2025-06-16,2025-04-01,Penang,Seberang Perai,25-34,Male,Employed,Laptop/Desktop,High,Organic,Employer requirement,1.0,On track,Completed,1,49.7,72.6,22.9,5.0,9.0,No change reported,1,29.1,0.0
EN00734,PT0291,CH020,PRG02,Business Analytics Essentials,Data & Digital,Career Transition,English,Virtual,TR04,Selangor,2025-04-07,2025-06-16,2025-04-01,Penang,Seberang Perai,18-24,Female,Student,Mobile,Low,Employer,Employer requirement,0.9,On track,Completed,1,65.3,100.0,34.7,,,New role,0,,
EN00735,PT0503,CH020,PRG02,Business Analytics Essentials,Data & Digital,Career Transition,English,Virtual,TR04,Selangor,2025-04-07,2025-06-16,2025-04-01,Kuala Lumpur,South,35-44,Female,Job seeker,Laptop/Desktop,Low,Community partner,Digital confidence,0.8,On track,Completed,1,42.8,65.1,22.3,5.0,10.0,No change reported,1,11.9,1.0
EN00736,PT0421,CH021,PRG03,Digital Workplace Skills,Employability,Community Upskilling,Malay,Virtual,TR03,Selangor,2025-04-07,2025-05-19,2025-04-01,Selangor,Klang,18-24,Male,Self-employed,Laptop/Desktop,Medium,Organic,Career growth,0.6667,Watch,Completed,1,67.6,80.3,12.7,4.0,8.0,Not measured,0,,
EN00737,PT0408,CH021,PRG03,Digital Workplace Skills,Employability,Community Upskilling,Malay,Virtual,TR03,Selangor,2025-04-07,2025-05-19,2025-04-01,Sabah,Sandakan,18-24,Female,Self-employed,Mobile,Medium,Community partner,Job search,0.6667,Watch,Completed,1,67.4,79.5,12.1,,,Not measured,0,,
EN00738,PT0765,CH021,PRG03,Digital Workplace Skills,Employability,Community Upskilling,Malay,Virtual,TR03,Selangor,2025-04-07,2025-05-19,2025-04-01,Sarawak,Miri,25-34,Male,Job seeker,Laptop/Desktop,High,Community partner,Digital confidence,0.8333,On track,Completed,1,80.6,100.0,19.4,5.0,10.0,Not measured,1,9.4,1.0
EN00739,PT0054,CH021,PRG03,Digital Workplace Skills,Employability,Community Upskilling,Malay,Virtual,TR03,Selangor,2025-04-07,2025-05-19,2025-04-01,Selangor,Petaling,35-44,Male,Student,Laptop/Desktop,Medium,Organic,Career growth,1.0,On track,Completed,1,48.4,74.7,26.3,5.0,10.0,Not measured,0,,
EN00740,PT0151,CH021,PRG03,Digital Workplace Skills,Employability,Community Upskilling,Malay,Virtual,TR03,Selangor,2025-04-07,2025-05-19,2025-04-01,Kuala Lumpur,North,25-34,Male,Employed,Laptop/Desktop,Medium,Community partner,Employer requirement,0.6667,Watch,In progress / incomplete,0,66.4,90.7,24.3,4.0,7.0,Not measured,0,,
EN00741,PT0695,CH021,PRG03,Digital Workplace Skills,Employability,Community Upskilling,Malay,Virtual,TR03,Selangor,2025-04-07,2025-05-19,2025-04-01,Kuala Lumpur,Central,45+,Female,Job seeker,Laptop/Desktop,High,Organic,Career growth,0.8333,On track,Dropped,0,49.8,76.7,26.9,3.0,3.0,Not measured,0,,
EN00742,PT0221,CH021,PRG03,Digital Workplace Skills,Employability,Community Upskilling,Malay,Virtual,TR03,Selangor,2025-04-07,2025-05-19,2025-04-01,Selangor,Petaling,35-44,Male,Job seeker,Laptop/Desktop,Medium,Organic,Career growth,0.8333,On track,Completed,1,37.4,52.7,15.3,5.0,10.0,Not measured,0,,
EN00743,PT0307,CH021,PRG03,Digital Workplace Skills,Employability,Community Upskilling,Malay,Virtual,TR03,Selangor,2025-04-07,2025-05-19,2025-04-01,Selangor,Shah Alam,25-34,Male,Employed,Mobile,Medium,Community partner,Job search,0.8333,On track,Completed,1,57.7,83.1,25.4,,,Not measured,1,23.4,1.0
EN00744,PT0431,CH021,PRG03,Digital Workplace Skills,Employability,Community Upskilling,Malay,Virtual,TR03,Selangor,2025-04-07,2025-05-19,2025-04-01,Penang,Seberang Perai,45+,Female,Student,Laptop/Desktop,Medium,Employer,Career growth,0.8333,On track,Completed,1,49.4,71.5,22.1,,,Not measured,0,,
EN00745,PT0021,CH021,PRG03,Digital Workplace Skills,Employability,Community Upskilling,Malay,Virtual,TR03,Selangor,2025-04-07,2025-05-19,2025-04-01,Penang,George Town,18-24,Male,Employed,Laptop/Desktop,Medium,Organic,Job search,1.0,On track,Completed,1,71.2,97.4,26.2,4.0,10.0,Not measured,0,,
EN00746,PT0483,CH021,PRG03,Digital Workplace Skills,Employability,Community Upskilling,Malay,Virtual,TR03,Selangor,2025-04-07,2025-05-19,2025-04-01,Sabah,Kota Kinabalu,35-44,Male,Job seeker,Mobile,Medium,Community partner,Job search,0.6667,Watch,Dropped,0,47.5,58.6,11.1,4.0,7.0,Not measured,1,24.8,0.0
EN00747,PT0502,CH021,PRG03,Digital Workplace Skills,Employability,Community Upskilling,Malay,Virtual,TR03,Selangor,2025-04-07,2025-05-19,2025-04-01,Kuala Lumpur,South,25-34,Male,Employed,Mobile,High,Employer,Digital confidence,0.8333,On track,Completed,1,78.6,100.0,21.4,4.0,8.0,Not measured,1,5.6,1.0
EN00748,PT0390,CH021,PRG03,Digital Workplace Skills,Employability,Community Upskilling,Malay,Virtual,TR03,Selangor,2025-04-07,2025-05-19,2025-04-01,Penang,George Town,25-34,Female,Employed,Laptop/Desktop,High,Organic,Career growth,1.0,On track,Completed,1,75.2,99.1,23.9,5.0,10.0,Not measured,0,,
EN00749,PT0234,CH021,PRG03,Digital Workplace Skills,Employability,Community Upskilling,Malay,Virtual,TR03,Selangor,2025-04-07,2025-05-19,2025-04-01,Johor,Johor Bahru,35-44,Female,Job seeker,Laptop/Desktop,Low,Organic,Career growth,0.6667,Watch,Completed,1,48.8,80.4,31.6,4.0,7.0,Not measured,0,,
EN00750,PT0551,CH021,PRG03,Digital Workplace Skills,Employability,Community Upskilling,Malay,Virtual,TR03,Selangor,2025-04-07,2025-05-19,2025-04-01,Sarawak,Kuching,18-24,Female,Student,Mobile,Medium,Community partner,Job search,0.6667,Watch,Completed,1,62.2,80.8,18.6,3.0,3.0,Not measured,1,26.5,0.0
EN00751,PT0441,CH021,PRG03,Digital Workplace Skills,Employability,Community Upskilling,Malay,Virtual,TR03,Selangor,2025-04-07,2025-05-19,2025-04-01,Johor,Johor Bahru,25-34,Female,Self-employed,Laptop/Desktop,Medium,Organic,Digital confidence,1.0,On track,Completed,1,38.4,67.7,29.3,4.0,7.0,Not measured,0,,
EN00752,PT0655,CH021,PRG03,Digital Workplace Skills,Employability,Community Upskilling,Malay,Virtual,TR03,Selangor,2025-04-07,2025-05-19,2025-04-01,Sabah,Kota Kinabalu,35-44,Male,Employed,Laptop/Desktop,Low,Employer,Job search,0.8333,On track,Dropped,0,41.9,63.8,21.9,4.0,7.0,Not measured,1,30.1,1.0
EN00753,PT0378,CH021,PRG03,Digital Workplace Skills,Employability,Community Upskilling,Malay,Virtual,TR03,Selangor,2025-04-07,2025-05-19,2025-04-01,Penang,George Town,25-34,Female,Employed,Mobile,High,Community partner,Employer requirement,1.0,On track,Completed,1,82.9,100.0,17.1,4.0,8.0,Not measured,0,,
EN00754,PT0134,CH021,PRG03,Digital Workplace Skills,Employability,Community Upskilling,Malay,Virtual,TR03,Selangor,2025-04-07,2025-05-19,2025-04-01,Kuala Lumpur,North,25-34,Male,Self-employed,Laptop/Desktop,Low,Organic,Job search,0.8333,On track,Completed,1,39.5,63.9,24.4,,,Not measured,0,,
EN00755,PT0766,CH021,PRG03,Digital Workplace Skills,Employability,Community Upskilling,Malay,Virtual,TR03,Selangor,2025-04-07,2025-05-19,2025-04-01,Selangor,Klang,18-24,Male,Employed,Laptop/Desktop,High,Community partner,Digital confidence,0.8333,On track,Completed,1,59.7,71.8,12.1,4.0,8.0,Not measured,0,,
EN00756,PT0643,CH021,PRG03,Digital Workplace Skills,Employability,Community Upskilling,Malay,Virtual,TR03,Selangor,2025-04-07,2025-05-19,2025-04-01,Penang,George Town,25-34,Female,Employed,Laptop/Desktop,Medium,Referral,Digital confidence,0.8333,On track,Completed,1,44.9,63.0,18.1,,,Not measured,0,,
EN00757,PT0047,CH021,PRG03,Digital Workplace Skills,Employability,Community Upskilling,Malay,Virtual,TR03,Selangor,2025-04-07,2025-05-19,2025-04-01,Johor,Muar,45+,Female,Self-employed,Mobile,Medium,Employer,Career growth,0.8333,On track,Completed,1,44.6,83.0,38.4,4.0,8.0,Not measured,0,,
EN00758,PT0057,CH021,PRG03,Digital Workplace Skills,Employability,Community Upskilling,Malay,Virtual,TR03,Selangor,2025-04-07,2025-05-19,2025-04-01,Johor,Muar,35-44,Male,Self-employed,Mobile,Low,Referral,Job search,0.5,Watch,Dropped,0,52.5,60.6,8.1,3.0,6.0,Not measured,0,,
EN00759,PT0572,CH021,PRG03,Digital Workplace Skills,Employability,Community Upskilling,Malay,Virtual,TR03,Selangor,2025-04-07,2025-05-19,2025-04-01,Kuala Lumpur,Central,35-44,Female,Student,Shared device,High,Organic,Employer requirement,0.8333,On track,Dropped,0,52.8,70.6,17.8,4.0,9.0,Not measured,2,18.0,0.5
EN00760,PT0773,CH021,PRG03,Digital Workplace Skills,Employability,Community Upskilling,Malay,Virtual,TR03,Selangor,2025-04-07,2025-05-19,2025-04-01,Selangor,Klang,18-24,Female,Employed,Mobile,Medium,Community partner,Career growth,0.5,Watch,Dropped,0,58.7,78.8,20.1,3.0,4.0,Not measured,0,,
EN00761,PT0228,CH021,PRG03,Digital Workplace Skills,Employability,Community Upskilling,Malay,Virtual,TR03,Selangor,2025-04-07,2025-05-19,2025-04-01,Selangor,Petaling,18-24,Female,Self-employed,Mobile,High,Organic,Employer requirement,0.3333,High risk,Dropped,0,64.9,76.9,12.0,3.0,6.0,Not measured,1,9.5,1.0
EN00762,PT0177,CH021,PRG03,Digital Workplace Skills,Employability,Community Upskilling,Malay,Virtual,TR03,Selangor,2025-04-07,2025-05-19,2025-04-01,Sarawak,Miri,35-44,Male,Job seeker,Mobile,Low,Organic,Job search,0.8333,On track,In progress / incomplete,0,58.2,88.9,30.7,5.0,10.0,Not measured,2,49.2,0.5
EN00763,PT0240,CH021,PRG03,Digital Workplace Skills,Employability,Community Upskilling,Malay,Virtual,TR03,Selangor,2025-04-07,2025-05-19,2025-04-01,Penang,Seberang Perai,25-34,Male,Employed,Laptop/Desktop,High,Community partner,Job search,0.8333,On track,Completed,1,76.0,94.7,18.7,4.0,8.0,Not measured,2,31.1,1.0
EN00764,PT0613,CH021,PRG03,Digital Workplace Skills,Employability,Community Upskilling,Malay,Virtual,TR03,Selangor,2025-04-07,2025-05-19,2025-04-01,Penang,George Town,18-24,Female,Employed,Mobile,Medium,Community partner,Career growth,0.6667,Watch,Completed,1,40.4,57.3,16.9,5.0,10.0,Not measured,2,47.0,0.0
EN00765,PT0182,CH021,PRG03,Digital Workplace Skills,Employability,Community Upskilling,Malay,Virtual,TR03,Selangor,2025-04-07,2025-05-19,2025-04-01,Penang,George Town,25-34,Male,Job seeker,Laptop/Desktop,Low,Community partner,Job search,0.3333,High risk,In progress / incomplete,0,47.1,53.9,6.8,3.0,4.0,Not measured,1,9.9,1.0
EN00766,PT0030,CH021,PRG03,Digital Workplace Skills,Employability,Community Upskilling,Malay,Virtual,TR03,Selangor,2025-04-07,2025-05-19,2025-04-01,Johor,Johor Bahru,25-34,Female,Job seeker,Laptop/Desktop,Medium,Community partner,Digital confidence,0.5,Watch,Completed,1,62.9,79.1,16.2,3.0,5.0,Not measured,0,,
EN00767,PT0353,CH021,PRG03,Digital Workplace Skills,Employability,Community Upskilling,Malay,Virtual,TR03,Selangor,2025-04-07,2025-05-19,2025-04-01,Sarawak,Kuching,25-34,Female,Self-employed,Mobile,Medium,Community partner,Job search,0.6667,Watch,Completed,1,67.4,96.9,29.5,4.0,7.0,Not measured,0,,
EN00768,PT0058,CH021,PRG03,Digital Workplace Skills,Employability,Community Upskilling,Malay,Virtual,TR03,Selangor,2025-04-07,2025-05-19,2025-04-01,Kuala Lumpur,North,18-24,Male,Employed,Mobile,High,Organic,Employer requirement,0.8333,On track,Completed,1,53.3,76.7,23.4,4.0,7.0,Not measured,0,,
EN00769,PT0038,CH021,PRG03,Digital Workplace Skills,Employability,Community Upskilling,Malay,Virtual,TR03,Selangor,2025-04-07,2025-05-19,2025-04-01,Selangor,Shah Alam,25-34,Male,Job seeker,Mobile,Low,Community partner,Career growth,0.8333,On track,Completed,1,41.6,63.3,21.7,4.0,7.0,Not measured,0,,
EN00770,PT0230,CH021,PRG03,Digital Workplace Skills,Employability,Community Upskilling,Malay,Virtual,TR03,Selangor,2025-04-07,2025-05-19,2025-04-01,Kuala Lumpur,South,25-34,Female,Self-employed,Mobile,Medium,Employer,Job search,1.0,On track,Completed,1,56.1,77.6,21.5,5.0,10.0,Not measured,0,,
EN00771,PT0339,CH021,PRG03,Digital Workplace Skills,Employability,Community Upskilling,Malay,Virtual,TR03,Selangor,2025-04-07,2025-05-19,2025-04-01,Sabah,Sandakan,25-34,Male,Employed,Shared device,Low,Community partner,Job search,0.5,Watch,Completed,1,61.4,66.4,5.0,4.0,7.0,Not measured,0,,
EN00772,PT0672,CH021,PRG03,Digital Workplace Skills,Employability,Community Upskilling,Malay,Virtual,TR03,Selangor,2025-04-07,2025-05-19,2025-04-01,Sarawak,Miri,18-24,Female,Employed,Mobile,Medium,Referral,Job search,0.6667,Watch,Completed,1,39.0,61.7,22.7,,,Not measured,0,,
EN00773,PT0473,CH021,PRG03,Digital Workplace Skills,Employability,Community Upskilling,Malay,Virtual,TR03,Selangor,2025-04-07,2025-05-19,2025-04-01,Selangor,Petaling,25-34,Male,Job seeker,Mobile,High,Organic,Digital confidence,1.0,On track,Completed,1,62.8,94.2,31.4,4.0,10.0,Not measured,0,,
EN00774,PT0778,CH021,PRG03,Digital Workplace Skills,Employability,Community Upskilling,Malay,Virtual,TR03,Selangor,2025-04-07,2025-05-19,2025-04-01,Selangor,Petaling,45+,Male,Employed,Laptop/Desktop,Low,Organic,Job search,0.8333,On track,Completed,1,31.2,56.4,25.2,4.0,9.0,Not measured,1,57.8,0.0
EN00775,PT0536,CH022,PRG04,Customer Support Excellence,Operations,Workforce Development,English,Virtual,TR07,Sabah,2025-04-07,2025-05-19,2025-04-01,Selangor,Petaling,25-34,Male,Job seeker,Shared device,Medium,Employer,Digital confidence,0.6667,Watch,Dropped,0,62.1,89.6,27.5,3.0,6.0,Not measured,1,17.7,1.0
EN00776,PT0463,CH022,PRG04,Customer Support Excellence,Operations,Workforce Development,English,Virtual,TR07,Sabah,2025-04-07,2025-05-19,2025-04-01,Selangor,Shah Alam,45+,Male,Employed,Mobile,Medium,Referral,Job search,1.0,On track,Completed,1,53.9,83.5,29.6,4.0,7.0,Not measured,0,,
EN00777,PT0602,CH022,PRG04,Customer Support Excellence,Operations,Workforce Development,English,Virtual,TR07,Sabah,2025-04-07,2025-05-19,2025-04-01,Kuala Lumpur,Central,35-44,Male,Employed,Mobile,High,Community partner,Career growth,0.6667,Watch,In progress / incomplete,0,51.2,77.9,26.7,3.0,5.0,Not measured,0,,
EN00778,PT0738,CH022,PRG04,Customer Support Excellence,Operations,Workforce Development,English,Virtual,TR07,Sabah,2025-04-07,2025-05-19,2025-04-01,Penang,George Town,35-44,Male,Employed,Mobile,Low,Referral,Career growth,0.3333,High risk,Completed,1,47.8,69.9,22.1,2.0,2.0,Not measured,0,,
EN00779,PT0368,CH022,PRG04,Customer Support Excellence,Operations,Workforce Development,English,Virtual,TR07,Sabah,2025-04-07,2025-05-19,2025-04-01,Sarawak,Kuching,25-34,Female,Job seeker,Shared device,Medium,Referral,Employer requirement,1.0,On track,Dropped,0,63.9,88.2,24.3,4.0,7.0,Not measured,0,,
EN00780,PT0253,CH022,PRG04,Customer Support Excellence,Operations,Workforce Development,English,Virtual,TR07,Sabah,2025-04-07,2025-05-19,2025-04-01,Johor,Muar,25-34,Male,Self-employed,Mobile,Medium,Community partner,Career growth,0.6667,Watch,Completed,1,67.9,86.3,18.4,4.0,8.0,Not measured,1,15.3,1.0
EN00781,PT0482,CH022,PRG04,Customer Support Excellence,Operations,Workforce Development,English,Virtual,TR07,Sabah,2025-04-07,2025-05-19,2025-04-01,Johor,Muar,35-44,Female,Employed,Mobile,Medium,Employer,Job search,0.5,Watch,Dropped,0,59.4,81.9,22.5,5.0,8.0,Not measured,0,,
EN00782,PT0331,CH022,PRG04,Customer Support Excellence,Operations,Workforce Development,English,Virtual,TR07,Sabah,2025-04-07,2025-05-19,2025-04-01,Penang,George Town,25-34,Male,Student,Mobile,High,Community partner,Job search,1.0,On track,Completed,1,46.9,81.5,34.6,4.0,7.0,Not measured,0,,
EN00783,PT0148,CH022,PRG04,Customer Support Excellence,Operations,Workforce Development,English,Virtual,TR07,Sabah,2025-04-07,2025-05-19,2025-04-01,Sabah,Kota Kinabalu,25-34,Male,Student,Mobile,Medium,Employer,Job search,0.5,Watch,Dropped,0,55.7,70.4,14.7,3.0,5.0,Not measured,0,,
EN00784,PT0765,CH022,PRG04,Customer Support Excellence,Operations,Workforce Development,English,Virtual,TR07,Sabah,2025-04-07,2025-05-19,2025-04-01,Sarawak,Miri,25-34,Male,Job seeker,Laptop/Desktop,High,Organic,Digital confidence,1.0,On track,Completed,1,39.0,64.8,25.8,3.0,5.0,Not measured,1,25.1,1.0
EN00785,PT0058,CH022,PRG04,Customer Support Excellence,Operations,Workforce Development,English,Virtual,TR07,Sabah,2025-04-07,2025-05-19,2025-04-01,Kuala Lumpur,North,18-24,Male,Employed,Mobile,High,Organic,Employer requirement,0.6667,Watch,Completed,1,68.9,99.8,30.9,,,Not measured,0,,
EN00786,PT0420,CH022,PRG04,Customer Support Excellence,Operations,Workforce Development,English,Virtual,TR07,Sabah,2025-04-07,2025-05-19,2025-04-01,Johor,Johor Bahru,25-34,Male,Job seeker,Mobile,Medium,Referral,Career growth,0.8333,On track,Completed,1,54.2,77.5,23.3,5.0,10.0,Not measured,0,,
EN00787,PT0466,CH022,PRG04,Customer Support Excellence,Operations,Workforce Development,English,Virtual,TR07,Sabah,2025-04-07,2025-05-19,2025-04-01,Kuala Lumpur,Central,18-24,Male,Student,Mobile,Medium,Organic,Career growth,0.6667,Watch,Completed,1,46.5,62.8,16.3,3.0,5.0,Not measured,0,,
EN00788,PT0658,CH022,PRG04,Customer Support Excellence,Operations,Workforce Development,English,Virtual,TR07,Sabah,2025-04-07,2025-05-19,2025-04-01,Sabah,Kota Kinabalu,35-44,Female,Employed,Mobile,Low,Referral,Job search,0.3333,High risk,In progress / incomplete,0,59.0,74.1,15.1,3.0,3.0,Not measured,0,,
EN00789,PT0649,CH022,PRG04,Customer Support Excellence,Operations,Workforce Development,English,Virtual,TR07,Sabah,2025-04-07,2025-05-19,2025-04-01,Kuala Lumpur,North,25-34,Female,Employed,Laptop/Desktop,High,Organic,Digital confidence,0.5,Watch,Dropped,0,76.9,100.0,23.1,4.0,6.0,Not measured,0,,
EN00790,PT0330,CH022,PRG04,Customer Support Excellence,Operations,Workforce Development,English,Virtual,TR07,Sabah,2025-04-07,2025-05-19,2025-04-01,Kuala Lumpur,Central,35-44,Female,Employed,Mobile,High,Organic,Career growth,0.8333,On track,Completed,1,83.3,100.0,16.7,4.0,7.0,Not measured,1,16.1,1.0
EN00791,PT0246,CH022,PRG04,Customer Support Excellence,Operations,Workforce Development,English,Virtual,TR07,Sabah,2025-04-07,2025-05-19,2025-04-01,Sarawak,Miri,25-34,Non-binary / Prefer not to say,Employed,Mobile,Low,Organic,Job search,0.6667,Watch,Completed,1,43.1,63.8,20.7,3.0,6.0,Not measured,1,13.8,1.0
EN00792,PT0768,CH022,PRG04,Customer Support Excellence,Operations,Workforce Development,English,Virtual,TR07,Sabah,2025-04-07,2025-05-19,2025-04-01,Selangor,Petaling,18-24,Male,Employed,Mobile,Medium,Referral,Career growth,0.8333,On track,Completed,1,49.2,78.8,29.6,,,Not measured,0,,
EN00793,PT0475,CH022,PRG04,Customer Support Excellence,Operations,Workforce Development,English,Virtual,TR07,Sabah,2025-04-07,2025-05-19,2025-04-01,Penang,Seberang Perai,25-34,Female,Student,Mobile,Low,Employer,Digital confidence,0.5,Watch,Completed,1,41.5,63.3,21.8,3.0,7.0,Not measured,0,,
EN00794,PT0068,CH022,PRG04,Customer Support Excellence,Operations,Workforce Development,English,Virtual,TR07,Sabah,2025-04-07,2025-05-19,2025-04-01,Sarawak,Kuching,18-24,Male,Employed,Mobile,Medium,Referral,Employer requirement,1.0,On track,Completed,1,88.0,100.0,12.0,5.0,10.0,Not measured,0,,
EN00795,PT0452,CH022,PRG04,Customer Support Excellence,Operations,Workforce Development,English,Virtual,TR07,Sabah,2025-04-07,2025-05-19,2025-04-01,Sabah,Kota Kinabalu,18-24,Female,Student,Shared device,High,Organic,Career growth,0.6667,Watch,Completed,1,64.0,88.1,24.1,4.0,7.0,Not measured,1,59.5,0.0
EN00796,PT0625,CH022,PRG04,Customer Support Excellence,Operations,Workforce Development,English,Virtual,TR07,Sabah,2025-04-07,2025-05-19,2025-04-01,Sabah,Kota Kinabalu,25-34,Female,Job seeker,Mobile,Medium,Community partner,Digital confidence,0.6667,Watch,Completed,1,57.2,85.1,27.9,4.0,9.0,Not measured,0,,
EN00797,PT0136,CH022,PRG04,Customer Support Excellence,Operations,Workforce Development,English,Virtual,TR07,Sabah,2025-04-07,2025-05-19,2025-04-01,Sarawak,Miri,25-34,Non-binary / Prefer not to say,Student,Laptop/Desktop,High,Employer,Career growth,1.0,On track,Completed,1,65.0,89.3,24.3,4.0,5.0,Not measured,0,,
EN00798,PT0346,CH022,PRG04,Customer Support Excellence,Operations,Workforce Development,English,Virtual,TR07,Sabah,2025-04-07,2025-05-19,2025-04-01,Johor,Muar,18-24,Male,Self-employed,Laptop/Desktop,High,Referral,Career growth,1.0,On track,Completed,1,42.7,74.7,32.0,,,Not measured,0,,
EN00799,PT0408,CH022,PRG04,Customer Support Excellence,Operations,Workforce Development,English,Virtual,TR07,Sabah,2025-04-07,2025-05-19,2025-04-01,Sabah,Sandakan,18-24,Female,Self-employed,Mobile,Medium,Community partner,Job search,0.6667,Watch,Completed,1,38.3,62.8,24.5,3.0,5.0,Not measured,0,,
EN00800,PT0586,CH022,PRG04,Customer Support Excellence,Operations,Workforce Development,English,Virtual,TR07,Sabah,2025-04-07,2025-05-19,2025-04-01,Johor,Johor Bahru,25-34,Female,Employed,Laptop/Desktop,Low,Organic,Job search,0.5,Watch,Completed,1,56.5,68.4,11.9,4.0,8.0,Not measured,0,,
EN00801,PT0394,CH022,PRG04,Customer Support Excellence,Operations,Workforce Development,English,Virtual,TR07,Sabah,2025-04-07,2025-05-19,2025-04-01,Penang,George Town,25-34,Female,Job seeker,Mobile,Medium,Community partner,Career growth,1.0,On track,Completed,1,33.9,77.0,43.1,,,Not measured,0,,
EN00802,PT0287,CH022,PRG04,Customer Support Excellence,Operations,Workforce Development,English,Virtual,TR07,Sabah,2025-04-07,2025-05-19,2025-04-01,Selangor,Klang,25-34,Male,Student,Laptop/Desktop,High,Organic,Digital confidence,1.0,On track,Completed,1,42.3,62.2,19.9,4.0,8.0,Not measured,0,,
EN00803,PT0376,CH022,PRG04,Customer Support Excellence,Operations,Workforce Development,English,Virtual,TR07,Sabah,2025-04-07,2025-05-19,2025-04-01,Selangor,Petaling,25-34,Female,Employed,Laptop/Desktop,High,Organic,Employer requirement,1.0,On track,Completed,1,54.0,79.3,25.3,4.0,9.0,Not measured,0,,
EN00804,PT0750,CH022,PRG04,Customer Support Excellence,Operations,Workforce Development,English,Virtual,TR07,Sabah,2025-04-07,2025-05-19,2025-04-01,Sabah,Kota Kinabalu,45+,Female,Student,Mobile,Low,Community partner,Job search,0.1667,High risk,Dropped,0,61.3,60.3,-1.0,4.0,10.0,Not measured,0,,
EN00805,PT0004,CH022,PRG04,Customer Support Excellence,Operations,Workforce Development,English,Virtual,TR07,Sabah,2025-04-07,2025-05-19,2025-04-01,Selangor,Klang,35-44,Female,Job seeker,Mobile,Medium,Employer,Digital confidence,0.5,Watch,Completed,1,33.0,60.3,27.3,4.0,6.0,Not measured,0,,
EN00806,PT0545,CH022,PRG04,Customer Support Excellence,Operations,Workforce Development,English,Virtual,TR07,Sabah,2025-04-07,2025-05-19,2025-04-01,Kuala Lumpur,North,25-34,Female,Student,Mobile,Low,Community partner,Digital confidence,0.6667,Watch,Completed,1,88.0,100.0,12.0,,,Not measured,0,,
EN00807,PT0437,CH022,PRG04,Customer Support Excellence,Operations,Workforce Development,English,Virtual,TR07,Sabah,2025-04-07,2025-05-19,2025-04-01,Selangor,Petaling,35-44,Female,Employed,Mobile,Medium,Community partner,Career growth,0.6667,Watch,Dropped,0,81.1,100.0,18.9,4.0,7.0,Not measured,0,,
EN00808,PT0401,CH023,PRG05,Financial Literacy,Business,Community Upskilling,Hindi,Virtual,TR09,Kuala Lumpur,2025-03-31,2025-05-05,2025-03-01,Kuala Lumpur,South,35-44,Female,Job seeker,Mobile,Low,Employer,Digital confidence,0.6,Watch,Completed,1,59.5,77.9,18.4,4.0,6.0,Not measured,1,22.9,1.0
EN00809,PT0256,CH023,PRG05,Financial Literacy,Business,Community Upskilling,Hindi,Virtual,TR09,Kuala Lumpur,2025-03-31,2025-05-05,2025-03-01,Kuala Lumpur,North,25-34,Female,Employed,Mobile,Low,Community partner,Job search,0.6,Watch,In progress / incomplete,0,49.8,66.6,16.8,,,Not measured,1,32.4,0.0
EN00810,PT0688,CH023,PRG05,Financial Literacy,Business,Community Upskilling,Hindi,Virtual,TR09,Kuala Lumpur,2025-03-31,2025-05-05,2025-03-01,Penang,George Town,25-34,Male,Self-employed,Mobile,Medium,Referral,Employer requirement,0.6,Watch,In progress / incomplete,0,59.1,83.7,24.6,3.0,8.0,Not measured,0,,
EN00811,PT0440,CH023,PRG05,Financial Literacy,Business,Community Upskilling,Hindi,Virtual,TR09,Kuala Lumpur,2025-03-31,2025-05-05,2025-03-01,Johor,Muar,18-24,Female,Employed,Mobile,Low,Community partner,Job search,0.8,On track,In progress / incomplete,0,41.8,80.3,38.5,3.0,6.0,Not measured,0,,
EN00812,PT0637,CH023,PRG05,Financial Literacy,Business,Community Upskilling,Hindi,Virtual,TR09,Kuala Lumpur,2025-03-31,2025-05-05,2025-03-01,Penang,George Town,25-34,Female,Self-employed,Mobile,Medium,Organic,Career growth,0.8,On track,Completed,1,36.4,57.1,20.7,,,Not measured,0,,
EN00813,PT0030,CH023,PRG05,Financial Literacy,Business,Community Upskilling,Hindi,Virtual,TR09,Kuala Lumpur,2025-03-31,2025-05-05,2025-03-01,Johor,Johor Bahru,25-34,Female,Job seeker,Laptop/Desktop,Medium,Organic,Employer requirement,1.0,On track,Completed,1,56.4,90.4,34.0,5.0,10.0,Not measured,1,9.9,1.0
EN00814,PT0730,CH023,PRG05,Financial Literacy,Business,Community Upskilling,Hindi,Virtual,TR09,Kuala Lumpur,2025-03-31,2025-05-05,2025-03-01,Penang,Seberang Perai,45+,Male,Job seeker,Shared device,Medium,Organic,Career growth,0.8,On track,Completed,1,52.2,72.8,20.6,4.0,7.0,Not measured,0,,
EN00815,PT0520,CH023,PRG05,Financial Literacy,Business,Community Upskilling,Hindi,Virtual,TR09,Kuala Lumpur,2025-03-31,2025-05-05,2025-03-01,Selangor,Petaling,35-44,Female,Student,Laptop/Desktop,Medium,Community partner,Career growth,0.6,Watch,Completed,1,51.8,76.0,24.2,4.0,7.0,Not measured,0,,
EN00816,PT0435,CH023,PRG05,Financial Literacy,Business,Community Upskilling,Hindi,Virtual,TR09,Kuala Lumpur,2025-03-31,2025-05-05,2025-03-01,Johor,Johor Bahru,35-44,Female,Employed,Laptop/Desktop,Medium,Referral,Job search,1.0,On track,Completed,1,54.0,81.3,27.3,,,Not measured,1,11.0,1.0
EN00817,PT0242,CH023,PRG05,Financial Literacy,Business,Community Upskilling,Hindi,Virtual,TR09,Kuala Lumpur,2025-03-31,2025-05-05,2025-03-01,Kuala Lumpur,South,45+,Male,Employed,Mobile,Low,Community partner,Job search,0.6,Watch,Completed,1,56.9,67.3,10.4,4.0,6.0,Not measured,1,23.6,1.0
EN00818,PT0420,CH023,PRG05,Financial Literacy,Business,Community Upskilling,Hindi,Virtual,TR09,Kuala Lumpur,2025-03-31,2025-05-05,2025-03-01,Johor,Johor Bahru,25-34,Male,Job seeker,Mobile,Medium,Employer,Career growth,0.6,Watch,Completed,1,53.4,82.7,29.3,3.0,7.0,Not measured,1,8.1,1.0
EN00819,PT0662,CH023,PRG05,Financial Literacy,Business,Community Upskilling,Hindi,Virtual,TR09,Kuala Lumpur,2025-03-31,2025-05-05,2025-03-01,Johor,Muar,35-44,Female,Student,Mobile,Medium,Employer,Digital confidence,0.8,On track,In progress / incomplete,0,63.0,82.9,19.9,3.0,4.0,Not measured,1,21.6,1.0
EN00820,PT0283,CH023,PRG05,Financial Literacy,Business,Community Upskilling,Hindi,Virtual,TR09,Kuala Lumpur,2025-03-31,2025-05-05,2025-03-01,Kuala Lumpur,South,45+,Female,Job seeker,Laptop/Desktop,Low,Employer,Job search,0.4,High risk,Dropped,0,38.9,55.8,16.9,4.0,8.0,Not measured,0,,
EN00821,PT0141,CH023,PRG05,Financial Literacy,Business,Community Upskilling,Hindi,Virtual,TR09,Kuala Lumpur,2025-03-31,2025-05-05,2025-03-01,Kuala Lumpur,North,18-24,Male,Employed,Mobile,Medium,Referral,Employer requirement,0.4,High risk,Completed,1,45.8,59.4,13.6,4.0,8.0,Not measured,0,,
EN00822,PT0175,CH023,PRG05,Financial Literacy,Business,Community Upskilling,Hindi,Virtual,TR09,Kuala Lumpur,2025-03-31,2025-05-05,2025-03-01,Kuala Lumpur,South,18-24,Male,Job seeker,Mobile,High,Community partner,Digital confidence,0.8,On track,Dropped,0,46.3,64.7,18.4,5.0,10.0,Not measured,0,,
EN00823,PT0470,CH023,PRG05,Financial Literacy,Business,Community Upskilling,Hindi,Virtual,TR09,Kuala Lumpur,2025-03-31,2025-05-05,2025-03-01,Kuala Lumpur,Central,18-24,Male,Student,Laptop/Desktop,Medium,Organic,Career growth,0.8,On track,Dropped,0,64.0,85.5,21.5,4.0,8.0,Not measured,0,,
EN00824,PT0567,CH023,PRG05,Financial Literacy,Business,Community Upskilling,Hindi,Virtual,TR09,Kuala Lumpur,2025-03-31,2025-05-05,2025-03-01,Selangor,Petaling,25-34,Female,Employed,Laptop/Desktop,Medium,Organic,Digital confidence,1.0,On track,Completed,1,62.9,83.2,20.3,4.0,8.0,Not measured,0,,
EN00825,PT0077,CH023,PRG05,Financial Literacy,Business,Community Upskilling,Hindi,Virtual,TR09,Kuala Lumpur,2025-03-31,2025-05-05,2025-03-01,Sabah,Sandakan,35-44,Female,Job seeker,Mobile,Low,Organic,Employer requirement,0.8,On track,Completed,1,41.6,73.2,31.6,4.0,7.0,Not measured,0,,
EN00826,PT0207,CH023,PRG05,Financial Literacy,Business,Community Upskilling,Hindi,Virtual,TR09,Kuala Lumpur,2025-03-31,2025-05-05,2025-03-01,Kuala Lumpur,North,25-34,Male,Job seeker,Laptop/Desktop,Medium,Community partner,Job search,0.8,On track,Completed,1,41.9,69.1,27.2,,,Not measured,1,13.6,0.0
EN00827,PT0359,CH023,PRG05,Financial Literacy,Business,Community Upskilling,Hindi,Virtual,TR09,Kuala Lumpur,2025-03-31,2025-05-05,2025-03-01,Sabah,Sandakan,25-34,Male,Self-employed,Mobile,High,Organic,Employer requirement,1.0,On track,Completed,1,36.3,60.3,24.0,5.0,8.0,Not measured,1,14.6,0.0
EN00828,PT0472,CH023,PRG05,Financial Literacy,Business,Community Upskilling,Hindi,Virtual,TR09,Kuala Lumpur,2025-03-31,2025-05-05,2025-03-01,Sarawak,Miri,25-34,Female,Employed,Mobile,Medium,Organic,Employer requirement,0.6,Watch,Completed,1,36.5,49.0,12.5,3.0,5.0,Not measured,0,,
EN00829,PT0698,CH023,PRG05,Financial Literacy,Business,Community Upskilling,Hindi,Virtual,TR09,Kuala Lumpur,2025-03-31,2025-05-05,2025-03-01,Selangor,Klang,35-44,Female,Self-employed,Mobile,Medium,Referral,Job search,0.6,Watch,Completed,1,48.8,72.4,23.6,,,Not measured,1,11.2,1.0
EN00830,PT0355,CH023,PRG05,Financial Literacy,Business,Community Upskilling,Hindi,Virtual,TR09,Kuala Lumpur,2025-03-31,2025-05-05,2025-03-01,Johor,Muar,35-44,Non-binary / Prefer not to say,Employed,Mobile,Medium,Community partner,Digital confidence,0.6,Watch,In progress / incomplete,0,51.2,74.1,22.9,4.0,7.0,Not measured,1,22.5,1.0
EN00831,PT0408,CH023,PRG05,Financial Literacy,Business,Community Upskilling,Hindi,Virtual,TR09,Kuala Lumpur,2025-03-31,2025-05-05,2025-03-01,Sabah,Sandakan,18-24,Female,Self-employed,Mobile,Medium,Organic,Job search,1.0,On track,Completed,1,57.9,76.6,18.7,5.0,10.0,Not measured,0,,
EN00832,PT0112,CH023,PRG05,Financial Literacy,Business,Community Upskilling,Hindi,Virtual,TR09,Kuala Lumpur,2025-03-31,2025-05-05,2025-03-01,Kuala Lumpur,Central,18-24,Female,Employed,Mobile,Medium,Referral,Career growth,0.8,On track,Completed,1,70.3,92.6,22.3,4.0,9.0,Not measured,0,,
EN00833,PT0319,CH023,PRG05,Financial Literacy,Business,Community Upskilling,Hindi,Virtual,TR09,Kuala Lumpur,2025-03-31,2025-05-05,2025-03-01,Penang,Seberang Perai,35-44,Female,Student,Mobile,Low,Employer,Employer requirement,0.8,On track,In progress / incomplete,0,35.7,61.7,26.0,,,Not measured,0,,
EN00834,PT0050,CH023,PRG05,Financial Literacy,Business,Community Upskilling,Hindi,Virtual,TR09,Kuala Lumpur,2025-03-31,2025-05-05,2025-03-01,Penang,George Town,25-34,Female,Employed,Laptop/Desktop,Low,Community partner,Job search,0.6,Watch,Completed,1,47.4,63.5,16.1,,,Not measured,0,,
EN00835,PT0398,CH023,PRG05,Financial Literacy,Business,Community Upskilling,Hindi,Virtual,TR09,Kuala Lumpur,2025-03-31,2025-05-05,2025-03-01,Sarawak,Miri,45+,Male,Job seeker,Mobile,High,Referral,Career growth,0.8,On track,Completed,1,52.5,80.4,27.9,4.0,9.0,Not measured,1,43.3,1.0
EN00836,PT0311,CH023,PRG05,Financial Literacy,Business,Community Upskilling,Hindi,Virtual,TR09,Kuala Lumpur,2025-03-31,2025-05-05,2025-03-01,Kuala Lumpur,South,18-24,Male,Employed,Mobile,Medium,Community partner,Employer requirement,1.0,On track,Completed,1,58.4,77.9,19.5,,,Not measured,0,,
EN00837,PT0527,CH023,PRG05,Financial Literacy,Business,Community Upskilling,Hindi,Virtual,TR09,Kuala Lumpur,2025-03-31,2025-05-05,2025-03-01,Kuala Lumpur,Central,25-34,Male,Employed,Mobile,High,Organic,Job search,0.8,On track,Completed,1,55.9,78.4,22.5,4.0,7.0,Not measured,0,,
EN00838,PT0608,CH023,PRG05,Financial Literacy,Business,Community Upskilling,Hindi,Virtual,TR09,Kuala Lumpur,2025-03-31,2025-05-05,2025-03-01,Sabah,Kota Kinabalu,25-34,Male,Job seeker,Mobile,High,Community partner,Digital confidence,1.0,On track,In progress / incomplete,0,58.3,75.4,17.1,,,Not measured,0,,
EN00839,PT0253,CH023,PRG05,Financial Literacy,Business,Community Upskilling,Hindi,Virtual,TR09,Kuala Lumpur,2025-03-31,2025-05-05,2025-03-01,Johor,Muar,25-34,Male,Self-employed,Mobile,Medium,Community partner,Career growth,1.0,On track,Completed,1,72.2,91.4,19.2,4.0,6.0,Not measured,0,,
EN00840,PT0337,CH023,PRG05,Financial Literacy,Business,Community Upskilling,Hindi,Virtual,TR09,Kuala Lumpur,2025-03-31,2025-05-05,2025-03-01,Kuala Lumpur,Central,35-44,Female,Student,Laptop/Desktop,Low,Community partner,Job search,0.0,High risk,Dropped,0,58.1,68.3,10.2,2.0,1.0,Not measured,1,33.1,1.0
EN00841,PT0516,CH023,PRG05,Financial Literacy,Business,Community Upskilling,Hindi,Virtual,TR09,Kuala Lumpur,2025-03-31,2025-05-05,2025-03-01,Selangor,Shah Alam,18-24,Male,Student,Mobile,Low,Organic,Digital confidence,0.8,On track,In progress / incomplete,0,66.8,89.4,22.6,4.0,9.0,Not measured,1,13.8,1.0
EN00842,PT0510,CH023,PRG05,Financial Literacy,Business,Community Upskilling,Hindi,Virtual,TR09,Kuala Lumpur,2025-03-31,2025-05-05,2025-03-01,Selangor,Shah Alam,45+,Female,Job seeker,Mobile,Medium,Community partner,Job search,0.6,Watch,Dropped,0,52.2,71.5,19.3,4.0,6.0,Not measured,2,27.8,0.5
EN00843,PT0308,CH023,PRG05,Financial Literacy,Business,Community Upskilling,Hindi,Virtual,TR09,Kuala Lumpur,2025-03-31,2025-05-05,2025-03-01,Sarawak,Kuching,25-34,Male,Job seeker,Laptop/Desktop,Low,Organic,Career growth,1.0,On track,Completed,1,41.1,75.6,34.5,5.0,10.0,Not measured,0,,
EN00844,PT0498,CH023,PRG05,Financial Literacy,Business,Community Upskilling,Hindi,Virtual,TR09,Kuala Lumpur,2025-03-31,2025-05-05,2025-03-01,Sarawak,Kuching,25-34,Female,Job seeker,Laptop/Desktop,High,Organic,Employer requirement,1.0,On track,Completed,1,70.7,91.7,21.0,,,Not measured,0,,
EN00845,PT0538,CH023,PRG05,Financial Literacy,Business,Community Upskilling,Hindi,Virtual,TR09,Kuala Lumpur,2025-03-31,2025-05-05,2025-03-01,Kuala Lumpur,North,45+,Female,Job seeker,Mobile,Medium,Community partner,Job search,1.0,On track,Completed,1,45.5,82.5,37.0,5.0,10.0,Not measured,0,,
EN00846,PT0544,CH023,PRG05,Financial Literacy,Business,Community Upskilling,Hindi,Virtual,TR09,Kuala Lumpur,2025-03-31,2025-05-05,2025-03-01,Johor,Muar,25-34,Female,Job seeker,Laptop/Desktop,Medium,Referral,Digital confidence,0.4,High risk,Dropped,0,44.6,53.1,8.5,4.0,8.0,Not measured,0,,
EN00847,PT0116,CH023,PRG05,Financial Literacy,Business,Community Upskilling,Hindi,Virtual,TR09,Kuala Lumpur,2025-03-31,2025-05-05,2025-03-01,Kuala Lumpur,North,25-34,Male,Employed,Shared device,Medium,Community partner,Job search,0.8,On track,Dropped,0,60.0,81.8,21.8,4.0,7.0,Not measured,2,29.4,1.0
EN00848,PT0558,CH023,PRG05,Financial Literacy,Business,Community Upskilling,Hindi,Virtual,TR09,Kuala Lumpur,2025-03-31,2025-05-05,2025-03-01,Kuala Lumpur,South,18-24,Female,Self-employed,Laptop/Desktop,Medium,Organic,Career growth,1.0,On track,Completed,1,84.1,100.0,15.9,4.0,7.0,Not measured,0,,
EN00849,PT0149,CH024,PRG06,Project Delivery Fundamentals,Operations,Workforce Development,English,In-person,TR01,Johor,2025-03-31,2025-05-26,2025-03-01,Selangor,Klang,35-44,Male,Student,Mobile,Medium,Employer,Job search,0.875,On track,Completed,1,68.1,83.4,15.3,,,Not measured,0,,
EN00850,PT0501,CH024,PRG06,Project Delivery Fundamentals,Operations,Workforce Development,English,In-person,TR01,Johor,2025-03-31,2025-05-26,2025-03-01,Sarawak,Miri,45+,Female,Student,Laptop/Desktop,High,Employer,Job search,0.875,On track,Completed,1,71.9,89.3,17.4,4.0,7.0,Not measured,0,,
EN00851,PT0659,CH024,PRG06,Project Delivery Fundamentals,Operations,Workforce Development,English,In-person,TR01,Johor,2025-03-31,2025-05-26,2025-03-01,Selangor,Petaling,25-34,Female,Student,Laptop/Desktop,Medium,Community partner,Career growth,1.0,On track,Completed,1,47.4,57.7,10.3,,,Not measured,0,,
EN00852,PT0478,CH024,PRG06,Project Delivery Fundamentals,Operations,Workforce Development,English,In-person,TR01,Johor,2025-03-31,2025-05-26,2025-03-01,Kuala Lumpur,North,18-24,Female,Employed,Laptop/Desktop,Medium,Organic,Digital confidence,1.0,On track,Completed,1,50.0,69.4,19.4,4.0,7.0,Not measured,1,18.5,1.0
EN00853,PT0467,CH024,PRG06,Project Delivery Fundamentals,Operations,Workforce Development,English,In-person,TR01,Johor,2025-03-31,2025-05-26,2025-03-01,Kuala Lumpur,South,25-34,Female,Job seeker,Mobile,Medium,Referral,Job search,0.875,On track,Completed,1,60.4,87.4,27.0,4.0,10.0,Not measured,1,57.1,0.0
EN00854,PT0556,CH024,PRG06,Project Delivery Fundamentals,Operations,Workforce Development,English,In-person,TR01,Johor,2025-03-31,2025-05-26,2025-03-01,Kuala Lumpur,Central,35-44,Male,Employed,Mobile,Low,Community partner,Employer requirement,0.875,On track,Completed,1,39.3,72.1,32.8,5.0,9.0,Not measured,0,,
EN00855,PT0507,CH024,PRG06,Project Delivery Fundamentals,Operations,Workforce Development,English,In-person,TR01,Johor,2025-03-31,2025-05-26,2025-03-01,Penang,George Town,35-44,Male,Employed,Shared device,Medium,Community partner,Career growth,0.625,Watch,In progress / incomplete,0,44.0,71.2,27.2,3.0,3.0,Not measured,0,,
EN00856,PT0096,CH024,PRG06,Project Delivery Fundamentals,Operations,Workforce Development,English,In-person,TR01,Johor,2025-03-31,2025-05-26,2025-03-01,Sarawak,Kuching,25-34,Male,Self-employed,Mobile,Medium,Community partner,Employer requirement,0.625,Watch,In progress / incomplete,0,49.7,69.1,19.4,,,Not measured,0,,
EN00857,PT0370,CH024,PRG06,Project Delivery Fundamentals,Operations,Workforce Development,English,In-person,TR01,Johor,2025-03-31,2025-05-26,2025-03-01,Kuala Lumpur,South,45+,Male,Job seeker,Laptop/Desktop,High,Organic,Career growth,0.875,On track,Completed,1,61.2,70.4,9.2,4.0,5.0,Not measured,0,,
EN00858,PT0106,CH024,PRG06,Project Delivery Fundamentals,Operations,Workforce Development,English,In-person,TR01,Johor,2025-03-31,2025-05-26,2025-03-01,Selangor,Klang,35-44,Female,Job seeker,Laptop/Desktop,Medium,Community partner,Career growth,1.0,On track,Completed,1,46.5,77.7,31.2,4.0,8.0,Not measured,0,,
EN00859,PT0672,CH024,PRG06,Project Delivery Fundamentals,Operations,Workforce Development,English,In-person,TR01,Johor,2025-03-31,2025-05-26,2025-03-01,Sarawak,Miri,18-24,Female,Employed,Mobile,Medium,Community partner,Digital confidence,1.0,On track,Completed,1,34.4,52.3,17.9,5.0,9.0,Not measured,0,,
EN00860,PT0635,CH024,PRG06,Project Delivery Fundamentals,Operations,Workforce Development,English,In-person,TR01,Johor,2025-03-31,2025-05-26,2025-03-01,Kuala Lumpur,South,25-34,Female,Self-employed,Mobile,Medium,Community partner,Job search,0.875,On track,Completed,1,42.2,64.3,22.1,,,Not measured,0,,
EN00861,PT0251,CH024,PRG06,Project Delivery Fundamentals,Operations,Workforce Development,English,In-person,TR01,Johor,2025-03-31,2025-05-26,2025-03-01,Penang,George Town,25-34,Male,Student,Mobile,Low,Community partner,Job search,0.875,On track,Completed,1,39.8,62.0,22.2,,,Not measured,1,51.5,0.0
EN00862,PT0315,CH024,PRG06,Project Delivery Fundamentals,Operations,Workforce Development,English,In-person,TR01,Johor,2025-03-31,2025-05-26,2025-03-01,Penang,George Town,25-34,Female,Job seeker,Laptop/Desktop,Low,Community partner,Job search,0.75,On track,Completed,1,52.2,75.5,23.3,4.0,7.0,Not measured,0,,
EN00863,PT0173,CH024,PRG06,Project Delivery Fundamentals,Operations,Workforce Development,English,In-person,TR01,Johor,2025-03-31,2025-05-26,2025-03-01,Sabah,Kota Kinabalu,35-44,Male,Job seeker,Mobile,Medium,Organic,Job search,1.0,On track,Completed,1,50.2,71.7,21.5,4.0,7.0,Not measured,0,,
EN00864,PT0697,CH024,PRG06,Project Delivery Fundamentals,Operations,Workforce Development,English,In-person,TR01,Johor,2025-03-31,2025-05-26,2025-03-01,Selangor,Petaling,18-24,Female,Self-employed,Mobile,Medium,Community partner,Employer requirement,0.625,Watch,Completed,1,52.2,71.8,19.6,4.0,8.0,Not measured,0,,
EN00865,PT0666,CH024,PRG06,Project Delivery Fundamentals,Operations,Workforce Development,English,In-person,TR01,Johor,2025-03-31,2025-05-26,2025-03-01,Selangor,Shah Alam,35-44,Female,Student,Mobile,Medium,Employer,Digital confidence,1.0,On track,Completed,1,68.6,100.0,31.4,5.0,9.0,Not measured,0,,
EN00866,PT0355,CH024,PRG06,Project Delivery Fundamentals,Operations,Workforce Development,English,In-person,TR01,Johor,2025-03-31,2025-05-26,2025-03-01,Johor,Muar,35-44,Non-binary / Prefer not to say,Employed,Mobile,Medium,Referral,Career growth,0.625,Watch,Completed,1,49.6,72.7,23.1,,,Not measured,0,,
EN00867,PT0549,CH024,PRG06,Project Delivery Fundamentals,Operations,Workforce Development,English,In-person,TR01,Johor,2025-03-31,2025-05-26,2025-03-01,Penang,George Town,25-34,Female,Employed,Laptop/Desktop,Medium,Employer,Job search,0.25,High risk,Completed,1,70.7,80.3,9.6,,,Not measured,0,,
EN00868,PT0533,CH024,PRG06,Project Delivery Fundamentals,Operations,Workforce Development,English,In-person,TR01,Johor,2025-03-31,2025-05-26,2025-03-01,Sarawak,Kuching,25-34,Female,Employed,Mobile,High,Employer,Job search,1.0,On track,Completed,1,63.1,91.9,28.8,5.0,10.0,Not measured,0,,
EN00869,PT0056,CH024,PRG06,Project Delivery Fundamentals,Operations,Workforce Development,English,In-person,TR01,Johor,2025-03-31,2025-05-26,2025-03-01,Selangor,Klang,18-24,Female,Student,Mobile,High,Organic,Job search,0.875,On track,Completed,1,51.2,64.9,13.7,4.0,6.0,Not measured,0,,
EN00870,PT0027,CH024,PRG06,Project Delivery Fundamentals,Operations,Workforce Development,English,In-person,TR01,Johor,2025-03-31,2025-05-26,2025-03-01,Sarawak,Kuching,18-24,Male,Employed,Mobile,Medium,Employer,Career growth,0.75,On track,Completed,1,74.8,92.4,17.6,,,Not measured,0,,
EN00871,PT0351,CH024,PRG06,Project Delivery Fundamentals,Operations,Workforce Development,English,In-person,TR01,Johor,2025-03-31,2025-05-26,2025-03-01,Sarawak,Kuching,18-24,Female,Employed,Mobile,Medium,Employer,Digital confidence,0.625,Watch,Completed,1,64.0,87.4,23.4,4.0,7.0,Not measured,0,,
EN00872,PT0720,CH024,PRG06,Project Delivery Fundamentals,Operations,Workforce Development,English,In-person,TR01,Johor,2025-03-31,2025-05-26,2025-03-01,Penang,Seberang Perai,25-34,Male,Job seeker,Mobile,Medium,Community partner,Digital confidence,1.0,On track,Completed,1,56.9,77.8,20.9,,,Not measured,0,,
EN00873,PT0155,CH024,PRG06,Project Delivery Fundamentals,Operations,Workforce Development,English,In-person,TR01,Johor,2025-03-31,2025-05-26,2025-03-01,Kuala Lumpur,South,45+,Male,Student,Mobile,High,Employer,Employer requirement,1.0,On track,Completed,1,58.9,87.8,28.9,,,Not measured,0,,
EN00874,PT0016,CH024,PRG06,Project Delivery Fundamentals,Operations,Workforce Development,English,In-person,TR01,Johor,2025-03-31,2025-05-26,2025-03-01,Penang,George Town,25-34,Female,Student,Mobile,Medium,Community partner,Job search,1.0,On track,Completed,1,53.9,77.4,23.5,5.0,10.0,Not measured,0,,
EN00875,PT0184,CH024,PRG06,Project Delivery Fundamentals,Operations,Workforce Development,English,In-person,TR01,Johor,2025-03-31,2025-05-26,2025-03-01,Kuala Lumpur,South,25-34,Male,Employed,Mobile,Medium,Employer,Career growth,0.875,On track,Completed,1,66.1,89.4,23.3,4.0,7.0,Not measured,0,,
EN00876,PT0026,CH024,PRG06,Project Delivery Fundamentals,Operations,Workforce Development,English,In-person,TR01,Johor,2025-03-31,2025-05-26,2025-03-01,Sarawak,Miri,18-24,Female,Employed,Mobile,High,Organic,Career growth,0.75,On track,Dropped,0,56.5,86.7,30.2,3.0,5.0,Not measured,1,12.6,1.0
EN00877,PT0475,CH025,PRG01,Data Foundations,Data & Digital,Career Transition,English,Virtual,TR11,Sarawak,2025-05-12,2025-07-07,2025-05-01,Penang,Seberang Perai,25-34,Female,Student,Mobile,Low,Community partner,Job search,0.875,On track,Completed,1,58.8,85.2,26.4,4.0,7.0,New role,0,,
EN00878,PT0554,CH025,PRG01,Data Foundations,Data & Digital,Career Transition,English,Virtual,TR11,Sarawak,2025-05-12,2025-07-07,2025-05-01,Kuala Lumpur,South,45+,Male,Self-employed,Mobile,Medium,Community partner,Job search,0.375,High risk,Completed,1,53.4,68.8,15.4,4.0,9.0,No change reported,0,,
EN00879,PT0397,CH025,PRG01,Data Foundations,Data & Digital,Career Transition,English,Virtual,TR11,Sarawak,2025-05-12,2025-07-07,2025-05-01,Selangor,Klang,45+,Female,Job seeker,Mobile,Medium,Referral,Digital confidence,0.625,Watch,Completed,1,53.6,73.4,19.8,4.0,7.0,New role,0,,
EN00880,PT0157,CH025,PRG01,Data Foundations,Data & Digital,Career Transition,English,Virtual,TR11,Sarawak,2025-05-12,2025-07-07,2025-05-01,Johor,Muar,35-44,Female,Employed,Mobile,Low,Organic,Job search,0.75,On track,Completed,1,51.3,81.4,30.1,3.0,7.0,No change reported,0,,
EN00881,PT0732,CH025,PRG01,Data Foundations,Data & Digital,Career Transition,English,Virtual,TR11,Sarawak,2025-05-12,2025-07-07,2025-05-01,Penang,George Town,35-44,Female,Employed,Mobile,Medium,Community partner,Job search,0.75,On track,In progress / incomplete,0,62.9,79.4,16.5,4.0,9.0,Not measured,1,23.4,1.0
EN00882,PT0356,CH025,PRG01,Data Foundations,Data & Digital,Career Transition,English,Virtual,TR11,Sarawak,2025-05-12,2025-07-07,2025-05-01,Sarawak,Miri,25-34,Male,Employed,Mobile,Medium,Community partner,Career growth,0.625,Watch,Completed,1,58.3,90.1,31.8,3.0,4.0,No change reported,0,,
EN00883,PT0626,CH025,PRG01,Data Foundations,Data & Digital,Career Transition,English,Virtual,TR11,Sarawak,2025-05-12,2025-07-07,2025-05-01,Sabah,Kota Kinabalu,25-34,Male,Student,Shared device,High,Organic,Career growth,0.875,On track,Completed,1,70.4,100.0,29.6,5.0,8.0,No change reported,1,18.9,1.0
EN00884,PT0303,CH025,PRG01,Data Foundations,Data & Digital,Career Transition,English,Virtual,TR11,Sarawak,2025-05-12,2025-07-07,2025-05-01,Kuala Lumpur,Central,35-44,Female,Employed,Shared device,Low,Community partner,Career growth,0.375,High risk,In progress / incomplete,0,44.5,53.8,9.3,3.0,6.0,Not measured,1,20.7,1.0
EN00885,PT0173,CH025,PRG01,Data Foundations,Data & Digital,Career Transition,English,Virtual,TR11,Sarawak,2025-05-12,2025-07-07,2025-05-01,Sabah,Kota Kinabalu,35-44,Male,Job seeker,Mobile,Medium,Community partner,Employer requirement,1.0,On track,Completed,1,35.6,70.3,34.7,,,Interview secured,0,,
EN00886,PT0398,CH025,PRG01,Data Foundations,Data & Digital,Career Transition,English,Virtual,TR11,Sarawak,2025-05-12,2025-07-07,2025-05-01,Sarawak,Miri,45+,Male,Job seeker,Mobile,High,Community partner,Digital confidence,0.75,On track,Dropped,0,47.0,64.5,17.5,4.0,8.0,Not measured,0,,
EN00887,PT0735,CH025,PRG01,Data Foundations,Data & Digital,Career Transition,English,Virtual,TR11,Sarawak,2025-05-12,2025-07-07,2025-05-01,Johor,Muar,35-44,Male,Employed,Mobile,Medium,Referral,Career growth,0.75,On track,Completed,1,40.9,63.0,22.1,4.0,7.0,New role,0,,
EN00888,PT0446,CH025,PRG01,Data Foundations,Data & Digital,Career Transition,English,Virtual,TR11,Sarawak,2025-05-12,2025-07-07,2025-05-01,Johor,Johor Bahru,35-44,Male,Employed,Shared device,Low,Organic,Digital confidence,0.5,Watch,Completed,1,64.1,78.1,14.0,3.0,7.0,No change reported,0,,
EN00889,PT0433,CH025,PRG01,Data Foundations,Data & Digital,Career Transition,English,Virtual,TR11,Sarawak,2025-05-12,2025-07-07,2025-05-01,Selangor,Petaling,25-34,Male,Employed,Laptop/Desktop,Medium,Employer,Career growth,0.375,High risk,In progress / incomplete,0,54.4,61.4,7.0,3.0,7.0,Not measured,0,,
EN00890,PT0498,CH025,PRG01,Data Foundations,Data & Digital,Career Transition,English,Virtual,TR11,Sarawak,2025-05-12,2025-07-07,2025-05-01,Sarawak,Kuching,25-34,Female,Job seeker,Laptop/Desktop,High,Community partner,Career growth,1.0,On track,Completed,1,58.1,86.6,28.5,4.0,6.0,No change reported,0,,
EN00891,PT0694,CH025,PRG01,Data Foundations,Data & Digital,Career Transition,English,Virtual,TR11,Sarawak,2025-05-12,2025-07-07,2025-05-01,Selangor,Petaling,18-24,Male,Employed,Mobile,Low,Community partner,Career growth,0.75,On track,Completed,1,59.7,73.3,13.6,,,No change reported,0,,
EN00892,PT0657,CH025,PRG01,Data Foundations,Data & Digital,Career Transition,English,Virtual,TR11,Sarawak,2025-05-12,2025-07-07,2025-05-01,Sarawak,Miri,35-44,Male,Self-employed,Mobile,Medium,Employer,Career growth,0.75,On track,Completed,1,49.2,77.5,28.3,4.0,6.0,No change reported,1,76.8,0.0
EN00893,PT0721,CH025,PRG01,Data Foundations,Data & Digital,Career Transition,English,Virtual,TR11,Sarawak,2025-05-12,2025-07-07,2025-05-01,Kuala Lumpur,North,25-34,Male,Job seeker,Mobile,Medium,Community partner,Career growth,1.0,On track,Completed,1,67.2,83.9,16.7,4.0,8.0,New role,1,14.4,1.0
EN00894,PT0638,CH025,PRG01,Data Foundations,Data & Digital,Career Transition,English,Virtual,TR11,Sarawak,2025-05-12,2025-07-07,2025-05-01,Selangor,Klang,45+,Female,Self-employed,Mobile,Medium,Referral,Job search,1.0,On track,Completed,1,66.2,88.9,22.7,5.0,9.0,No change reported,0,,
EN00895,PT0733,CH025,PRG01,Data Foundations,Data & Digital,Career Transition,English,Virtual,TR11,Sarawak,2025-05-12,2025-07-07,2025-05-01,Kuala Lumpur,Central,25-34,Male,Job seeker,Laptop/Desktop,Medium,Community partner,Job search,1.0,On track,Completed,1,60.2,90.4,30.2,5.0,10.0,No change reported,2,20.9,0.5
EN00896,PT0279,CH025,PRG01,Data Foundations,Data & Digital,Career Transition,English,Virtual,TR11,Sarawak,2025-05-12,2025-07-07,2025-05-01,Kuala Lumpur,North,18-24,Male,Employed,Laptop/Desktop,Medium,Organic,Digital confidence,0.875,On track,Completed,1,40.0,65.0,25.0,4.0,8.0,New role,0,,
EN00897,PT0372,CH025,PRG01,Data Foundations,Data & Digital,Career Transition,English,Virtual,TR11,Sarawak,2025-05-12,2025-07-07,2025-05-01,Kuala Lumpur,South,18-24,Female,Job seeker,Shared device,Low,Organic,Digital confidence,0.875,On track,Completed,1,56.0,72.0,16.0,5.0,10.0,No change reported,1,4.2,1.0
EN00898,PT0753,CH025,PRG01,Data Foundations,Data & Digital,Career Transition,English,Virtual,TR11,Sarawak,2025-05-12,2025-07-07,2025-05-01,Kuala Lumpur,North,25-34,Male,Self-employed,Laptop/Desktop,Low,Organic,Job search,1.0,On track,Completed,1,41.8,68.3,26.5,4.0,7.0,No change reported,0,,
EN00899,PT0670,CH025,PRG01,Data Foundations,Data & Digital,Career Transition,English,Virtual,TR11,Sarawak,2025-05-12,2025-07-07,2025-05-01,Sabah,Sandakan,18-24,Female,Student,Laptop/Desktop,Medium,Community partner,Job search,0.625,Watch,Completed,1,36.1,50.9,14.8,5.0,10.0,No change reported,0,,
EN00900,PT0671,CH025,PRG01,Data Foundations,Data & Digital,Career Transition,English,Virtual,TR11,Sarawak,2025-05-12,2025-07-07,2025-05-01,Johor,Muar,35-44,Male,Employed,Laptop/Desktop,Medium,Organic,Employer requirement,0.875,On track,Completed,1,34.1,67.4,33.3,,,No change reported,0,,
EN00901,PT0268,CH025,PRG01,Data Foundations,Data & Digital,Career Transition,English,Virtual,TR11,Sarawak,2025-05-12,2025-07-07,2025-05-01,Kuala Lumpur,North,25-34,Female,Employed,Laptop/Desktop,Low,Organic,Career growth,0.75,On track,Dropped,0,20.1,36.6,16.5,4.0,7.0,Not measured,2,28.2,1.0
EN00902,PT0515,CH025,PRG01,Data Foundations,Data & Digital,Career Transition,English,Virtual,TR11,Sarawak,2025-05-12,2025-07-07,2025-05-01,Selangor,Petaling,35-44,Female,Job seeker,Mobile,Medium,Employer,Career growth,1.0,On track,Completed,1,63.6,89.3,25.7,4.0,10.0,Interview secured,1,34.9,1.0
EN00903,PT0519,CH025,PRG01,Data Foundations,Data & Digital,Career Transition,English,Virtual,TR11,Sarawak,2025-05-12,2025-07-07,2025-05-01,Selangor,Shah Alam,25-34,Male,Student,Laptop/Desktop,High,Community partner,Career growth,1.0,On track,Completed,1,77.4,100.0,22.6,4.0,9.0,No change reported,0,,
EN00904,PT0410,CH025,PRG01,Data Foundations,Data & Digital,Career Transition,English,Virtual,TR11,Sarawak,2025-05-12,2025-07-07,2025-05-01,Sabah,Kota Kinabalu,35-44,Male,Job seeker,Laptop/Desktop,High,Referral,Job search,0.875,On track,Completed,1,66.5,95.8,29.3,4.0,6.0,No change reported,0,,
EN00905,PT0696,CH025,PRG01,Data Foundations,Data & Digital,Career Transition,English,Virtual,TR11,Sarawak,2025-05-12,2025-07-07,2025-05-01,Sarawak,Kuching,25-34,Female,Employed,Laptop/Desktop,Medium,Community partner,Employer requirement,0.875,On track,Completed,1,59.7,71.3,11.6,4.0,7.0,No change reported,0,,
EN00906,PT0388,CH025,PRG01,Data Foundations,Data & Digital,Career Transition,English,Virtual,TR11,Sarawak,2025-05-12,2025-07-07,2025-05-01,Johor,Johor Bahru,35-44,Male,Student,Laptop/Desktop,Medium,Community partner,Career growth,0.875,On track,Completed,1,55.9,85.4,29.5,4.0,5.0,New role,0,,
EN00907,PT0088,CH025,PRG01,Data Foundations,Data & Digital,Career Transition,English,Virtual,TR11,Sarawak,2025-05-12,2025-07-07,2025-05-01,Johor,Johor Bahru,25-34,Female,Self-employed,Laptop/Desktop,Medium,Employer,Digital confidence,0.75,On track,Completed,1,63.9,91.7,27.8,4.0,8.0,No change reported,0,,
EN00908,PT0332,CH025,PRG01,Data Foundations,Data & Digital,Career Transition,English,Virtual,TR11,Sarawak,2025-05-12,2025-07-07,2025-05-01,Kuala Lumpur,Central,25-34,Male,Student,Laptop/Desktop,Low,Organic,Career growth,0.375,High risk,Completed,1,61.7,68.3,6.6,,,No change reported,1,23.5,1.0
EN00909,PT0337,CH025,PRG01,Data Foundations,Data & Digital,Career Transition,English,Virtual,TR11,Sarawak,2025-05-12,2025-07-07,2025-05-01,Kuala Lumpur,Central,35-44,Female,Student,Laptop/Desktop,Low,Community partner,Job search,0.625,Watch,Dropped,0,51.6,85.9,34.3,4.0,8.0,Not measured,0,,
EN00910,PT0495,CH025,PRG01,Data Foundations,Data & Digital,Career Transition,English,Virtual,TR11,Sarawak,2025-05-12,2025-07-07,2025-05-01,Kuala Lumpur,South,25-34,Male,Employed,Mobile,Medium,Community partner,Employer requirement,0.5,Watch,Completed,1,46.5,77.0,30.5,,,Interview secured,0,,
EN00911,PT0402,CH025,PRG01,Data Foundations,Data & Digital,Career Transition,English,Virtual,TR11,Sarawak,2025-05-12,2025-07-07,2025-05-01,Kuala Lumpur,Central,35-44,Male,Student,Mobile,High,Organic,Employer requirement,0.625,Watch,Completed,1,79.3,100.0,20.7,4.0,8.0,No change reported,1,15.4,1.0
EN00912,PT0143,CH025,PRG01,Data Foundations,Data & Digital,Career Transition,English,Virtual,TR11,Sarawak,2025-05-12,2025-07-07,2025-05-01,Sabah,Sandakan,35-44,Male,Employed,Laptop/Desktop,Medium,Organic,Career growth,0.75,On track,Completed,1,38.8,51.9,13.1,5.0,10.0,New role,0,,
EN00913,PT0454,CH026,PRG02,Business Analytics Essentials,Data & Digital,Career Transition,English,Hybrid,TR12,Kuala Lumpur,2025-04-28,2025-07-07,2025-04-01,Selangor,Klang,25-34,Female,Self-employed,Laptop/Desktop,High,Referral,Career growth,0.9,On track,Dropped,0,58.8,83.9,25.1,,,Not measured,0,,
EN00914,PT0156,CH026,PRG02,Business Analytics Essentials,Data & Digital,Career Transition,English,Hybrid,TR12,Kuala Lumpur,2025-04-28,2025-07-07,2025-04-01,Penang,George Town,18-24,Female,Employed,Laptop/Desktop,Medium,Community partner,Job search,0.9,On track,Completed,1,41.7,57.8,16.1,4.0,8.0,No change reported,0,,
EN00915,PT0464,CH026,PRG02,Business Analytics Essentials,Data & Digital,Career Transition,English,Hybrid,TR12,Kuala Lumpur,2025-04-28,2025-07-07,2025-04-01,Johor,Johor Bahru,35-44,Female,Student,Mobile,Medium,Referral,Digital confidence,0.8,On track,Completed,1,31.7,47.3,15.6,4.0,7.0,No change reported,0,,
EN00916,PT0362,CH026,PRG02,Business Analytics Essentials,Data & Digital,Career Transition,English,Hybrid,TR12,Kuala Lumpur,2025-04-28,2025-07-07,2025-04-01,Sarawak,Kuching,25-34,Male,Student,Mobile,Medium,Organic,Career growth,0.9,On track,Completed,1,55.0,85.2,30.2,4.0,6.0,No change reported,0,,
EN00917,PT0322,CH026,PRG02,Business Analytics Essentials,Data & Digital,Career Transition,English,Hybrid,TR12,Kuala Lumpur,2025-04-28,2025-07-07,2025-04-01,Kuala Lumpur,Central,25-34,Male,Job seeker,Mobile,High,Referral,Career growth,0.8,On track,Dropped,0,66.3,80.6,14.3,5.0,10.0,Not measured,0,,
EN00918,PT0712,CH026,PRG02,Business Analytics Essentials,Data & Digital,Career Transition,English,Hybrid,TR12,Kuala Lumpur,2025-04-28,2025-07-07,2025-04-01,Selangor,Petaling,18-24,Male,Job seeker,Laptop/Desktop,Medium,Referral,Job search,0.9,On track,Completed,1,36.1,53.3,17.2,5.0,10.0,No change reported,1,47.7,0.0
EN00919,PT0103,CH026,PRG02,Business Analytics Essentials,Data & Digital,Career Transition,English,Hybrid,TR12,Kuala Lumpur,2025-04-28,2025-07-07,2025-04-01,Sabah,Sandakan,18-24,Female,Job seeker,Shared device,Medium,Organic,Digital confidence,1.0,On track,Completed,1,57.2,90.4,33.2,,,No change reported,1,9.4,1.0
EN00920,PT0292,CH026,PRG02,Business Analytics Essentials,Data & Digital,Career Transition,English,Hybrid,TR12,Kuala Lumpur,2025-04-28,2025-07-07,2025-04-01,Sarawak,Kuching,35-44,Female,Employed,Mobile,High,Organic,Digital confidence,1.0,On track,Completed,1,56.0,70.7,14.7,5.0,10.0,No change reported,0,,
EN00921,PT0671,CH026,PRG02,Business Analytics Essentials,Data & Digital,Career Transition,English,Hybrid,TR12,Kuala Lumpur,2025-04-28,2025-07-07,2025-04-01,Johor,Muar,35-44,Male,Employed,Laptop/Desktop,Medium,Organic,Digital confidence,0.7,Watch,Completed,1,60.6,84.9,24.3,4.0,9.0,No change reported,0,,
EN00922,PT0648,CH026,PRG02,Business Analytics Essentials,Data & Digital,Career Transition,English,Hybrid,TR12,Kuala Lumpur,2025-04-28,2025-07-07,2025-04-01,Selangor,Petaling,25-34,Male,Student,Mobile,High,Community partner,Career growth,0.8,On track,Completed,1,80.5,100.0,19.5,3.0,4.0,No change reported,0,,
EN00923,PT0343,CH026,PRG02,Business Analytics Essentials,Data & Digital,Career Transition,English,Hybrid,TR12,Kuala Lumpur,2025-04-28,2025-07-07,2025-04-01,Johor,Johor Bahru,18-24,Female,Job seeker,Laptop/Desktop,High,Referral,Job search,0.9,On track,Completed,1,63.0,85.0,22.0,4.0,6.0,New role,1,22.7,1.0
EN00924,PT0237,CH026,PRG02,Business Analytics Essentials,Data & Digital,Career Transition,English,Hybrid,TR12,Kuala Lumpur,2025-04-28,2025-07-07,2025-04-01,Sarawak,Miri,45+,Male,Student,Mobile,Low,Community partner,Career growth,0.8,On track,Completed,1,55.5,68.2,12.7,4.0,8.0,No change reported,1,12.5,1.0
EN00925,PT0685,CH026,PRG02,Business Analytics Essentials,Data & Digital,Career Transition,English,Hybrid,TR12,Kuala Lumpur,2025-04-28,2025-07-07,2025-04-01,Kuala Lumpur,North,25-34,Female,Student,Laptop/Desktop,High,Community partner,Job search,1.0,On track,Completed,1,60.3,98.8,38.5,4.0,7.0,New role,1,29.9,0.0
EN00926,PT0113,CH026,PRG02,Business Analytics Essentials,Data & Digital,Career Transition,English,Hybrid,TR12,Kuala Lumpur,2025-04-28,2025-07-07,2025-04-01,Johor,Johor Bahru,35-44,Female,Job seeker,Mobile,High,Community partner,Career growth,0.9,On track,Completed,1,64.6,87.8,23.2,5.0,10.0,No change reported,0,,
EN00927,PT0413,CH026,PRG02,Business Analytics Essentials,Data & Digital,Career Transition,English,Hybrid,TR12,Kuala Lumpur,2025-04-28,2025-07-07,2025-04-01,Sabah,Sandakan,18-24,Female,Job seeker,Mobile,Low,Employer,Digital confidence,1.0,On track,Completed,1,55.2,89.6,34.4,5.0,10.0,No change reported,0,,
EN00928,PT0536,CH026,PRG02,Business Analytics Essentials,Data & Digital,Career Transition,English,Hybrid,TR12,Kuala Lumpur,2025-04-28,2025-07-07,2025-04-01,Selangor,Petaling,25-34,Male,Job seeker,Shared device,Medium,Community partner,Career growth,0.5,Watch,Completed,1,47.6,59.9,12.3,3.0,4.0,No change reported,1,51.9,0.0
EN00929,PT0423,CH026,PRG02,Business Analytics Essentials,Data & Digital,Career Transition,English,Hybrid,TR12,Kuala Lumpur,2025-04-28,2025-07-07,2025-04-01,Sabah,Kota Kinabalu,45+,Female,Job seeker,Mobile,Medium,Community partner,Digital confidence,0.9,On track,Completed,1,38.1,76.6,38.5,,,Interview secured,0,,
EN00930,PT0459,CH026,PRG02,Business Analytics Essentials,Data & Digital,Career Transition,English,Hybrid,TR12,Kuala Lumpur,2025-04-28,2025-07-07,2025-04-01,Kuala Lumpur,South,25-34,Female,Job seeker,Mobile,Low,Employer,Employer requirement,0.9,On track,Completed,1,42.0,70.9,28.9,5.0,10.0,No change reported,0,,
EN00931,PT0466,CH026,PRG02,Business Analytics Essentials,Data & Digital,Career Transition,English,Hybrid,TR12,Kuala Lumpur,2025-04-28,2025-07-07,2025-04-01,Kuala Lumpur,Central,18-24,Male,Student,Mobile,Medium,Organic,Career growth,0.5,Watch,Completed,1,53.3,73.5,20.2,3.0,7.0,Interview secured,0,,
EN00932,PT0151,CH026,PRG02,Business Analytics Essentials,Data & Digital,Career Transition,English,Hybrid,TR12,Kuala Lumpur,2025-04-28,2025-07-07,2025-04-01,Kuala Lumpur,North,25-34,Male,Employed,Laptop/Desktop,Medium,Referral,Career growth,0.9,On track,Completed,1,37.7,62.0,24.3,4.0,6.0,New role,0,,
EN00933,PT0364,CH026,PRG02,Business Analytics Essentials,Data & Digital,Career Transition,English,Hybrid,TR12,Kuala Lumpur,2025-04-28,2025-07-07,2025-04-01,Selangor,Klang,18-24,Female,Job seeker,Mobile,High,Organic,Digital confidence,1.0,On track,Completed,1,59.7,89.1,29.4,5.0,9.0,Interview secured,0,,
EN00934,PT0288,CH026,PRG02,Business Analytics Essentials,Data & Digital,Career Transition,English,Hybrid,TR12,Kuala Lumpur,2025-04-28,2025-07-07,2025-04-01,Kuala Lumpur,South,18-24,Male,Employed,Mobile,Medium,Organic,Job search,0.6,Watch,Completed,1,41.9,60.7,18.8,3.0,2.0,New role,0,,
EN00935,PT0374,CH026,PRG02,Business Analytics Essentials,Data & Digital,Career Transition,English,Hybrid,TR12,Kuala Lumpur,2025-04-28,2025-07-07,2025-04-01,Penang,Seberang Perai,45+,Female,Employed,Mobile,Low,Community partner,Employer requirement,0.7,Watch,Completed,1,52.9,71.2,18.3,4.0,4.0,No change reported,2,4.8,1.0
EN00936,PT0404,CH026,PRG02,Business Analytics Essentials,Data & Digital,Career Transition,English,Hybrid,TR12,Kuala Lumpur,2025-04-28,2025-07-07,2025-04-01,Johor,Muar,18-24,Female,Student,Mobile,Medium,Referral,Employer requirement,0.9,On track,Completed,1,32.5,47.0,14.5,,,No change reported,0,,
EN00937,PT0118,CH026,PRG02,Business Analytics Essentials,Data & Digital,Career Transition,English,Hybrid,TR12,Kuala Lumpur,2025-04-28,2025-07-07,2025-04-01,Penang,George Town,25-34,Female,Employed,Mobile,High,Community partner,Digital confidence,0.6,Watch,In progress / incomplete,0,62.5,80.8,18.3,,,Not measured,0,,
EN00938,PT0238,CH026,PRG02,Business Analytics Essentials,Data & Digital,Career Transition,English,Hybrid,TR12,Kuala Lumpur,2025-04-28,2025-07-07,2025-04-01,Kuala Lumpur,North,25-34,Female,Job seeker,Shared device,Medium,Referral,Career growth,0.8,On track,Completed,1,39.6,62.1,22.5,,,New role,1,25.7,0.0
EN00939,PT0357,CH026,PRG02,Business Analytics Essentials,Data & Digital,Career Transition,English,Hybrid,TR12,Kuala Lumpur,2025-04-28,2025-07-07,2025-04-01,Selangor,Shah Alam,45+,Female,Student,Mobile,High,Organic,Employer requirement,1.0,On track,Completed,1,67.5,90.9,23.4,5.0,9.0,New role,0,,
EN00940,PT0059,CH026,PRG02,Business Analytics Essentials,Data & Digital,Career Transition,English,Hybrid,TR12,Kuala Lumpur,2025-04-28,2025-07-07,2025-04-01,Sabah,Sandakan,18-24,Female,Student,Mobile,High,Organic,Digital confidence,0.9,On track,Completed,1,67.3,93.2,25.9,4.0,8.0,No change reported,0,,
EN00941,PT0406,CH026,PRG02,Business Analytics Essentials,Data & Digital,Career Transition,English,Hybrid,TR12,Kuala Lumpur,2025-04-28,2025-07-07,2025-04-01,Selangor,Shah Alam,45+,Male,Job seeker,Mobile,Low,Community partner,Digital confidence,1.0,On track,Completed,1,34.3,66.1,31.8,5.0,10.0,No change reported,0,,
EN00942,PT0345,CH026,PRG02,Business Analytics Essentials,Data & Digital,Career Transition,English,Hybrid,TR12,Kuala Lumpur,2025-04-28,2025-07-07,2025-04-01,Penang,Seberang Perai,25-34,Male,Job seeker,Mobile,Medium,Organic,Career growth,0.4,High risk,Completed,1,47.8,66.4,18.6,,,Interview secured,0,,
EN00943,PT0303,CH026,PRG02,Business Analytics Essentials,Data & Digital,Career Transition,English,Hybrid,TR12,Kuala Lumpur,2025-04-28,2025-07-07,2025-04-01,Kuala Lumpur,Central,35-44,Female,Employed,Shared device,Low,Organic,Career growth,0.9,On track,Completed,1,64.9,94.7,29.8,5.0,10.0,New role,0,,
EN00944,PT0267,CH026,PRG02,Business Analytics Essentials,Data & Digital,Career Transition,English,Hybrid,TR12,Kuala Lumpur,2025-04-28,2025-07-07,2025-04-01,Sarawak,Miri,35-44,Male,Employed,Laptop/Desktop,Low,Employer,Career growth,0.7,Watch,Dropped,0,36.5,67.3,30.8,5.0,10.0,Not measured,0,,
EN00945,PT0385,CH026,PRG02,Business Analytics Essentials,Data & Digital,Career Transition,English,Hybrid,TR12,Kuala Lumpur,2025-04-28,2025-07-07,2025-04-01,Sabah,Kota Kinabalu,35-44,Female,Employed,Laptop/Desktop,Medium,Community partner,Career growth,0.8,On track,Completed,1,57.0,87.6,30.6,4.0,7.0,Interview secured,0,,
EN00946,PT0082,CH026,PRG02,Business Analytics Essentials,Data & Digital,Career Transition,English,Hybrid,TR12,Kuala Lumpur,2025-04-28,2025-07-07,2025-04-01,Johor,Johor Bahru,25-34,Female,Job seeker,Mobile,Medium,Organic,Career growth,1.0,On track,Completed,1,57.8,82.6,24.8,4.0,6.0,Interview secured,0,,
EN00947,PT0506,CH026,PRG02,Business Analytics Essentials,Data & Digital,Career Transition,English,Hybrid,TR12,Kuala Lumpur,2025-04-28,2025-07-07,2025-04-01,Penang,George Town,45+,Male,Employed,Mobile,Medium,Community partner,Employer requirement,1.0,On track,Completed,1,59.1,86.8,27.7,4.0,6.0,New role,0,,
EN00948,PT0074,CH026,PRG02,Business Analytics Essentials,Data & Digital,Career Transition,English,Hybrid,TR12,Kuala Lumpur,2025-04-28,2025-07-07,2025-04-01,Sarawak,Kuching,25-34,Female,Job seeker,Laptop/Desktop,Medium,Organic,Career growth,1.0,On track,Completed,1,28.4,46.4,18.0,5.0,8.0,Interview secured,0,,
EN00949,PT0231,CH026,PRG02,Business Analytics Essentials,Data & Digital,Career Transition,English,Hybrid,TR12,Kuala Lumpur,2025-04-28,2025-07-07,2025-04-01,Kuala Lumpur,Central,18-24,Female,Self-employed,Laptop/Desktop,Low,Employer,Career growth,0.6,Watch,Completed,1,82.2,98.5,16.3,4.0,7.0,Interview secured,0,,
EN00950,PT0676,CH027,PRG03,Digital Workplace Skills,Employability,Community Upskilling,Malay,Virtual,TR05,Selangor,2025-05-12,2025-06-23,2025-05-01,Penang,Seberang Perai,18-24,Non-binary / Prefer not to say,Job seeker,Mobile,High,Organic,Employer requirement,0.8333,On track,Completed,1,43.6,68.2,24.6,5.0,10.0,Not measured,1,12.4,1.0
EN00951,PT0658,CH027,PRG03,Digital Workplace Skills,Employability,Community Upskilling,Malay,Virtual,TR05,Selangor,2025-05-12,2025-06-23,2025-05-01,Sabah,Kota Kinabalu,35-44,Female,Employed,Mobile,Low,Employer,Career growth,0.6667,Watch,Completed,1,52.0,71.8,19.8,4.0,9.0,Not measured,0,,
EN00952,PT0449,CH027,PRG03,Digital Workplace Skills,Employability,Community Upskilling,Malay,Virtual,TR05,Selangor,2025-05-12,2025-06-23,2025-05-01,Penang,Seberang Perai,35-44,Male,Self-employed,Laptop/Desktop,High,Referral,Digital confidence,0.8333,On track,Completed,1,57.2,83.6,26.4,4.0,8.0,Not measured,0,,
EN00953,PT0458,CH027,PRG03,Digital Workplace Skills,Employability,Community Upskilling,Malay,Virtual,TR05,Selangor,2025-05-12,2025-06-23,2025-05-01,Sarawak,Miri,25-34,Male,Self-employed,Mobile,Low,Community partner,Job search,0.8333,On track,Completed,1,36.2,52.3,16.1,5.0,9.0,Not measured,0,,
EN00954,PT0503,CH027,PRG03,Digital Workplace Skills,Employability,Community Upskilling,Malay,Virtual,TR05,Selangor,2025-05-12,2025-06-23,2025-05-01,Kuala Lumpur,South,35-44,Female,Job seeker,Laptop/Desktop,Low,Employer,Job search,0.8333,On track,Completed,1,42.4,63.4,21.0,3.0,5.0,Not measured,1,18.4,1.0
EN00955,PT0699,CH027,PRG03,Digital Workplace Skills,Employability,Community Upskilling,Malay,Virtual,TR05,Selangor,2025-05-12,2025-06-23,2025-05-01,Johor,Muar,25-34,Female,Student,Laptop/Desktop,High,Community partner,Job search,1.0,On track,Completed,1,75.2,91.7,16.5,4.0,9.0,Not measured,0,,
EN00956,PT0519,CH027,PRG03,Digital Workplace Skills,Employability,Community Upskilling,Malay,Virtual,TR05,Selangor,2025-05-12,2025-06-23,2025-05-01,Selangor,Shah Alam,25-34,Male,Student,Laptop/Desktop,High,Community partner,Digital confidence,0.5,Watch,Completed,1,73.5,96.1,22.6,3.0,5.0,Not measured,0,,
EN00957,PT0016,CH027,PRG03,Digital Workplace Skills,Employability,Community Upskilling,Malay,Virtual,TR05,Selangor,2025-05-12,2025-06-23,2025-05-01,Penang,George Town,25-34,Female,Student,Mobile,Medium,Community partner,Career growth,0.6667,Watch,In progress / incomplete,0,61.6,77.7,16.1,3.0,4.0,Not measured,0,,
EN00958,PT0732,CH027,PRG03,Digital Workplace Skills,Employability,Community Upskilling,Malay,Virtual,TR05,Selangor,2025-05-12,2025-06-23,2025-05-01,Penang,George Town,35-44,Female,Employed,Mobile,Medium,Organic,Job search,1.0,On track,Completed,1,54.0,73.6,19.6,4.0,8.0,Not measured,0,,
EN00959,PT0576,CH027,PRG03,Digital Workplace Skills,Employability,Community Upskilling,Malay,Virtual,TR05,Selangor,2025-05-12,2025-06-23,2025-05-01,Johor,Johor Bahru,45+,Female,Employed,Mobile,Medium,Employer,Career growth,0.6667,Watch,Completed,1,47.9,71.9,24.0,3.0,6.0,Not measured,0,,
EN00960,PT0742,CH027,PRG03,Digital Workplace Skills,Employability,Community Upskilling,Malay,Virtual,TR05,Selangor,2025-05-12,2025-06-23,2025-05-01,Sabah,Kota Kinabalu,18-24,Male,Employed,Mobile,Low,Community partner,Career growth,0.8333,On track,Completed,1,40.4,68.3,27.9,4.0,8.0,Not measured,0,,
EN00961,PT0756,CH027,PRG03,Digital Workplace Skills,Employability,Community Upskilling,Malay,Virtual,TR05,Selangor,2025-05-12,2025-06-23,2025-05-01,Kuala Lumpur,North,25-34,Female,Employed,Mobile,High,Organic,Career growth,0.8333,On track,Dropped,0,61.1,97.8,36.7,4.0,7.0,Not measured,1,23.7,1.0
EN00962,PT0233,CH027,PRG03,Digital Workplace Skills,Employability,Community Upskilling,Malay,Virtual,TR05,Selangor,2025-05-12,2025-06-23,2025-05-01,Sarawak,Miri,35-44,Female,Employed,Mobile,High,Community partner,Employer requirement,0.8333,On track,Completed,1,59.5,73.7,14.2,,,Not measured,3,18.9,0.6667
EN00963,PT0056,CH027,PRG03,Digital Workplace Skills,Employability,Community Upskilling,Malay,Virtual,TR05,Selangor,2025-05-12,2025-06-23,2025-05-01,Selangor,Klang,18-24,Female,Student,Mobile,High,Community partner,Career growth,0.6667,Watch,Completed,1,63.6,93.1,29.5,3.0,4.0,Not measured,0,,
EN00964,PT0418,CH027,PRG03,Digital Workplace Skills,Employability,Community Upskilling,Malay,Virtual,TR05,Selangor,2025-05-12,2025-06-23,2025-05-01,Selangor,Shah Alam,18-24,Female,Employed,Shared device,Medium,Employer,Career growth,0.6667,Watch,Completed,1,42.0,53.7,11.7,4.0,5.0,Not measured,0,,
EN00965,PT0504,CH027,PRG03,Digital Workplace Skills,Employability,Community Upskilling,Malay,Virtual,TR05,Selangor,2025-05-12,2025-06-23,2025-05-01,Selangor,Petaling,35-44,Male,Job seeker,Mobile,Medium,Organic,Digital confidence,0.5,Watch,Completed,1,49.4,72.4,23.0,4.0,9.0,Not measured,0,,
EN00966,PT0248,CH027,PRG03,Digital Workplace Skills,Employability,Community Upskilling,Malay,Virtual,TR05,Selangor,2025-05-12,2025-06-23,2025-05-01,Kuala Lumpur,South,45+,Male,Student,Mobile,Medium,Organic,Employer requirement,0.8333,On track,Completed,1,68.6,91.4,22.8,,,Not measured,0,,
EN00967,PT0667,CH027,PRG03,Digital Workplace Skills,Employability,Community Upskilling,Malay,Virtual,TR05,Selangor,2025-05-12,2025-06-23,2025-05-01,Sarawak,Kuching,25-34,Female,Job seeker,Laptop/Desktop,High,Community partner,Career growth,0.8333,On track,Completed,1,61.3,80.9,19.6,,,Not measured,1,7.6,1.0
EN00968,PT0609,CH027,PRG03,Digital Workplace Skills,Employability,Community Upskilling,Malay,Virtual,TR05,Selangor,2025-05-12,2025-06-23,2025-05-01,Johor,Johor Bahru,25-34,Male,Student,Laptop/Desktop,High,Organic,Job search,1.0,On track,Completed,1,70.2,100.0,29.8,5.0,9.0,Not measured,0,,
EN00969,PT0457,CH027,PRG03,Digital Workplace Skills,Employability,Community Upskilling,Malay,Virtual,TR05,Selangor,2025-05-12,2025-06-23,2025-05-01,Selangor,Klang,25-34,Male,Employed,Laptop/Desktop,Medium,Organic,Career growth,1.0,On track,Completed,1,53.7,78.6,24.9,4.0,9.0,Not measured,0,,
EN00970,PT0540,CH027,PRG03,Digital Workplace Skills,Employability,Community Upskilling,Malay,Virtual,TR05,Selangor,2025-05-12,2025-06-23,2025-05-01,Kuala Lumpur,Central,25-34,Male,Student,Laptop/Desktop,Medium,Organic,Job search,1.0,On track,Completed,1,61.9,85.2,23.3,,,Not measured,0,,
EN00971,PT0649,CH027,PRG03,Digital Workplace Skills,Employability,Community Upskilling,Malay,Virtual,TR05,Selangor,2025-05-12,2025-06-23,2025-05-01,Kuala Lumpur,North,25-34,Female,Employed,Laptop/Desktop,High,Organic,Career growth,1.0,On track,Completed,1,86.0,100.0,14.0,4.0,6.0,Not measured,0,,
EN00972,PT0414,CH027,PRG03,Digital Workplace Skills,Employability,Community Upskilling,Malay,Virtual,TR05,Selangor,2025-05-12,2025-06-23,2025-05-01,Johor,Muar,35-44,Female,Student,Mobile,Low,Organic,Career growth,0.6667,Watch,Completed,1,37.4,58.4,21.0,,,Not measured,1,4.8,1.0
EN00973,PT0433,CH027,PRG03,Digital Workplace Skills,Employability,Community Upskilling,Malay,Virtual,TR05,Selangor,2025-05-12,2025-06-23,2025-05-01,Selangor,Petaling,25-34,Male,Employed,Laptop/Desktop,Medium,Organic,Digital confidence,0.6667,Watch,Dropped,0,63.8,77.8,14.0,4.0,7.0,Not measured,1,10.4,1.0
EN00974,PT0542,CH027,PRG03,Digital Workplace Skills,Employability,Community Upskilling,Malay,Virtual,TR05,Selangor,2025-05-12,2025-06-23,2025-05-01,Selangor,Klang,35-44,Female,Job seeker,Laptop/Desktop,Low,Community partner,Job search,0.5,Watch,Completed,1,38.3,57.5,19.2,4.0,9.0,Not measured,0,,
EN00975,PT0714,CH027,PRG03,Digital Workplace Skills,Employability,Community Upskilling,Malay,Virtual,TR05,Selangor,2025-05-12,2025-06-23,2025-05-01,Kuala Lumpur,South,25-34,Male,Job seeker,Mobile,High,Community partner,Career growth,0.8333,On track,Completed,1,70.4,94.8,24.4,4.0,8.0,Not measured,0,,
EN00976,PT0428,CH027,PRG03,Digital Workplace Skills,Employability,Community Upskilling,Malay,Virtual,TR05,Selangor,2025-05-12,2025-06-23,2025-05-01,Kuala Lumpur,South,25-34,Female,Job seeker,Mobile,High,Community partner,Digital confidence,0.8333,On track,Completed,1,59.2,93.4,34.2,4.0,5.0,Not measured,0,,
EN00977,PT0726,CH027,PRG03,Digital Workplace Skills,Employability,Community Upskilling,Malay,Virtual,TR05,Selangor,2025-05-12,2025-06-23,2025-05-01,Penang,Seberang Perai,18-24,Male,Job seeker,Mobile,Medium,Employer,Job search,0.8333,On track,Completed,1,53.0,70.3,17.3,4.0,9.0,Not measured,0,,
EN00978,PT0662,CH027,PRG03,Digital Workplace Skills,Employability,Community Upskilling,Malay,Virtual,TR05,Selangor,2025-05-12,2025-06-23,2025-05-01,Johor,Muar,35-44,Female,Student,Mobile,Medium,Organic,Career growth,0.8333,On track,Completed,1,61.5,83.7,22.2,3.0,6.0,Not measured,0,,
EN00979,PT0122,CH027,PRG03,Digital Workplace Skills,Employability,Community Upskilling,Malay,Virtual,TR05,Selangor,2025-05-12,2025-06-23,2025-05-01,Sabah,Kota Kinabalu,35-44,Male,Employed,Shared device,Low,Community partner,Career growth,0.5,Watch,Dropped,0,42.0,59.1,17.1,3.0,4.0,Not measured,0,,
EN00980,PT0412,CH028,PRG04,Customer Support Excellence,Operations,Workforce Development,English,Hybrid,TR01,Kuala Lumpur,2025-05-12,2025-06-23,2025-05-01,Penang,Seberang Perai,18-24,Non-binary / Prefer not to say,Student,Laptop/Desktop,Medium,Organic,Career growth,1.0,On track,Completed,1,47.6,82.5,34.9,5.0,10.0,Not measured,0,,
EN00981,PT0013,CH028,PRG04,Customer Support Excellence,Operations,Workforce Development,English,Hybrid,TR01,Kuala Lumpur,2025-05-12,2025-06-23,2025-05-01,Selangor,Klang,45+,Female,Employed,Mobile,Low,Community partner,Career growth,0.8333,On track,Completed,1,63.8,85.4,21.6,,,Not measured,1,35.2,1.0
EN00982,PT0458,CH028,PRG04,Customer Support Excellence,Operations,Workforce Development,English,Hybrid,TR01,Kuala Lumpur,2025-05-12,2025-06-23,2025-05-01,Sarawak,Miri,25-34,Male,Self-employed,Mobile,Low,Community partner,Career growth,0.8333,On track,Completed,1,43.3,65.3,22.0,,,Not measured,1,29.2,1.0
EN00983,PT0125,CH028,PRG04,Customer Support Excellence,Operations,Workforce Development,English,Hybrid,TR01,Kuala Lumpur,2025-05-12,2025-06-23,2025-05-01,Sabah,Kota Kinabalu,35-44,Male,Student,Laptop/Desktop,Medium,Community partner,Digital confidence,1.0,On track,Completed,1,35.7,66.6,30.9,3.0,6.0,Not measured,0,,
EN00984,PT0194,CH028,PRG04,Customer Support Excellence,Operations,Workforce Development,English,Hybrid,TR01,Kuala Lumpur,2025-05-12,2025-06-23,2025-05-01,Selangor,Petaling,18-24,Female,Employed,Mobile,Medium,Community partner,Career growth,1.0,On track,Completed,1,37.1,63.0,25.9,3.0,5.0,Not measured,0,,
EN00985,PT0322,CH028,PRG04,Customer Support Excellence,Operations,Workforce Development,English,Hybrid,TR01,Kuala Lumpur,2025-05-12,2025-06-23,2025-05-01,Kuala Lumpur,Central,25-34,Male,Job seeker,Mobile,High,Community partner,Job search,1.0,On track,Completed,1,59.3,86.0,26.7,,,Not measured,0,,
EN00986,PT0148,CH028,PRG04,Customer Support Excellence,Operations,Workforce Development,English,Hybrid,TR01,Kuala Lumpur,2025-05-12,2025-06-23,2025-05-01,Sabah,Kota Kinabalu,25-34,Male,Student,Mobile,Medium,Community partner,Career growth,0.8333,On track,Completed,1,53.5,73.5,20.0,3.0,4.0,Not measured,0,,
EN00987,PT0767,CH028,PRG04,Customer Support Excellence,Operations,Workforce Development,English,Hybrid,TR01,Kuala Lumpur,2025-05-12,2025-06-23,2025-05-01,Johor,Muar,25-34,Male,Student,Mobile,Medium,Referral,Employer requirement,0.8333,On track,Completed,1,66.6,88.9,22.3,5.0,9.0,Not measured,0,,
EN00988,PT0509,CH028,PRG04,Customer Support Excellence,Operations,Workforce Development,English,Hybrid,TR01,Kuala Lumpur,2025-05-12,2025-06-23,2025-05-01,Selangor,Shah Alam,25-34,Male,Job seeker,Mobile,Medium,Employer,Career growth,0.8333,On track,Completed,1,60.4,79.9,19.5,3.0,7.0,Not measured,0,,
EN00989,PT0141,CH028,PRG04,Customer Support Excellence,Operations,Workforce Development,English,Hybrid,TR01,Kuala Lumpur,2025-05-12,2025-06-23,2025-05-01,Kuala Lumpur,North,18-24,Male,Employed,Mobile,Medium,Referral,Career growth,0.6667,Watch,Completed,1,41.8,66.2,24.4,3.0,8.0,Not measured,1,4.3,1.0
EN00990,PT0442,CH028,PRG04,Customer Support Excellence,Operations,Workforce Development,English,Hybrid,TR01,Kuala Lumpur,2025-05-12,2025-06-23,2025-05-01,Selangor,Shah Alam,25-34,Male,Employed,Mobile,Low,Community partner,Employer requirement,0.3333,High risk,Completed,1,57.2,66.1,8.9,3.0,4.0,Not measured,2,15.6,1.0
EN00991,PT0287,CH028,PRG04,Customer Support Excellence,Operations,Workforce Development,English,Hybrid,TR01,Kuala Lumpur,2025-05-12,2025-06-23,2025-05-01,Selangor,Klang,25-34,Male,Student,Laptop/Desktop,High,Organic,Career growth,1.0,On track,Completed,1,45.4,73.1,27.7,5.0,10.0,Not measured,2,21.8,1.0
EN00992,PT0175,CH028,PRG04,Customer Support Excellence,Operations,Workforce Development,English,Hybrid,TR01,Kuala Lumpur,2025-05-12,2025-06-23,2025-05-01,Kuala Lumpur,South,18-24,Male,Job seeker,Mobile,High,Community partner,Career growth,1.0,On track,Completed,1,60.7,83.4,22.7,5.0,10.0,Not measured,0,,
EN00993,PT0131,CH028,PRG04,Customer Support Excellence,Operations,Workforce Development,English,Hybrid,TR01,Kuala Lumpur,2025-05-12,2025-06-23,2025-05-01,Johor,Muar,25-34,Male,Employed,Laptop/Desktop,Low,Referral,Employer requirement,0.6667,Watch,Completed,1,62.6,83.6,21.0,4.0,7.0,Not measured,0,,
EN00994,PT0058,CH028,PRG04,Customer Support Excellence,Operations,Workforce Development,English,Hybrid,TR01,Kuala Lumpur,2025-05-12,2025-06-23,2025-05-01,Kuala Lumpur,North,18-24,Male,Employed,Mobile,High,Referral,Career growth,0.8333,On track,Completed,1,70.8,90.2,19.4,4.0,9.0,Not measured,0,,
EN00995,PT0421,CH028,PRG04,Customer Support Excellence,Operations,Workforce Development,English,Hybrid,TR01,Kuala Lumpur,2025-05-12,2025-06-23,2025-05-01,Selangor,Klang,18-24,Male,Self-employed,Laptop/Desktop,Medium,Organic,Digital confidence,1.0,On track,Completed,1,71.5,99.5,28.0,5.0,10.0,Not measured,0,,
EN00996,PT0450,CH028,PRG04,Customer Support Excellence,Operations,Workforce Development,English,Hybrid,TR01,Kuala Lumpur,2025-05-12,2025-06-23,2025-05-01,Sabah,Kota Kinabalu,18-24,Female,Employed,Mobile,High,Employer,Job search,0.5,Watch,Completed,1,63.6,88.6,25.0,,,Not measured,0,,
EN00997,PT0277,CH028,PRG04,Customer Support Excellence,Operations,Workforce Development,English,Hybrid,TR01,Kuala Lumpur,2025-05-12,2025-06-23,2025-05-01,Kuala Lumpur,South,18-24,Female,Employed,Laptop/Desktop,Low,Community partner,Digital confidence,0.8333,On track,Completed,1,54.9,76.9,22.0,4.0,6.0,Not measured,1,11.3,1.0
EN00998,PT0215,CH028,PRG04,Customer Support Excellence,Operations,Workforce Development,English,Hybrid,TR01,Kuala Lumpur,2025-05-12,2025-06-23,2025-05-01,Johor,Muar,25-34,Female,Self-employed,Laptop/Desktop,High,Organic,Employer requirement,0.8333,On track,Completed,1,58.5,84.1,25.6,4.0,6.0,Not measured,0,,
EN00999,PT0090,CH028,PRG04,Customer Support Excellence,Operations,Workforce Development,English,Hybrid,TR01,Kuala Lumpur,2025-05-12,2025-06-23,2025-05-01,Penang,Seberang Perai,25-34,Male,Job seeker,Laptop/Desktop,Medium,Organic,Job search,1.0,On track,Completed,1,48.1,79.5,31.4,4.0,7.0,Not measured,1,8.6,1.0
EN01000,PT0082,CH028,PRG04,Customer Support Excellence,Operations,Workforce Development,English,Hybrid,TR01,Kuala Lumpur,2025-05-12,2025-06-23,2025-05-01,Johor,Johor Bahru,25-34,Female,Job seeker,Mobile,Medium,Organic,Digital confidence,1.0,On track,Completed,1,72.6,97.0,24.4,5.0,10.0,Not measured,0,,
EN01001,PT0178,CH028,PRG04,Customer Support Excellence,Operations,Workforce Development,English,Hybrid,TR01,Kuala Lumpur,2025-05-12,2025-06-23,2025-05-01,Sarawak,Kuching,45+,Male,Job seeker,Mobile,Medium,Community partner,Career growth,0.5,Watch,In progress / incomplete,0,61.0,85.6,24.6,,,Not measured,0,,
EN01002,PT0043,CH028,PRG04,Customer Support Excellence,Operations,Workforce Development,English,Hybrid,TR01,Kuala Lumpur,2025-05-12,2025-06-23,2025-05-01,Selangor,Petaling,18-24,Female,Employed,Mobile,High,Organic,Job search,0.6667,Watch,Completed,1,71.8,100.0,28.2,4.0,6.0,Not measured,1,12.5,1.0
EN01003,PT0276,CH028,PRG04,Customer Support Excellence,Operations,Workforce Development,English,Hybrid,TR01,Kuala Lumpur,2025-05-12,2025-06-23,2025-05-01,Kuala Lumpur,South,25-34,Female,Self-employed,Mobile,Medium,Employer,Employer requirement,1.0,On track,Completed,1,65.9,100.0,34.1,5.0,9.0,Not measured,0,,
EN01004,PT0684,CH028,PRG04,Customer Support Excellence,Operations,Workforce Development,English,Hybrid,TR01,Kuala Lumpur,2025-05-12,2025-06-23,2025-05-01,Selangor,Shah Alam,45+,Male,Employed,Shared device,Medium,Community partner,Digital confidence,0.8333,On track,Completed,1,44.4,71.5,27.1,4.0,9.0,Not measured,0,,
EN01005,PT0649,CH028,PRG04,Customer Support Excellence,Operations,Workforce Development,English,Hybrid,TR01,Kuala Lumpur,2025-05-12,2025-06-23,2025-05-01,Kuala Lumpur,North,25-34,Female,Employed,Laptop/Desktop,High,Referral,Employer requirement,1.0,On track,Completed,1,49.2,73.5,24.3,,,Not measured,1,21.8,1.0
EN01006,PT0216,CH028,PRG04,Customer Support Excellence,Operations,Workforce Development,English,Hybrid,TR01,Kuala Lumpur,2025-05-12,2025-06-23,2025-05-01,Penang,Seberang Perai,25-34,Male,Student,Laptop/Desktop,High,Referral,Job search,1.0,On track,Completed,1,55.4,78.8,23.4,4.0,8.0,Not measured,1,11.3,1.0
EN01007,PT0514,CH028,PRG04,Customer Support Excellence,Operations,Workforce Development,English,Hybrid,TR01,Kuala Lumpur,2025-05-12,2025-06-23,2025-05-01,Sabah,Sandakan,25-34,Female,Employed,Mobile,Low,Community partner,Employer requirement,1.0,On track,Completed,1,37.9,54.9,17.0,4.0,10.0,Not measured,1,16.6,1.0
EN01008,PT0734,CH028,PRG04,Customer Support Excellence,Operations,Workforce Development,English,Hybrid,TR01,Kuala Lumpur,2025-05-12,2025-06-23,2025-05-01,Sabah,Kota Kinabalu,25-34,Male,Employed,Laptop/Desktop,Medium,Referral,Employer requirement,1.0,On track,Completed,1,50.5,69.0,18.5,5.0,10.0,Not measured,1,13.1,1.0
EN01009,PT0286,CH028,PRG04,Customer Support Excellence,Operations,Workforce Development,English,Hybrid,TR01,Kuala Lumpur,2025-05-12,2025-06-23,2025-05-01,Kuala Lumpur,South,25-34,Male,Self-employed,Mobile,High,Employer,Digital confidence,0.6667,Watch,In progress / incomplete,0,57.1,74.7,17.6,3.0,4.0,Not measured,0,,
EN01010,PT0623,CH028,PRG04,Customer Support Excellence,Operations,Workforce Development,English,Hybrid,TR01,Kuala Lumpur,2025-05-12,2025-06-23,2025-05-01,Penang,George Town,25-34,Male,Job seeker,Mobile,Medium,Community partner,Career growth,0.8333,On track,Completed,1,65.1,89.1,24.0,,,Not measured,1,20.1,0.0
EN01011,PT0490,CH028,PRG04,Customer Support Excellence,Operations,Workforce Development,English,Hybrid,TR01,Kuala Lumpur,2025-05-12,2025-06-23,2025-05-01,Selangor,Shah Alam,25-34,Female,Employed,Laptop/Desktop,High,Community partner,Digital confidence,0.8333,On track,Completed,1,66.7,88.3,21.6,,,Not measured,0,,
EN01012,PT0479,CH028,PRG04,Customer Support Excellence,Operations,Workforce Development,English,Hybrid,TR01,Kuala Lumpur,2025-05-12,2025-06-23,2025-05-01,Sabah,Kota Kinabalu,25-34,Female,Job seeker,Mobile,Medium,Employer,Employer requirement,0.6667,Watch,Completed,1,61.2,71.9,10.7,4.0,7.0,Not measured,1,22.6,1.0
EN01013,PT0741,CH028,PRG04,Customer Support Excellence,Operations,Workforce Development,English,Hybrid,TR01,Kuala Lumpur,2025-05-12,2025-06-23,2025-05-01,Johor,Muar,25-34,Male,Employed,Mobile,Medium,Employer,Job search,0.8333,On track,Completed,1,67.1,76.4,9.3,,,Not measured,0,,
EN01014,PT0291,CH028,PRG04,Customer Support Excellence,Operations,Workforce Development,English,Hybrid,TR01,Kuala Lumpur,2025-05-12,2025-06-23,2025-05-01,Penang,Seberang Perai,18-24,Female,Student,Mobile,Low,Community partner,Employer requirement,1.0,On track,Completed,1,54.7,81.9,27.2,,,Not measured,1,15.9,1.0
EN01015,PT0256,CH028,PRG04,Customer Support Excellence,Operations,Workforce Development,English,Hybrid,TR01,Kuala Lumpur,2025-05-12,2025-06-23,2025-05-01,Kuala Lumpur,North,25-34,Female,Employed,Mobile,Low,Community partner,Career growth,0.1667,High risk,Dropped,0,79.1,88.9,9.8,3.0,2.0,Not measured,0,,
EN01016,PT0264,CH028,PRG04,Customer Support Excellence,Operations,Workforce Development,English,Hybrid,TR01,Kuala Lumpur,2025-05-12,2025-06-23,2025-05-01,Kuala Lumpur,Central,25-34,Female,Self-employed,Mobile,Medium,Community partner,Job search,0.5,Watch,Completed,1,66.3,71.7,5.4,4.0,7.0,Not measured,0,,
EN01017,PT0370,CH028,PRG04,Customer Support Excellence,Operations,Workforce Development,English,Hybrid,TR01,Kuala Lumpur,2025-05-12,2025-06-23,2025-05-01,Kuala Lumpur,South,45+,Male,Job seeker,Laptop/Desktop,High,Community partner,Digital confidence,1.0,On track,Completed,1,75.0,99.9,24.9,4.0,8.0,Not measured,0,,
EN01018,PT0392,CH028,PRG04,Customer Support Excellence,Operations,Workforce Development,English,Hybrid,TR01,Kuala Lumpur,2025-05-12,2025-06-23,2025-05-01,Kuala Lumpur,Central,35-44,Male,Student,Mobile,Medium,Community partner,Career growth,0.6667,Watch,In progress / incomplete,0,65.0,87.9,22.9,3.0,4.0,Not measured,1,65.3,0.0
EN01019,PT0175,CH029,PRG05,Financial Literacy,Business,Community Upskilling,Hindi,In-person,TR08,Selangor,2025-05-12,2025-06-16,2025-05-01,Kuala Lumpur,South,18-24,Male,Job seeker,Mobile,High,Organic,Career growth,1.0,On track,Completed,1,46.4,75.9,29.5,5.0,10.0,Not measured,0,,
EN01020,PT0554,CH029,PRG05,Financial Literacy,Business,Community Upskilling,Hindi,In-person,TR08,Selangor,2025-05-12,2025-06-16,2025-05-01,Kuala Lumpur,South,45+,Male,Self-employed,Mobile,Medium,Community partner,Career growth,0.8,On track,Completed,1,32.9,54.7,21.8,4.0,7.0,Not measured,0,,
EN01021,PT0459,CH029,PRG05,Financial Literacy,Business,Community Upskilling,Hindi,In-person,TR08,Selangor,2025-05-12,2025-06-16,2025-05-01,Kuala Lumpur,South,25-34,Female,Job seeker,Mobile,Low,Referral,Career growth,0.8,On track,Completed,1,66.5,87.4,20.9,4.0,7.0,Not measured,0,,
EN01022,PT0577,CH029,PRG05,Financial Literacy,Business,Community Upskilling,Hindi,In-person,TR08,Selangor,2025-05-12,2025-06-16,2025-05-01,Sarawak,Kuching,35-44,Female,Job seeker,Mobile,Medium,Referral,Digital confidence,1.0,On track,Completed,1,79.1,99.4,20.3,5.0,10.0,Not measured,1,16.4,1.0
EN01023,PT0755,CH029,PRG05,Financial Literacy,Business,Community Upskilling,Hindi,In-person,TR08,Selangor,2025-05-12,2025-06-16,2025-05-01,Johor,Muar,35-44,Male,Job seeker,Shared device,Low,Community partner,Digital confidence,0.4,High risk,Completed,1,58.4,77.7,19.3,,,Not measured,1,2.5,1.0
EN01024,PT0204,CH029,PRG05,Financial Literacy,Business,Community Upskilling,Hindi,In-person,TR08,Selangor,2025-05-12,2025-06-16,2025-05-01,Sabah,Kota Kinabalu,18-24,Male,Job seeker,Mobile,Medium,Employer,Career growth,0.8,On track,Completed,1,72.2,85.4,13.2,,,Not measured,0,,
EN01025,PT0029,CH029,PRG05,Financial Literacy,Business,Community Upskilling,Hindi,In-person,TR08,Selangor,2025-05-12,2025-06-16,2025-05-01,Penang,George Town,18-24,Female,Student,Laptop/Desktop,High,Community partner,Career growth,1.0,On track,Completed,1,67.3,98.5,31.2,,,Not measured,0,,
EN01026,PT0394,CH029,PRG05,Financial Literacy,Business,Community Upskilling,Hindi,In-person,TR08,Selangor,2025-05-12,2025-06-16,2025-05-01,Penang,George Town,25-34,Female,Job seeker,Mobile,Medium,Employer,Employer requirement,1.0,On track,Completed,1,47.5,66.6,19.1,5.0,9.0,Not measured,0,,
EN01027,PT0580,CH029,PRG05,Financial Literacy,Business,Community Upskilling,Hindi,In-person,TR08,Selangor,2025-05-12,2025-06-16,2025-05-01,Selangor,Klang,35-44,Male,Job seeker,Mobile,High,Employer,Career growth,1.0,On track,Completed,1,73.0,99.2,26.2,5.0,10.0,Not measured,0,,
EN01028,PT0385,CH029,PRG05,Financial Literacy,Business,Community Upskilling,Hindi,In-person,TR08,Selangor,2025-05-12,2025-06-16,2025-05-01,Sabah,Kota Kinabalu,35-44,Female,Employed,Laptop/Desktop,Medium,Organic,Digital confidence,1.0,On track,Completed,1,50.3,76.2,25.9,4.0,7.0,Not measured,0,,
EN01029,PT0584,CH029,PRG05,Financial Literacy,Business,Community Upskilling,Hindi,In-person,TR08,Selangor,2025-05-12,2025-06-16,2025-05-01,Penang,Seberang Perai,35-44,Male,Job seeker,Laptop/Desktop,High,Community partner,Job search,1.0,On track,Completed,1,57.1,75.9,18.8,4.0,7.0,Not measured,0,,
EN01030,PT0289,CH029,PRG05,Financial Literacy,Business,Community Upskilling,Hindi,In-person,TR08,Selangor,2025-05-12,2025-06-16,2025-05-01,Kuala Lumpur,South,35-44,Female,Job seeker,Mobile,Medium,Community partner,Employer requirement,1.0,On track,Completed,1,61.3,85.8,24.5,5.0,9.0,Not measured,0,,
EN01031,PT0712,CH029,PRG05,Financial Literacy,Business,Community Upskilling,Hindi,In-person,TR08,Selangor,2025-05-12,2025-06-16,2025-05-01,Selangor,Petaling,18-24,Male,Job seeker,Laptop/Desktop,Medium,Organic,Career growth,1.0,On track,Completed,1,52.4,87.8,35.4,4.0,7.0,Not measured,0,,
EN01032,PT0641,CH029,PRG05,Financial Literacy,Business,Community Upskilling,Hindi,In-person,TR08,Selangor,2025-05-12,2025-06-16,2025-05-01,Kuala Lumpur,South,25-34,Female,Job seeker,Mobile,Medium,Referral,Employer requirement,0.8,On track,Completed,1,52.5,73.3,20.8,4.0,6.0,Not measured,0,,
EN01033,PT0678,CH029,PRG05,Financial Literacy,Business,Community Upskilling,Hindi,In-person,TR08,Selangor,2025-05-12,2025-06-16,2025-05-01,Johor,Johor Bahru,25-34,Female,Employed,Laptop/Desktop,High,Referral,Job search,1.0,On track,Completed,1,55.5,84.8,29.3,5.0,10.0,Not measured,1,12.0,1.0
EN01034,PT0129,CH029,PRG05,Financial Literacy,Business,Community Upskilling,Hindi,In-person,TR08,Selangor,2025-05-12,2025-06-16,2025-05-01,Kuala Lumpur,South,35-44,Male,Self-employed,Shared device,Low,Employer,Career growth,0.4,High risk,Completed,1,48.4,68.8,20.4,5.0,9.0,Not measured,1,43.9,1.0
EN01035,PT0607,CH029,PRG05,Financial Literacy,Business,Community Upskilling,Hindi,In-person,TR08,Selangor,2025-05-12,2025-06-16,2025-05-01,Selangor,Shah Alam,25-34,Female,Employed,Shared device,Medium,Employer,Digital confidence,0.6,Watch,In progress / incomplete,0,55.2,69.4,14.2,3.0,6.0,Not measured,0,,
EN01036,PT0386,CH029,PRG05,Financial Literacy,Business,Community Upskilling,Hindi,In-person,TR08,Selangor,2025-05-12,2025-06-16,2025-05-01,Penang,Seberang Perai,25-34,Female,Student,Mobile,Low,Referral,Job search,1.0,On track,Completed,1,57.6,93.6,36.0,5.0,10.0,Not measured,0,,
EN01037,PT0760,CH029,PRG05,Financial Literacy,Business,Community Upskilling,Hindi,In-person,TR08,Selangor,2025-05-12,2025-06-16,2025-05-01,Penang,George Town,25-34,Female,Employed,Laptop/Desktop,Medium,Organic,Job search,0.6,Watch,Completed,1,36.5,55.2,18.7,,,Not measured,0,,
EN01038,PT0659,CH029,PRG05,Financial Literacy,Business,Community Upskilling,Hindi,In-person,TR08,Selangor,2025-05-12,2025-06-16,2025-05-01,Selangor,Petaling,25-34,Female,Student,Laptop/Desktop,Medium,Community partner,Job search,0.8,On track,Completed,1,40.1,67.0,26.9,4.0,10.0,Not measured,0,,
EN01039,PT0138,CH029,PRG05,Financial Literacy,Business,Community Upskilling,Hindi,In-person,TR08,Selangor,2025-05-12,2025-06-16,2025-05-01,Kuala Lumpur,North,25-34,Female,Employed,Laptop/Desktop,Medium,Employer,Career growth,0.8,On track,Completed,1,42.0,65.9,23.9,5.0,8.0,Not measured,0,,
EN01040,PT0732,CH029,PRG05,Financial Literacy,Business,Community Upskilling,Hindi,In-person,TR08,Selangor,2025-05-12,2025-06-16,2025-05-01,Penang,George Town,35-44,Female,Employed,Mobile,Medium,Organic,Digital confidence,1.0,On track,Completed,1,74.2,91.5,17.3,5.0,10.0,Not measured,0,,
EN01041,PT0188,CH029,PRG05,Financial Literacy,Business,Community Upskilling,Hindi,In-person,TR08,Selangor,2025-05-12,2025-06-16,2025-05-01,Kuala Lumpur,South,35-44,Female,Employed,Mobile,High,Organic,Career growth,1.0,On track,Completed,1,70.2,86.5,16.3,5.0,10.0,Not measured,0,,
EN01042,PT0248,CH029,PRG05,Financial Literacy,Business,Community Upskilling,Hindi,In-person,TR08,Selangor,2025-05-12,2025-06-16,2025-05-01,Kuala Lumpur,South,45+,Male,Student,Mobile,Medium,Community partner,Job search,1.0,On track,Completed,1,24.2,65.1,40.9,4.0,7.0,Not measured,0,,
EN01043,PT0505,CH029,PRG05,Financial Literacy,Business,Community Upskilling,Hindi,In-person,TR08,Selangor,2025-05-12,2025-06-16,2025-05-01,Kuala Lumpur,North,18-24,Female,Employed,Laptop/Desktop,Medium,Organic,Career growth,0.8,On track,Completed,1,53.7,77.1,23.4,,,Not measured,1,32.6,0.0
EN01044,PT0016,CH029,PRG05,Financial Literacy,Business,Community Upskilling,Hindi,In-person,TR08,Selangor,2025-05-12,2025-06-16,2025-05-01,Penang,George Town,25-34,Female,Student,Mobile,Medium,Employer,Job search,1.0,On track,Completed,1,48.6,80.0,31.4,4.0,9.0,Not measured,0,,
EN01045,PT0689,CH029,PRG05,Financial Literacy,Business,Community Upskilling,Hindi,In-person,TR08,Selangor,2025-05-12,2025-06-16,2025-05-01,Kuala Lumpur,North,35-44,Non-binary / Prefer not to say,Job seeker,Mobile,Medium,Organic,Job search,1.0,On track,Completed,1,85.9,100.0,14.1,,,Not measured,0,,
EN01046,PT0549,CH029,PRG05,Financial Literacy,Business,Community Upskilling,Hindi,In-person,TR08,Selangor,2025-05-12,2025-06-16,2025-05-01,Penang,George Town,25-34,Female,Employed,Laptop/Desktop,Medium,Community partner,Career growth,0.4,High risk,Completed,1,27.0,40.3,13.3,,,Not measured,0,,
EN01047,PT0668,CH029,PRG05,Financial Literacy,Business,Community Upskilling,Hindi,In-person,TR08,Selangor,2025-05-12,2025-06-16,2025-05-01,Penang,Seberang Perai,25-34,Female,Employed,Laptop/Desktop,High,Organic,Job search,0.8,On track,In progress / incomplete,0,70.7,77.5,6.8,5.0,10.0,Not measured,0,,
EN01048,PT0293,CH030,PRG06,Project Delivery Fundamentals,Operations,Workforce Development,English,Hybrid,TR10,Johor,2025-05-05,2025-06-30,2025-05-01,Sarawak,Kuching,25-34,Female,Job seeker,Mobile,Medium,Employer,Job search,0.875,On track,Completed,1,58.4,81.0,22.6,4.0,7.0,Not measured,0,,
EN01049,PT0024,CH030,PRG06,Project Delivery Fundamentals,Operations,Workforce Development,English,Hybrid,TR10,Johor,2025-05-05,2025-06-30,2025-05-01,Sabah,Sandakan,25-34,Female,Employed,Mobile,Medium,Community partner,Career growth,0.5,Watch,In progress / incomplete,0,53.6,70.3,16.7,3.0,6.0,Not measured,0,,
EN01050,PT0408,CH030,PRG06,Project Delivery Fundamentals,Operations,Workforce Development,English,Hybrid,TR10,Johor,2025-05-05,2025-06-30,2025-05-01,Sabah,Sandakan,18-24,Female,Self-employed,Mobile,Medium,Organic,Job search,1.0,On track,Completed,1,65.6,82.2,16.6,5.0,10.0,Not measured,0,,
EN01051,PT0304,CH030,PRG06,Project Delivery Fundamentals,Operations,Workforce Development,English,Hybrid,TR10,Johor,2025-05-05,2025-06-30,2025-05-01,Penang,Seberang Perai,25-34,Female,Job seeker,Mobile,Medium,Referral,Digital confidence,0.875,On track,Completed,1,63.7,91.5,27.8,4.0,8.0,Not measured,0,,
EN01052,PT0019,CH030,PRG06,Project Delivery Fundamentals,Operations,Workforce Development,English,Hybrid,TR10,Johor,2025-05-05,2025-06-30,2025-05-01,Selangor,Shah Alam,25-34,Female,Job seeker,Mobile,Medium,Organic,Career growth,0.875,On track,Completed,1,48.7,71.5,22.8,4.0,6.0,Not measured,1,41.7,1.0
EN01053,PT0631,CH030,PRG06,Project Delivery Fundamentals,Operations,Workforce Development,English,Hybrid,TR10,Johor,2025-05-05,2025-06-30,2025-05-01,Sabah,Kota Kinabalu,25-34,Male,Job seeker,Laptop/Desktop,Medium,Community partner,Digital confidence,0.75,On track,Completed,1,42.1,72.2,30.1,4.0,9.0,Not measured,0,,
EN01054,PT0141,CH030,PRG06,Project Delivery Fundamentals,Operations,Workforce Development,English,Hybrid,TR10,Johor,2025-05-05,2025-06-30,2025-05-01,Kuala Lumpur,North,18-24,Male,Employed,Mobile,Medium,Organic,Career growth,1.0,On track,Completed,1,33.0,53.9,20.9,5.0,10.0,Not measured,0,,
EN01055,PT0658,CH030,PRG06,Project Delivery Fundamentals,Operations,Workforce Development,English,Hybrid,TR10,Johor,2025-05-05,2025-06-30,2025-05-01,Sabah,Kota Kinabalu,35-44,Female,Employed,Mobile,Low,Organic,Employer requirement,0.75,On track,Completed,1,61.5,77.3,15.8,3.0,6.0,Not measured,1,17.1,1.0
EN01056,PT0243,CH030,PRG06,Project Delivery Fundamentals,Operations,Workforce Development,English,Hybrid,TR10,Johor,2025-05-05,2025-06-30,2025-05-01,Kuala Lumpur,North,25-34,Female,Employed,Laptop/Desktop,Medium,Referral,Career growth,1.0,On track,Completed,1,34.1,49.9,15.8,5.0,8.0,Not measured,0,,
EN01057,PT0467,CH030,PRG06,Project Delivery Fundamentals,Operations,Workforce Development,English,Hybrid,TR10,Johor,2025-05-05,2025-06-30,2025-05-01,Kuala Lumpur,South,25-34,Female,Job seeker,Mobile,Medium,Referral,Career growth,0.875,On track,Completed,1,63.9,77.8,13.9,4.0,6.0,Not measured,1,18.1,1.0
EN01058,PT0528,CH030,PRG06,Project Delivery Fundamentals,Operations,Workforce Development,English,Hybrid,TR10,Johor,2025-05-05,2025-06-30,2025-05-01,Penang,George Town,45+,Female,Job seeker,Mobile,Low,Referral,Career growth,0.625,Watch,Completed,1,50.6,60.4,9.8,4.0,8.0,Not measured,0,,
EN01059,PT0285,CH030,PRG06,Project Delivery Fundamentals,Operations,Workforce Development,English,Hybrid,TR10,Johor,2025-05-05,2025-06-30,2025-05-01,Selangor,Petaling,25-34,Male,Employed,Mobile,Medium,Employer,Career growth,0.625,Watch,Completed,1,37.0,48.9,11.9,,,Not measured,0,,
EN01060,PT0565,CH030,PRG06,Project Delivery Fundamentals,Operations,Workforce Development,English,Hybrid,TR10,Johor,2025-05-05,2025-06-30,2025-05-01,Penang,Seberang Perai,35-44,Male,Student,Mobile,High,Organic,Digital confidence,0.625,Watch,In progress / incomplete,0,59.1,77.5,18.4,,,Not measured,0,,
EN01061,PT0520,CH030,PRG06,Project Delivery Fundamentals,Operations,Workforce Development,English,Hybrid,TR10,Johor,2025-05-05,2025-06-30,2025-05-01,Selangor,Petaling,35-44,Female,Student,Laptop/Desktop,Medium,Organic,Digital confidence,1.0,On track,Completed,1,51.2,70.6,19.4,4.0,8.0,Not measured,0,,
EN01062,PT0207,CH030,PRG06,Project Delivery Fundamentals,Operations,Workforce Development,English,Hybrid,TR10,Johor,2025-05-05,2025-06-30,2025-05-01,Kuala Lumpur,North,25-34,Male,Job seeker,Laptop/Desktop,Medium,Community partner,Career growth,1.0,On track,Completed,1,57.2,73.7,16.5,4.0,8.0,Not measured,0,,
EN01063,PT0691,CH030,PRG06,Project Delivery Fundamentals,Operations,Workforce Development,English,Hybrid,TR10,Johor,2025-05-05,2025-06-30,2025-05-01,Sarawak,Miri,25-34,Female,Employed,Laptop/Desktop,High,Organic,Employer requirement,1.0,On track,Completed,1,66.4,88.0,21.6,4.0,5.0,Not measured,0,,
EN01064,PT0091,CH030,PRG06,Project Delivery Fundamentals,Operations,Workforce Development,English,Hybrid,TR10,Johor,2025-05-05,2025-06-30,2025-05-01,Sabah,Sandakan,18-24,Female,Job seeker,Mobile,High,Community partner,Job search,1.0,On track,Completed,1,63.4,98.2,34.8,5.0,10.0,Not measured,0,,
EN01065,PT0031,CH030,PRG06,Project Delivery Fundamentals,Operations,Workforce Development,English,Hybrid,TR10,Johor,2025-05-05,2025-06-30,2025-05-01,Selangor,Klang,25-34,Female,Self-employed,Laptop/Desktop,Medium,Employer,Career growth,0.75,On track,Completed,1,54.7,73.6,18.9,4.0,8.0,Not measured,1,41.6,0.0
EN01066,PT0374,CH030,PRG06,Project Delivery Fundamentals,Operations,Workforce Development,English,Hybrid,TR10,Johor,2025-05-05,2025-06-30,2025-05-01,Penang,Seberang Perai,45+,Female,Employed,Mobile,Low,Employer,Career growth,0.375,High risk,Dropped,0,62.9,78.0,15.1,,,Not measured,0,,
EN01067,PT0734,CH030,PRG06,Project Delivery Fundamentals,Operations,Workforce Development,English,Hybrid,TR10,Johor,2025-05-05,2025-06-30,2025-05-01,Sabah,Kota Kinabalu,25-34,Male,Employed,Laptop/Desktop,Medium,Organic,Digital confidence,1.0,On track,Completed,1,50.6,78.8,28.2,,,Not measured,0,,
EN01068,PT0667,CH030,PRG06,Project Delivery Fundamentals,Operations,Workforce Development,English,Hybrid,TR10,Johor,2025-05-05,2025-06-30,2025-05-01,Sarawak,Kuching,25-34,Female,Job seeker,Laptop/Desktop,High,Employer,Job search,0.875,On track,Dropped,0,73.1,100.0,26.9,4.0,7.0,Not measured,0,,
EN01069,PT0509,CH030,PRG06,Project Delivery Fundamentals,Operations,Workforce Development,English,Hybrid,TR10,Johor,2025-05-05,2025-06-30,2025-05-01,Selangor,Shah Alam,25-34,Male,Job seeker,Mobile,Medium,Referral,Digital confidence,0.5,Watch,Completed,1,64.9,71.7,6.8,3.0,6.0,Not measured,1,7.3,1.0
EN01070,PT0074,CH030,PRG06,Project Delivery Fundamentals,Operations,Workforce Development,English,Hybrid,TR10,Johor,2025-05-05,2025-06-30,2025-05-01,Sarawak,Kuching,25-34,Female,Job seeker,Laptop/Desktop,Medium,Organic,Employer requirement,1.0,On track,Completed,1,64.9,92.5,27.6,4.0,6.0,Not measured,0,,
EN01071,PT0515,CH030,PRG06,Project Delivery Fundamentals,Operations,Workforce Development,English,Hybrid,TR10,Johor,2025-05-05,2025-06-30,2025-05-01,Selangor,Petaling,35-44,Female,Job seeker,Mobile,Medium,Community partner,Job search,0.875,On track,Completed,1,55.2,84.4,29.2,5.0,10.0,Not measured,0,,
EN01072,PT0655,CH030,PRG06,Project Delivery Fundamentals,Operations,Workforce Development,English,Hybrid,TR10,Johor,2025-05-05,2025-06-30,2025-05-01,Sabah,Kota Kinabalu,35-44,Male,Employed,Laptop/Desktop,Low,Community partner,Job search,0.5,Watch,Completed,1,44.9,65.7,20.8,4.0,6.0,Not measured,1,34.8,0.0
EN01073,PT0726,CH030,PRG06,Project Delivery Fundamentals,Operations,Workforce Development,English,Hybrid,TR10,Johor,2025-05-05,2025-06-30,2025-05-01,Penang,Seberang Perai,18-24,Male,Job seeker,Mobile,Medium,Referral,Employer requirement,0.875,On track,Completed,1,47.4,74.9,27.5,5.0,9.0,Not measured,0,,
EN01074,PT0632,CH030,PRG06,Project Delivery Fundamentals,Operations,Workforce Development,English,Hybrid,TR10,Johor,2025-05-05,2025-06-30,2025-05-01,Johor,Muar,18-24,Female,Self-employed,Laptop/Desktop,High,Community partner,Employer requirement,1.0,On track,Completed,1,59.7,86.9,27.2,5.0,10.0,Not measured,1,35.8,1.0
EN01075,PT0249,CH030,PRG06,Project Delivery Fundamentals,Operations,Workforce Development,English,Hybrid,TR10,Johor,2025-05-05,2025-06-30,2025-05-01,Selangor,Klang,18-24,Female,Employed,Laptop/Desktop,Low,Community partner,Job search,0.875,On track,Completed,1,43.5,67.9,24.4,4.0,7.0,Not measured,0,,
EN01076,PT0184,CH030,PRG06,Project Delivery Fundamentals,Operations,Workforce Development,English,Hybrid,TR10,Johor,2025-05-05,2025-06-30,2025-05-01,Kuala Lumpur,South,25-34,Male,Employed,Mobile,Medium,Organic,Digital confidence,0.875,On track,Completed,1,48.2,74.6,26.4,,,Not measured,1,10.6,1.0
EN01077,PT0488,CH030,PRG06,Project Delivery Fundamentals,Operations,Workforce Development,English,Hybrid,TR10,Johor,2025-05-05,2025-06-30,2025-05-01,Sabah,Sandakan,25-34,Female,Self-employed,Laptop/Desktop,Medium,Organic,Career growth,1.0,On track,Completed,1,79.0,100.0,21.0,,,Not measured,0,,
EN01078,PT0643,CH030,PRG06,Project Delivery Fundamentals,Operations,Workforce Development,English,Hybrid,TR10,Johor,2025-05-05,2025-06-30,2025-05-01,Penang,George Town,25-34,Female,Employed,Laptop/Desktop,Medium,Community partner,Career growth,0.75,On track,Dropped,0,45.1,76.6,31.5,4.0,9.0,Not measured,1,36.8,0.0
EN01079,PT0379,CH030,PRG06,Project Delivery Fundamentals,Operations,Workforce Development,English,Hybrid,TR10,Johor,2025-05-05,2025-06-30,2025-05-01,Selangor,Shah Alam,25-34,Female,Self-employed,Mobile,Low,Organic,Career growth,0.875,On track,Completed,1,50.5,76.9,26.4,4.0,6.0,Not measured,3,23.4,0.6667
EN01080,PT0185,CH030,PRG06,Project Delivery Fundamentals,Operations,Workforce Development,English,Hybrid,TR10,Johor,2025-05-05,2025-06-30,2025-05-01,Kuala Lumpur,North,25-34,Female,Employed,Laptop/Desktop,Low,Organic,Digital confidence,0.625,Watch,Completed,1,28.0,51.1,23.1,,,Not measured,0,,
EN01081,PT0085,CH030,PRG06,Project Delivery Fundamentals,Operations,Workforce Development,English,Hybrid,TR10,Johor,2025-05-05,2025-06-30,2025-05-01,Selangor,Shah Alam,45+,Male,Job seeker,Shared device,High,Community partner,Career growth,0.5,Watch,Dropped,0,63.9,80.3,16.4,,,Not measured,0,,
EN01082,PT0044,CH030,PRG06,Project Delivery Fundamentals,Operations,Workforce Development,English,Hybrid,TR10,Johor,2025-05-05,2025-06-30,2025-05-01,Kuala Lumpur,Central,25-34,Female,Self-employed,Mobile,Medium,Employer,Job search,1.0,On track,Completed,1,44.6,73.8,29.2,5.0,9.0,Not measured,0,,
EN01083,PT0392,CH030,PRG06,Project Delivery Fundamentals,Operations,Workforce Development,English,Hybrid,TR10,Johor,2025-05-05,2025-06-30,2025-05-01,Kuala Lumpur,Central,35-44,Male,Student,Mobile,Medium,Referral,Career growth,0.625,Watch,Completed,1,38.5,56.7,18.2,,,Not measured,0,,
EN01084,PT0186,CH030,PRG06,Project Delivery Fundamentals,Operations,Workforce Development,English,Hybrid,TR10,Johor,2025-05-05,2025-06-30,2025-05-01,Sarawak,Kuching,45+,Male,Employed,Mobile,Low,Organic,Job search,0.375,High risk,Completed,1,61.6,75.9,14.3,3.0,4.0,Not measured,1,6.8,1.0
EN01085,PT0108,CH030,PRG06,Project Delivery Fundamentals,Operations,Workforce Development,English,Hybrid,TR10,Johor,2025-05-05,2025-06-30,2025-05-01,Johor,Muar,25-34,Female,Student,Shared device,Low,Employer,Digital confidence,0.625,Watch,In progress / incomplete,0,77.9,92.7,14.8,,,Not measured,0,,
EN01086,PT0320,CH030,PRG06,Project Delivery Fundamentals,Operations,Workforce Development,English,Hybrid,TR10,Johor,2025-05-05,2025-06-30,2025-05-01,Selangor,Petaling,35-44,Female,Employed,Laptop/Desktop,Medium,Community partner,Employer requirement,1.0,On track,Dropped,0,57.5,85.2,27.7,,,Not measured,0,,
EN01087,PT0039,CH030,PRG06,Project Delivery Fundamentals,Operations,Workforce Development,English,Hybrid,TR10,Johor,2025-05-05,2025-06-30,2025-05-01,Selangor,Shah Alam,25-34,Male,Employed,Mobile,Medium,Organic,Career growth,0.875,On track,Completed,1,35.8,63.8,28.0,,,Not measured,0,,
EN01088,PT0127,CH030,PRG06,Project Delivery Fundamentals,Operations,Workforce Development,English,Hybrid,TR10,Johor,2025-05-05,2025-06-30,2025-05-01,Selangor,Klang,45+,Female,Employed,Mobile,Medium,Organic,Career growth,0.75,On track,Completed,1,40.8,58.7,17.9,4.0,7.0,Not measured,2,34.0,0.5
EN01089,PT0476,CH031,PRG01,Data Foundations,Data & Digital,Career Transition,English,Virtual,TR12,Kuala Lumpur,2025-05-26,2025-07-21,2025-05-01,Selangor,Shah Alam,25-34,Female,Self-employed,Laptop/Desktop,High,Employer,Job search,1.0,On track,Completed,1,73.8,100.0,26.2,4.0,8.0,New role,1,14.6,1.0
EN01090,PT0010,CH031,PRG01,Data Foundations,Data & Digital,Career Transition,English,Virtual,TR12,Kuala Lumpur,2025-05-26,2025-07-21,2025-05-01,Penang,Seberang Perai,45+,Female,Job seeker,Laptop/Desktop,High,Employer,Career growth,0.875,On track,Completed,1,79.7,100.0,20.3,4.0,7.0,No change reported,0,,
EN01091,PT0575,CH031,PRG01,Data Foundations,Data & Digital,Career Transition,English,Virtual,TR12,Kuala Lumpur,2025-05-26,2025-07-21,2025-05-01,Kuala Lumpur,South,35-44,Male,Employed,Laptop/Desktop,Medium,Referral,Job search,0.875,On track,Completed,1,38.0,66.6,28.6,4.0,8.0,Interview secured,1,4.2,1.0
EN01092,PT0725,CH031,PRG01,Data Foundations,Data & Digital,Career Transition,English,Virtual,TR12,Kuala Lumpur,2025-05-26,2025-07-21,2025-05-01,Johor,Muar,35-44,Female,Employed,Laptop/Desktop,Medium,Community partner,Digital confidence,0.625,Watch,Completed,1,63.0,79.3,16.3,3.0,4.0,No change reported,0,,
EN01093,PT0266,CH031,PRG01,Data Foundations,Data & Digital,Career Transition,English,Virtual,TR12,Kuala Lumpur,2025-05-26,2025-07-21,2025-05-01,Kuala Lumpur,South,18-24,Male,Student,Mobile,Medium,Referral,Career growth,0.75,On track,In progress / incomplete,0,48.8,72.3,23.5,4.0,7.0,Not measured,0,,
EN01094,PT0724,CH031,PRG01,Data Foundations,Data & Digital,Career Transition,English,Virtual,TR12,Kuala Lumpur,2025-05-26,2025-07-21,2025-05-01,Selangor,Klang,25-34,Female,Job seeker,Mobile,Medium,Community partner,Career growth,1.0,On track,Completed,1,48.1,80.3,32.2,5.0,10.0,No change reported,0,,
EN01095,PT0060,CH031,PRG01,Data Foundations,Data & Digital,Career Transition,English,Virtual,TR12,Kuala Lumpur,2025-05-26,2025-07-21,2025-05-01,Selangor,Klang,25-34,Male,Self-employed,Laptop/Desktop,Low,Community partner,Career growth,0.625,Watch,Completed,1,38.6,69.5,30.9,,,New role,1,57.8,0.0
EN01096,PT0375,CH031,PRG01,Data Foundations,Data & Digital,Career Transition,English,Virtual,TR12,Kuala Lumpur,2025-05-26,2025-07-21,2025-05-01,Selangor,Shah Alam,25-34,Female,Employed,Mobile,High,Community partner,Employer requirement,0.75,On track,Completed,1,72.7,100.0,27.3,4.0,6.0,Interview secured,1,54.2,0.0
EN01097,PT0357,CH031,PRG01,Data Foundations,Data & Digital,Career Transition,English,Virtual,TR12,Kuala Lumpur,2025-05-26,2025-07-21,2025-05-01,Selangor,Shah Alam,45+,Female,Student,Mobile,High,Organic,Job search,0.75,On track,Completed,1,63.7,82.7,19.0,4.0,8.0,Interview secured,1,35.0,0.0
EN01098,PT0364,CH031,PRG01,Data Foundations,Data & Digital,Career Transition,English,Virtual,TR12,Kuala Lumpur,2025-05-26,2025-07-21,2025-05-01,Selangor,Klang,18-24,Female,Job seeker,Mobile,High,Referral,Job search,1.0,On track,Completed,1,71.7,93.0,21.3,4.0,10.0,Interview secured,1,22.2,1.0
EN01099,PT0283,CH031,PRG01,Data Foundations,Data & Digital,Career Transition,English,Virtual,TR12,Kuala Lumpur,2025-05-26,2025-07-21,2025-05-01,Kuala Lumpur,South,45+,Female,Job seeker,Laptop/Desktop,Low,Organic,Job search,0.75,On track,Completed,1,32.6,65.8,33.2,4.0,7.0,No change reported,0,,
EN01100,PT0410,CH031,PRG01,Data Foundations,Data & Digital,Career Transition,English,Virtual,TR12,Kuala Lumpur,2025-05-26,2025-07-21,2025-05-01,Sabah,Kota Kinabalu,35-44,Male,Job seeker,Laptop/Desktop,High,Community partner,Career growth,0.875,On track,Completed,1,73.3,100.0,26.7,4.0,8.0,No change reported,0,,
EN01101,PT0612,CH031,PRG01,Data Foundations,Data & Digital,Career Transition,English,Virtual,TR12,Kuala Lumpur,2025-05-26,2025-07-21,2025-05-01,Kuala Lumpur,Central,18-24,Male,Employed,Laptop/Desktop,Low,Employer,Job search,0.375,High risk,In progress / incomplete,0,43.2,56.5,13.3,,,Not measured,0,,
EN01102,PT0494,CH031,PRG01,Data Foundations,Data & Digital,Career Transition,English,Virtual,TR12,Kuala Lumpur,2025-05-26,2025-07-21,2025-05-01,Penang,George Town,45+,Female,Employed,Mobile,Low,Community partner,Job search,0.5,Watch,Dropped,0,47.7,59.4,11.7,4.0,6.0,Not measured,2,12.4,1.0
EN01103,PT0440,CH031,PRG01,Data Foundations,Data & Digital,Career Transition,English,Virtual,TR12,Kuala Lumpur,2025-05-26,2025-07-21,2025-05-01,Johor,Muar,18-24,Female,Employed,Mobile,Low,Organic,Job search,0.75,On track,Completed,1,33.3,60.4,27.1,5.0,10.0,No change reported,2,33.2,0.5
EN01104,PT0726,CH031,PRG01,Data Foundations,Data & Digital,Career Transition,English,Virtual,TR12,Kuala Lumpur,2025-05-26,2025-07-21,2025-05-01,Penang,Seberang Perai,18-24,Male,Job seeker,Mobile,Medium,Community partner,Career growth,0.875,On track,Completed,1,41.1,71.8,30.7,5.0,10.0,No change reported,1,10.7,1.0
EN01105,PT0141,CH031,PRG01,Data Foundations,Data & Digital,Career Transition,English,Virtual,TR12,Kuala Lumpur,2025-05-26,2025-07-21,2025-05-01,Kuala Lumpur,North,18-24,Male,Employed,Mobile,Medium,Employer,Career growth,0.5,Watch,Dropped,0,66.4,87.6,21.2,,,Not measured,0,,
EN01106,PT0241,CH031,PRG01,Data Foundations,Data & Digital,Career Transition,English,Virtual,TR12,Kuala Lumpur,2025-05-26,2025-07-21,2025-05-01,Johor,Muar,45+,Non-binary / Prefer not to say,Employed,Mobile,Medium,Employer,Employer requirement,0.25,High risk,In progress / incomplete,0,65.1,77.4,12.3,,,Not measured,0,,
EN01107,PT0092,CH031,PRG01,Data Foundations,Data & Digital,Career Transition,English,Virtual,TR12,Kuala Lumpur,2025-05-26,2025-07-21,2025-05-01,Selangor,Petaling,45+,Female,Employed,Laptop/Desktop,Medium,Organic,Job search,1.0,On track,Completed,1,56.8,86.7,29.9,5.0,10.0,No change reported,0,,
EN01108,PT0204,CH031,PRG01,Data Foundations,Data & Digital,Career Transition,English,Virtual,TR12,Kuala Lumpur,2025-05-26,2025-07-21,2025-05-01,Sabah,Kota Kinabalu,18-24,Male,Job seeker,Mobile,Medium,Referral,Career growth,1.0,On track,Completed,1,54.9,79.5,24.6,4.0,8.0,No change reported,2,44.5,0.5
EN01109,PT0741,CH031,PRG01,Data Foundations,Data & Digital,Career Transition,English,Virtual,TR12,Kuala Lumpur,2025-05-26,2025-07-21,2025-05-01,Johor,Muar,25-34,Male,Employed,Mobile,Medium,Employer,Job search,0.625,Watch,Completed,1,64.0,91.6,27.6,4.0,8.0,No change reported,0,,
EN01110,PT0179,CH031,PRG01,Data Foundations,Data & Digital,Career Transition,English,Virtual,TR12,Kuala Lumpur,2025-05-26,2025-07-21,2025-05-01,Selangor,Shah Alam,25-34,Female,Job seeker,Mobile,Low,Referral,Career growth,0.625,Watch,Completed,1,65.8,76.5,10.7,3.0,5.0,Interview secured,1,32.9,0.0
EN01111,PT0481,CH031,PRG01,Data Foundations,Data & Digital,Career Transition,English,Virtual,TR12,Kuala Lumpur,2025-05-26,2025-07-21,2025-05-01,Sarawak,Kuching,35-44,Female,Job seeker,Laptop/Desktop,Low,Referral,Digital confidence,0.5,Watch,Completed,1,35.6,53.5,17.9,,,No change reported,0,,
EN01112,PT0149,CH031,PRG01,Data Foundations,Data & Digital,Career Transition,English,Virtual,TR12,Kuala Lumpur,2025-05-26,2025-07-21,2025-05-01,Selangor,Klang,35-44,Male,Student,Mobile,Medium,Referral,Employer requirement,0.875,On track,Dropped,0,51.5,76.2,24.7,,,Not measured,0,,
EN01113,PT0257,CH031,PRG01,Data Foundations,Data & Digital,Career Transition,English,Virtual,TR12,Kuala Lumpur,2025-05-26,2025-07-21,2025-05-01,Kuala Lumpur,South,35-44,Female,Student,Mobile,Medium,Employer,Employer requirement,0.625,Watch,Completed,1,29.3,56.2,26.9,,,New role,0,,
EN01114,PT0593,CH031,PRG01,Data Foundations,Data & Digital,Career Transition,English,Virtual,TR12,Kuala Lumpur,2025-05-26,2025-07-21,2025-05-01,Sarawak,Kuching,35-44,Female,Employed,Laptop/Desktop,Medium,Employer,Career growth,1.0,On track,Completed,1,68.6,100.0,31.4,4.0,6.0,New role,0,,
EN01115,PT0327,CH031,PRG01,Data Foundations,Data & Digital,Career Transition,English,Virtual,TR12,Kuala Lumpur,2025-05-26,2025-07-21,2025-05-01,Selangor,Klang,25-34,Male,Employed,Laptop/Desktop,High,Organic,Job search,0.625,Watch,Completed,1,66.7,82.1,15.4,4.0,7.0,Interview secured,0,,
EN01116,PT0689,CH031,PRG01,Data Foundations,Data & Digital,Career Transition,English,Virtual,TR12,Kuala Lumpur,2025-05-26,2025-07-21,2025-05-01,Kuala Lumpur,North,35-44,Non-binary / Prefer not to say,Job seeker,Mobile,Medium,Organic,Employer requirement,0.75,On track,Dropped,0,55.3,80.5,25.2,4.0,8.0,Not measured,0,,
EN01117,PT0324,CH031,PRG01,Data Foundations,Data & Digital,Career Transition,English,Virtual,TR12,Kuala Lumpur,2025-05-26,2025-07-21,2025-05-01,Selangor,Petaling,25-34,Female,Student,Mobile,Medium,Organic,Digital confidence,0.75,On track,Completed,1,61.9,70.2,8.3,4.0,7.0,Interview secured,0,,
EN01118,PT0493,CH031,PRG01,Data Foundations,Data & Digital,Career Transition,English,Virtual,TR12,Kuala Lumpur,2025-05-26,2025-07-21,2025-05-01,Kuala Lumpur,Central,35-44,Female,Employed,Mobile,Medium,Employer,Job search,0.75,On track,Completed,1,51.4,81.2,29.8,3.0,4.0,No change reported,0,,
EN01119,PT0380,CH031,PRG01,Data Foundations,Data & Digital,Career Transition,English,Virtual,TR12,Kuala Lumpur,2025-05-26,2025-07-21,2025-05-01,Selangor,Klang,25-34,Female,Student,Laptop/Desktop,Medium,Organic,Career growth,1.0,On track,Completed,1,49.7,74.5,24.8,4.0,10.0,New role,0,,
EN01120,PT0147,CH031,PRG01,Data Foundations,Data & Digital,Career Transition,English,Virtual,TR12,Kuala Lumpur,2025-05-26,2025-07-21,2025-05-01,Sabah,Sandakan,35-44,Female,Employed,Laptop/Desktop,Medium,Community partner,Digital confidence,0.75,On track,Completed,1,73.3,84.7,11.4,5.0,9.0,New role,0,,
EN01121,PT0442,CH031,PRG01,Data Foundations,Data & Digital,Career Transition,English,Virtual,TR12,Kuala Lumpur,2025-05-26,2025-07-21,2025-05-01,Selangor,Shah Alam,25-34,Male,Employed,Mobile,Low,Community partner,Career growth,0.875,On track,Completed,1,55.0,83.0,28.0,5.0,10.0,Interview secured,1,48.0,0.0
EN01122,PT0429,CH031,PRG01,Data Foundations,Data & Digital,Career Transition,English,Virtual,TR12,Kuala Lumpur,2025-05-26,2025-07-21,2025-05-01,Sabah,Kota Kinabalu,18-24,Male,Job seeker,Laptop/Desktop,Low,Employer,Employer requirement,0.75,On track,Completed,1,61.5,95.3,33.8,4.0,7.0,No change reported,1,30.7,1.0
EN01123,PT0752,CH031,PRG01,Data Foundations,Data & Digital,Career Transition,English,Virtual,TR12,Kuala Lumpur,2025-05-26,2025-07-21,2025-05-01,Selangor,Klang,25-34,Male,Job seeker,Mobile,Medium,Community partner,Career growth,0.5,Watch,Completed,1,48.1,67.4,19.3,2.0,2.0,No change reported,2,34.2,0.5
EN01124,PT0627,CH031,PRG01,Data Foundations,Data & Digital,Career Transition,English,Virtual,TR12,Kuala Lumpur,2025-05-26,2025-07-21,2025-05-01,Johor,Muar,25-34,Female,Job seeker,Shared device,Low,Community partner,Career growth,0.625,Watch,Completed,1,54.3,71.4,17.1,3.0,5.0,New role,0,,
EN01125,PT0595,CH031,PRG01,Data Foundations,Data & Digital,Career Transition,English,Virtual,TR12,Kuala Lumpur,2025-05-26,2025-07-21,2025-05-01,Penang,Seberang Perai,35-44,Male,Employed,Laptop/Desktop,High,Referral,Digital confidence,1.0,On track,Completed,1,59.5,86.4,26.9,4.0,7.0,No change reported,0,,
EN01126,PT0388,CH032,PRG02,Business Analytics Essentials,Data & Digital,Career Transition,English,Virtual,TR07,Kuala Lumpur,2025-06-09,2025-08-18,2025-06-01,Johor,Johor Bahru,35-44,Male,Student,Laptop/Desktop,Medium,Employer,Career growth,1.0,On track,Completed,1,66.1,100.0,33.9,5.0,10.0,Interview secured,0,,
EN01127,PT0184,CH032,PRG02,Business Analytics Essentials,Data & Digital,Career Transition,English,Virtual,TR07,Kuala Lumpur,2025-06-09,2025-08-18,2025-06-01,Kuala Lumpur,South,25-34,Male,Employed,Mobile,Medium,Referral,Job search,0.7,Watch,Dropped,0,69.1,83.9,14.8,3.0,5.0,Not measured,0,,
EN01128,PT0062,CH032,PRG02,Business Analytics Essentials,Data & Digital,Career Transition,English,Virtual,TR07,Kuala Lumpur,2025-06-09,2025-08-18,2025-06-01,Selangor,Petaling,25-34,Female,Employed,Mobile,Medium,Employer,Career growth,0.9,On track,Completed,1,58.1,87.5,29.4,4.0,7.0,No change reported,1,58.6,0.0
EN01129,PT0693,CH032,PRG02,Business Analytics Essentials,Data & Digital,Career Transition,English,Virtual,TR07,Kuala Lumpur,2025-06-09,2025-08-18,2025-06-01,Sarawak,Miri,25-34,Male,Employed,Mobile,Medium,Organic,Career growth,0.6,Watch,Dropped,0,62.0,79.9,17.9,4.0,8.0,Not measured,1,11.7,1.0
EN01130,PT0755,CH032,PRG02,Business Analytics Essentials,Data & Digital,Career Transition,English,Virtual,TR07,Kuala Lumpur,2025-06-09,2025-08-18,2025-06-01,Johor,Muar,35-44,Male,Job seeker,Shared device,Low,Organic,Digital confidence,0.6,Watch,Completed,1,51.5,69.8,18.3,,,Interview secured,0,,
EN01131,PT0545,CH032,PRG02,Business Analytics Essentials,Data & Digital,Career Transition,English,Virtual,TR07,Kuala Lumpur,2025-06-09,2025-08-18,2025-06-01,Kuala Lumpur,North,25-34,Female,Student,Mobile,Low,Community partner,Digital confidence,0.5,Watch,Completed,1,61.9,68.2,6.3,3.0,5.0,New role,1,12.0,1.0
EN01132,PT0554,CH032,PRG02,Business Analytics Essentials,Data & Digital,Career Transition,English,Virtual,TR07,Kuala Lumpur,2025-06-09,2025-08-18,2025-06-01,Kuala Lumpur,South,45+,Male,Self-employed,Mobile,Medium,Community partner,Digital confidence,0.7,Watch,Completed,1,23.3,45.8,22.5,,,No change reported,0,,
EN01133,PT0662,CH032,PRG02,Business Analytics Essentials,Data & Digital,Career Transition,English,Virtual,TR07,Kuala Lumpur,2025-06-09,2025-08-18,2025-06-01,Johor,Muar,35-44,Female,Student,Mobile,Medium,Community partner,Job search,0.9,On track,Completed,1,58.3,86.9,28.6,5.0,8.0,No change reported,0,,
EN01134,PT0691,CH032,PRG02,Business Analytics Essentials,Data & Digital,Career Transition,English,Virtual,TR07,Kuala Lumpur,2025-06-09,2025-08-18,2025-06-01,Sarawak,Miri,25-34,Female,Employed,Laptop/Desktop,High,Employer,Job search,0.7,Watch,Dropped,0,67.7,86.1,18.4,,,Not measured,0,,
EN01135,PT0773,CH032,PRG02,Business Analytics Essentials,Data & Digital,Career Transition,English,Virtual,TR07,Kuala Lumpur,2025-06-09,2025-08-18,2025-06-01,Selangor,Klang,18-24,Female,Employed,Mobile,Medium,Referral,Career growth,0.8,On track,Completed,1,71.5,98.5,27.0,4.0,9.0,New role,0,,
EN01136,PT0381,CH032,PRG02,Business Analytics Essentials,Data & Digital,Career Transition,English,Virtual,TR07,Kuala Lumpur,2025-06-09,2025-08-18,2025-06-01,Kuala Lumpur,Central,18-24,Female,Job seeker,Laptop/Desktop,Medium,Community partner,Career growth,0.9,On track,Completed,1,74.7,89.1,14.4,5.0,10.0,No change reported,0,,
EN01137,PT0630,CH032,PRG02,Business Analytics Essentials,Data & Digital,Career Transition,English,Virtual,TR07,Kuala Lumpur,2025-06-09,2025-08-18,2025-06-01,Sarawak,Miri,25-34,Female,Employed,Laptop/Desktop,High,Employer,Digital confidence,0.6,Watch,Dropped,0,86.8,100.0,13.2,4.0,6.0,Not measured,0,,
EN01138,PT0640,CH032,PRG02,Business Analytics Essentials,Data & Digital,Career Transition,English,Virtual,TR07,Kuala Lumpur,2025-06-09,2025-08-18,2025-06-01,Sarawak,Kuching,18-24,Non-binary / Prefer not to say,Job seeker,Laptop/Desktop,Medium,Employer,Digital confidence,0.9,On track,Completed,1,48.5,68.4,19.9,3.0,7.0,Interview secured,0,,
EN01139,PT0776,CH032,PRG02,Business Analytics Essentials,Data & Digital,Career Transition,English,Virtual,TR07,Kuala Lumpur,2025-06-09,2025-08-18,2025-06-01,Kuala Lumpur,North,35-44,Female,Job seeker,Laptop/Desktop,Low,Community partner,Digital confidence,0.7,Watch,Completed,1,55.8,77.4,21.6,,,Interview secured,1,13.5,1.0
EN01140,PT0677,CH032,PRG02,Business Analytics Essentials,Data & Digital,Career Transition,English,Virtual,TR07,Kuala Lumpur,2025-06-09,2025-08-18,2025-06-01,Selangor,Shah Alam,35-44,Female,Self-employed,Mobile,Medium,Employer,Job search,0.9,On track,Completed,1,61.5,91.6,30.1,5.0,10.0,No change reported,1,17.0,1.0
EN01141,PT0305,CH032,PRG02,Business Analytics Essentials,Data & Digital,Career Transition,English,Virtual,TR07,Kuala Lumpur,2025-06-09,2025-08-18,2025-06-01,Penang,George Town,18-24,Non-binary / Prefer not to say,Job seeker,Mobile,Medium,Community partner,Career growth,0.9,On track,Completed,1,66.9,92.8,25.9,4.0,8.0,New role,1,11.6,1.0
EN01142,PT0536,CH032,PRG02,Business Analytics Essentials,Data & Digital,Career Transition,English,Virtual,TR07,Kuala Lumpur,2025-06-09,2025-08-18,2025-06-01,Selangor,Petaling,25-34,Male,Job seeker,Shared device,Medium,Community partner,Career growth,0.8,On track,Completed,1,76.8,100.0,23.2,4.0,6.0,Interview secured,0,,
EN01143,PT0153,CH032,PRG02,Business Analytics Essentials,Data & Digital,Career Transition,English,Virtual,TR07,Kuala Lumpur,2025-06-09,2025-08-18,2025-06-01,Kuala Lumpur,South,35-44,Male,Student,Laptop/Desktop,High,Community partner,Employer requirement,0.9,On track,Completed,1,59.6,90.1,30.5,,,New role,0,,
EN01144,PT0475,CH032,PRG02,Business Analytics Essentials,Data & Digital,Career Transition,English,Virtual,TR07,Kuala Lumpur,2025-06-09,2025-08-18,2025-06-01,Penang,Seberang Perai,25-34,Female,Student,Mobile,Low,Organic,Career growth,0.3,High risk,Completed,1,55.1,70.4,15.3,,,No change reported,1,51.9,0.0
EN01145,PT0688,CH032,PRG02,Business Analytics Essentials,Data & Digital,Career Transition,English,Virtual,TR07,Kuala Lumpur,2025-06-09,2025-08-18,2025-06-01,Penang,George Town,25-34,Male,Self-employed,Mobile,Medium,Organic,Job search,0.4,High risk,Dropped,0,50.3,63.7,13.4,2.0,4.0,Not measured,0,,
EN01146,PT0593,CH032,PRG02,Business Analytics Essentials,Data & Digital,Career Transition,English,Virtual,TR07,Kuala Lumpur,2025-06-09,2025-08-18,2025-06-01,Sarawak,Kuching,35-44,Female,Employed,Laptop/Desktop,Medium,Employer,Digital confidence,0.8,On track,Completed,1,77.6,96.3,18.7,4.0,7.0,No change reported,0,,
EN01147,PT0529,CH032,PRG02,Business Analytics Essentials,Data & Digital,Career Transition,English,Virtual,TR07,Kuala Lumpur,2025-06-09,2025-08-18,2025-06-01,Sabah,Sandakan,25-34,Female,Employed,Laptop/Desktop,Medium,Referral,Career growth,0.9,On track,Completed,1,40.0,71.7,31.7,4.0,7.0,Interview secured,0,,
EN01148,PT0005,CH032,PRG02,Business Analytics Essentials,Data & Digital,Career Transition,English,Virtual,TR07,Kuala Lumpur,2025-06-09,2025-08-18,2025-06-01,Penang,Seberang Perai,25-34,Female,Employed,Mobile,Medium,Organic,Digital confidence,0.9,On track,Completed,1,59.5,79.6,20.1,5.0,10.0,No change reported,0,,
EN01149,PT0152,CH032,PRG02,Business Analytics Essentials,Data & Digital,Career Transition,English,Virtual,TR07,Kuala Lumpur,2025-06-09,2025-08-18,2025-06-01,Penang,Seberang Perai,45+,Male,Self-employed,Laptop/Desktop,High,Employer,Employer requirement,1.0,On track,Completed,1,57.7,95.2,37.5,4.0,8.0,New role,0,,
EN01150,PT0614,CH032,PRG02,Business Analytics Essentials,Data & Digital,Career Transition,English,Virtual,TR07,Kuala Lumpur,2025-06-09,2025-08-18,2025-06-01,Penang,George Town,18-24,Male,Self-employed,Laptop/Desktop,Low,Employer,Job search,0.5,Watch,Dropped,0,48.9,64.1,15.2,3.0,5.0,Not measured,0,,
EN01151,PT0403,CH032,PRG02,Business Analytics Essentials,Data & Digital,Career Transition,English,Virtual,TR07,Kuala Lumpur,2025-06-09,2025-08-18,2025-06-01,Kuala Lumpur,Central,35-44,Female,Student,Mobile,Medium,Community partner,Job search,0.7,Watch,Completed,1,69.9,90.6,20.7,3.0,7.0,Interview secured,0,,
EN01152,PT0433,CH032,PRG02,Business Analytics Essentials,Data & Digital,Career Transition,English,Virtual,TR07,Kuala Lumpur,2025-06-09,2025-08-18,2025-06-01,Selangor,Petaling,25-34,Male,Employed,Laptop/Desktop,Medium,Employer,Employer requirement,0.9,On track,Completed,1,56.8,78.8,22.0,5.0,9.0,No change reported,0,,
EN01153,PT0778,CH032,PRG02,Business Analytics Essentials,Data & Digital,Career Transition,English,Virtual,TR07,Kuala Lumpur,2025-06-09,2025-08-18,2025-06-01,Selangor,Petaling,45+,Male,Employed,Laptop/Desktop,Low,Community partner,Digital confidence,0.9,On track,Completed,1,40.8,60.3,19.5,,,No change reported,0,,
EN01154,PT0183,CH032,PRG02,Business Analytics Essentials,Data & Digital,Career Transition,English,Virtual,TR07,Kuala Lumpur,2025-06-09,2025-08-18,2025-06-01,Kuala Lumpur,Central,25-34,Male,Employed,Mobile,Medium,Employer,Digital confidence,0.9,On track,Completed,1,61.2,80.9,19.7,4.0,6.0,New role,0,,
EN01155,PT0742,CH032,PRG02,Business Analytics Essentials,Data & Digital,Career Transition,English,Virtual,TR07,Kuala Lumpur,2025-06-09,2025-08-18,2025-06-01,Sabah,Kota Kinabalu,18-24,Male,Employed,Mobile,Low,Referral,Career growth,0.5,Watch,Dropped,0,50.1,76.7,26.6,3.0,5.0,Not measured,1,65.3,0.0
EN01156,PT0034,CH032,PRG02,Business Analytics Essentials,Data & Digital,Career Transition,English,Virtual,TR07,Kuala Lumpur,2025-06-09,2025-08-18,2025-06-01,Selangor,Shah Alam,25-34,Female,Job seeker,Laptop/Desktop,Medium,Community partner,Career growth,0.8,On track,Completed,1,62.5,88.4,25.9,4.0,10.0,Interview secured,1,16.1,1.0
EN01157,PT0464,CH032,PRG02,Business Analytics Essentials,Data & Digital,Career Transition,English,Virtual,TR07,Kuala Lumpur,2025-06-09,2025-08-18,2025-06-01,Johor,Johor Bahru,35-44,Female,Student,Mobile,Medium,Community partner,Career growth,0.8,On track,Completed,1,32.1,53.9,21.8,,,No change reported,0,,
EN01158,PT0307,CH032,PRG02,Business Analytics Essentials,Data & Digital,Career Transition,English,Virtual,TR07,Kuala Lumpur,2025-06-09,2025-08-18,2025-06-01,Selangor,Shah Alam,25-34,Male,Employed,Mobile,Medium,Community partner,Employer requirement,0.9,On track,Completed,1,51.1,77.8,26.7,5.0,10.0,No change reported,0,,
EN01159,PT0357,CH032,PRG02,Business Analytics Essentials,Data & Digital,Career Transition,English,Virtual,TR07,Kuala Lumpur,2025-06-09,2025-08-18,2025-06-01,Selangor,Shah Alam,45+,Female,Student,Mobile,High,Referral,Career growth,0.6,Watch,Completed,1,58.2,74.8,16.6,4.0,7.0,No change reported,0,,
EN01160,PT0568,CH032,PRG02,Business Analytics Essentials,Data & Digital,Career Transition,English,Virtual,TR07,Kuala Lumpur,2025-06-09,2025-08-18,2025-06-01,Johor,Johor Bahru,25-34,Female,Employed,Laptop/Desktop,Low,Community partner,Employer requirement,0.8,On track,Completed,1,39.5,58.9,19.4,4.0,8.0,No change reported,0,,
EN01161,PT0291,CH032,PRG02,Business Analytics Essentials,Data & Digital,Career Transition,English,Virtual,TR07,Kuala Lumpur,2025-06-09,2025-08-18,2025-06-01,Penang,Seberang Perai,18-24,Female,Student,Mobile,Low,Organic,Career growth,0.7,Watch,Completed,1,54.9,75.0,20.1,4.0,7.0,Interview secured,0,,
EN01162,PT0704,CH033,PRG03,Digital Workplace Skills,Employability,Community Upskilling,Malay,Virtual,TR11,Selangor,2025-06-09,2025-07-21,2025-06-01,Kuala Lumpur,Central,35-44,Female,Employed,Mobile,Medium,Referral,Digital confidence,0.8333,On track,Completed,1,32.9,54.6,21.7,,,Not measured,0,,
EN01163,PT0064,CH033,PRG03,Digital Workplace Skills,Employability,Community Upskilling,Malay,Virtual,TR11,Selangor,2025-06-09,2025-07-21,2025-06-01,Selangor,Petaling,25-34,Female,Job seeker,Mobile,High,Community partner,Employer requirement,0.8333,On track,Completed,1,57.4,80.5,23.1,5.0,10.0,Not measured,1,78.8,0.0
EN01164,PT0101,CH033,PRG03,Digital Workplace Skills,Employability,Community Upskilling,Malay,Virtual,TR11,Selangor,2025-06-09,2025-07-21,2025-06-01,Selangor,Klang,25-34,Female,Employed,Mobile,Medium,Organic,Job search,0.5,Watch,Completed,1,41.4,58.2,16.8,4.0,6.0,Not measured,1,16.5,1.0
EN01165,PT0389,CH033,PRG03,Digital Workplace Skills,Employability,Community Upskilling,Malay,Virtual,TR11,Selangor,2025-06-09,2025-07-21,2025-06-01,Selangor,Klang,25-34,Male,Self-employed,Laptop/Desktop,Low,Organic,Employer requirement,1.0,On track,Completed,1,50.3,64.9,14.6,3.0,6.0,Not measured,0,,
EN01166,PT0109,CH033,PRG03,Digital Workplace Skills,Employability,Community Upskilling,Malay,Virtual,TR11,Selangor,2025-06-09,2025-07-21,2025-06-01,Kuala Lumpur,South,25-34,Male,Employed,Mobile,Low,Employer,Digital confidence,0.5,Watch,Completed,1,43.3,69.3,26.0,,,Not measured,0,,
EN01167,PT0694,CH033,PRG03,Digital Workplace Skills,Employability,Community Upskilling,Malay,Virtual,TR11,Selangor,2025-06-09,2025-07-21,2025-06-01,Selangor,Petaling,18-24,Male,Employed,Mobile,Low,Employer,Career growth,0.6667,Watch,Completed,1,78.3,100.0,21.7,4.0,8.0,Not measured,0,,
EN01168,PT0004,CH033,PRG03,Digital Workplace Skills,Employability,Community Upskilling,Malay,Virtual,TR11,Selangor,2025-06-09,2025-07-21,2025-06-01,Selangor,Klang,35-44,Female,Job seeker,Mobile,Medium,Community partner,Digital confidence,1.0,On track,Completed,1,44.2,72.0,27.8,4.0,9.0,Not measured,0,,
EN01169,PT0504,CH033,PRG03,Digital Workplace Skills,Employability,Community Upskilling,Malay,Virtual,TR11,Selangor,2025-06-09,2025-07-21,2025-06-01,Selangor,Petaling,35-44,Male,Job seeker,Mobile,Medium,Employer,Digital confidence,1.0,On track,Completed,1,64.6,86.1,21.5,4.0,7.0,Not measured,1,14.9,1.0
EN01170,PT0706,CH033,PRG03,Digital Workplace Skills,Employability,Community Upskilling,Malay,Virtual,TR11,Selangor,2025-06-09,2025-07-21,2025-06-01,Sabah,Kota Kinabalu,35-44,Female,Job seeker,Mobile,Low,Employer,Employer requirement,0.5,Watch,Completed,1,46.2,64.3,18.1,4.0,6.0,Not measured,1,21.6,1.0
EN01171,PT0584,CH033,PRG03,Digital Workplace Skills,Employability,Community Upskilling,Malay,Virtual,TR11,Selangor,2025-06-09,2025-07-21,2025-06-01,Penang,Seberang Perai,35-44,Male,Job seeker,Laptop/Desktop,High,Organic,Employer requirement,1.0,On track,Completed,1,71.9,100.0,28.1,5.0,10.0,Not measured,1,7.1,1.0
EN01172,PT0648,CH033,PRG03,Digital Workplace Skills,Employability,Community Upskilling,Malay,Virtual,TR11,Selangor,2025-06-09,2025-07-21,2025-06-01,Selangor,Petaling,25-34,Male,Student,Mobile,High,Organic,Career growth,0.8333,On track,Completed,1,79.5,100.0,20.5,3.0,4.0,Not measured,0,,
EN01173,PT0686,CH033,PRG03,Digital Workplace Skills,Employability,Community Upskilling,Malay,Virtual,TR11,Selangor,2025-06-09,2025-07-21,2025-06-01,Johor,Muar,45+,Female,Job seeker,Shared device,Medium,Community partner,Career growth,1.0,On track,Completed,1,71.1,98.2,27.1,5.0,10.0,Not measured,0,,
EN01174,PT0530,CH033,PRG03,Digital Workplace Skills,Employability,Community Upskilling,Malay,Virtual,TR11,Selangor,2025-06-09,2025-07-21,2025-06-01,Johor,Muar,45+,Female,Student,Mobile,Medium,Community partner,Employer requirement,1.0,On track,Completed,1,46.7,70.3,23.6,5.0,10.0,Not measured,0,,
EN01175,PT0412,CH033,PRG03,Digital Workplace Skills,Employability,Community Upskilling,Malay,Virtual,TR11,Selangor,2025-06-09,2025-07-21,2025-06-01,Penang,Seberang Perai,18-24,Non-binary / Prefer not to say,Student,Laptop/Desktop,Medium,Organic,Digital confidence,0.6667,Watch,Completed,1,27.6,47.3,19.7,4.0,8.0,Not measured,0,,
EN01176,PT0573,CH033,PRG03,Digital Workplace Skills,Employability,Community Upskilling,Malay,Virtual,TR11,Selangor,2025-06-09,2025-07-21,2025-06-01,Sarawak,Kuching,25-34,Female,Job seeker,Laptop/Desktop,Medium,Community partner,Employer requirement,0.8333,On track,Completed,1,66.8,78.8,12.0,,,Not measured,1,19.6,1.0
EN01177,PT0213,CH033,PRG03,Digital Workplace Skills,Employability,Community Upskilling,Malay,Virtual,TR11,Selangor,2025-06-09,2025-07-21,2025-06-01,Kuala Lumpur,South,18-24,Female,Employed,Mobile,Medium,Referral,Job search,0.5,Watch,Completed,1,68.9,85.5,16.6,4.0,6.0,Not measured,0,,
EN01178,PT0450,CH033,PRG03,Digital Workplace Skills,Employability,Community Upskilling,Malay,Virtual,TR11,Selangor,2025-06-09,2025-07-21,2025-06-01,Sabah,Kota Kinabalu,18-24,Female,Employed,Mobile,High,Referral,Digital confidence,0.5,Watch,Completed,1,80.4,98.3,17.9,3.0,4.0,Not measured,0,,
EN01179,PT0141,CH033,PRG03,Digital Workplace Skills,Employability,Community Upskilling,Malay,Virtual,TR11,Selangor,2025-06-09,2025-07-21,2025-06-01,Kuala Lumpur,North,18-24,Male,Employed,Mobile,Medium,Organic,Digital confidence,1.0,On track,Completed,1,48.3,78.0,29.7,5.0,10.0,Not measured,0,,
EN01180,PT0613,CH033,PRG03,Digital Workplace Skills,Employability,Community Upskilling,Malay,Virtual,TR11,Selangor,2025-06-09,2025-07-21,2025-06-01,Penang,George Town,18-24,Female,Employed,Mobile,Medium,Organic,Digital confidence,0.5,Watch,Completed,1,30.0,46.5,16.5,4.0,8.0,Not measured,0,,
EN01181,PT0160,CH033,PRG03,Digital Workplace Skills,Employability,Community Upskilling,Malay,Virtual,TR11,Selangor,2025-06-09,2025-07-21,2025-06-01,Kuala Lumpur,Central,35-44,Female,Employed,Laptop/Desktop,High,Employer,Job search,0.8333,On track,Completed,1,49.0,69.6,20.6,4.0,6.0,Not measured,0,,
EN01182,PT0663,CH033,PRG03,Digital Workplace Skills,Employability,Community Upskilling,Malay,Virtual,TR11,Selangor,2025-06-09,2025-07-21,2025-06-01,Selangor,Petaling,25-34,Male,Job seeker,Mobile,Medium,Employer,Career growth,0.6667,Watch,Completed,1,61.2,73.0,11.8,4.0,9.0,Not measured,1,22.8,1.0
EN01183,PT0357,CH033,PRG03,Digital Workplace Skills,Employability,Community Upskilling,Malay,Virtual,TR11,Selangor,2025-06-09,2025-07-21,2025-06-01,Selangor,Shah Alam,45+,Female,Student,Mobile,High,Employer,Career growth,0.6667,Watch,Completed,1,61.3,78.1,16.8,,,Not measured,0,,
EN01184,PT0276,CH033,PRG03,Digital Workplace Skills,Employability,Community Upskilling,Malay,Virtual,TR11,Selangor,2025-06-09,2025-07-21,2025-06-01,Kuala Lumpur,South,25-34,Female,Self-employed,Mobile,Medium,Community partner,Employer requirement,0.6667,Watch,Completed,1,31.5,52.1,20.6,,,Not measured,0,,
EN01185,PT0500,CH033,PRG03,Digital Workplace Skills,Employability,Community Upskilling,Malay,Virtual,TR11,Selangor,2025-06-09,2025-07-21,2025-06-01,Sarawak,Miri,18-24,Male,Job seeker,Mobile,Medium,Community partner,Career growth,0.8333,On track,Completed,1,41.5,62.8,21.3,,,Not measured,0,,
EN01186,PT0158,CH033,PRG03,Digital Workplace Skills,Employability,Community Upskilling,Malay,Virtual,TR11,Selangor,2025-06-09,2025-07-21,2025-06-01,Penang,George Town,18-24,Male,Employed,Mobile,Low,Referral,Digital confidence,0.6667,Watch,In progress / incomplete,0,63.7,79.7,16.0,4.0,9.0,Not measured,0,,
EN01187,PT0012,CH033,PRG03,Digital Workplace Skills,Employability,Community Upskilling,Malay,Virtual,TR11,Selangor,2025-06-09,2025-07-21,2025-06-01,Selangor,Klang,25-34,Male,Job seeker,Mobile,Medium,Employer,Digital confidence,0.8333,On track,Completed,1,78.3,100.0,21.7,,,Not measured,0,,
EN01188,PT0441,CH033,PRG03,Digital Workplace Skills,Employability,Community Upskilling,Malay,Virtual,TR11,Selangor,2025-06-09,2025-07-21,2025-06-01,Johor,Johor Bahru,25-34,Female,Self-employed,Laptop/Desktop,Medium,Community partner,Career growth,0.8333,On track,Completed,1,58.0,83.4,25.4,4.0,9.0,Not measured,0,,
EN01189,PT0739,CH033,PRG03,Digital Workplace Skills,Employability,Community Upskilling,Malay,Virtual,TR11,Selangor,2025-06-09,2025-07-21,2025-06-01,Selangor,Petaling,35-44,Female,Employed,Laptop/Desktop,Medium,Community partner,Employer requirement,0.8333,On track,Completed,1,56.9,82.5,25.6,5.0,7.0,Not measured,0,,
EN01190,PT0329,CH033,PRG03,Digital Workplace Skills,Employability,Community Upskilling,Malay,Virtual,TR11,Selangor,2025-06-09,2025-07-21,2025-06-01,Sabah,Sandakan,35-44,Male,Job seeker,Mobile,Low,Organic,Career growth,0.8333,On track,Completed,1,69.5,92.1,22.6,5.0,10.0,Not measured,0,,
EN01191,PT0771,CH033,PRG03,Digital Workplace Skills,Employability,Community Upskilling,Malay,Virtual,TR11,Selangor,2025-06-09,2025-07-21,2025-06-01,Kuala Lumpur,South,18-24,Male,Student,Mobile,Medium,Organic,Job search,0.8333,On track,Completed,1,51.1,76.0,24.9,5.0,10.0,Not measured,0,,
EN01192,PT0691,CH033,PRG03,Digital Workplace Skills,Employability,Community Upskilling,Malay,Virtual,TR11,Selangor,2025-06-09,2025-07-21,2025-06-01,Sarawak,Miri,25-34,Female,Employed,Laptop/Desktop,High,Employer,Career growth,0.8333,On track,In progress / incomplete,0,68.0,84.4,16.4,5.0,10.0,Not measured,1,83.5,0.0
EN01193,PT0293,CH033,PRG03,Digital Workplace Skills,Employability,Community Upskilling,Malay,Virtual,TR11,Selangor,2025-06-09,2025-07-21,2025-06-01,Sarawak,Kuching,25-34,Female,Job seeker,Mobile,Medium,Organic,Career growth,0.8333,On track,Completed,1,40.6,70.2,29.6,4.0,8.0,Not measured,0,,
EN01194,PT0693,CH033,PRG03,Digital Workplace Skills,Employability,Community Upskilling,Malay,Virtual,TR11,Selangor,2025-06-09,2025-07-21,2025-06-01,Sarawak,Miri,25-34,Male,Employed,Mobile,Medium,Organic,Career growth,0.5,Watch,Completed,1,67.6,81.5,13.9,,,Not measured,0,,
EN01195,PT0397,CH033,PRG03,Digital Workplace Skills,Employability,Community Upskilling,Malay,Virtual,TR11,Selangor,2025-06-09,2025-07-21,2025-06-01,Selangor,Klang,45+,Female,Job seeker,Mobile,Medium,Community partner,Employer requirement,0.8333,On track,Completed,1,42.1,61.6,19.5,,,Not measured,0,,
EN01196,PT0404,CH033,PRG03,Digital Workplace Skills,Employability,Community Upskilling,Malay,Virtual,TR11,Selangor,2025-06-09,2025-07-21,2025-06-01,Johor,Muar,18-24,Female,Student,Mobile,Medium,Community partner,Employer requirement,0.8333,On track,Completed,1,34.4,61.0,26.6,4.0,5.0,Not measured,0,,
EN01197,PT0560,CH033,PRG03,Digital Workplace Skills,Employability,Community Upskilling,Malay,Virtual,TR11,Selangor,2025-06-09,2025-07-21,2025-06-01,Johor,Johor Bahru,18-24,Male,Employed,Mobile,Low,Community partner,Job search,0.6667,Watch,Dropped,0,52.3,70.8,18.5,,,Not measured,1,28.6,0.0
EN01198,PT0553,CH033,PRG03,Digital Workplace Skills,Employability,Community Upskilling,Malay,Virtual,TR11,Selangor,2025-06-09,2025-07-21,2025-06-01,Sarawak,Miri,25-34,Male,Employed,Laptop/Desktop,Low,Referral,Career growth,0.8333,On track,Completed,1,58.7,84.8,26.1,4.0,8.0,Not measured,0,,
EN01199,PT0581,CH033,PRG03,Digital Workplace Skills,Employability,Community Upskilling,Malay,Virtual,TR11,Selangor,2025-06-09,2025-07-21,2025-06-01,Johor,Muar,25-34,Male,Job seeker,Laptop/Desktop,High,Community partner,Career growth,1.0,On track,Completed,1,59.0,80.7,21.7,,,Not measured,1,4.1,1.0
EN01200,PT0010,CH033,PRG03,Digital Workplace Skills,Employability,Community Upskilling,Malay,Virtual,TR11,Selangor,2025-06-09,2025-07-21,2025-06-01,Penang,Seberang Perai,45+,Female,Job seeker,Laptop/Desktop,High,Organic,Career growth,1.0,On track,Completed,1,76.7,100.0,23.3,5.0,10.0,Not measured,0,,
EN01201,PT0233,CH033,PRG03,Digital Workplace Skills,Employability,Community Upskilling,Malay,Virtual,TR11,Selangor,2025-06-09,2025-07-21,2025-06-01,Sarawak,Miri,35-44,Female,Employed,Mobile,High,Community partner,Job search,1.0,On track,Completed,1,59.1,85.3,26.2,5.0,10.0,Not measured,1,8.5,1.0
EN01202,PT0679,CH033,PRG03,Digital Workplace Skills,Employability,Community Upskilling,Malay,Virtual,TR11,Selangor,2025-06-09,2025-07-21,2025-06-01,Penang,Seberang Perai,35-44,Female,Employed,Mobile,Medium,Community partner,Career growth,1.0,On track,Completed,1,48.5,83.8,35.3,,,Not measured,1,24.9,1.0
EN01203,PT0293,CH034,PRG04,Customer Support Excellence,Operations,Workforce Development,English,Virtual,TR03,Selangor,2025-06-09,2025-07-21,2025-06-01,Sarawak,Kuching,25-34,Female,Job seeker,Mobile,Medium,Employer,Job search,1.0,On track,Completed,1,59.8,88.7,28.9,4.0,8.0,Not measured,0,,
EN01204,PT0386,CH034,PRG04,Customer Support Excellence,Operations,Workforce Development,English,Virtual,TR03,Selangor,2025-06-09,2025-07-21,2025-06-01,Penang,Seberang Perai,25-34,Female,Student,Mobile,Low,Organic,Employer requirement,0.6667,Watch,Dropped,0,42.7,66.0,23.3,4.0,8.0,Not measured,1,24.0,0.0
EN01205,PT0428,CH034,PRG04,Customer Support Excellence,Operations,Workforce Development,English,Virtual,TR03,Selangor,2025-06-09,2025-07-21,2025-06-01,Kuala Lumpur,South,25-34,Female,Job seeker,Mobile,High,Employer,Career growth,0.8333,On track,Completed,1,77.7,100.0,22.3,4.0,7.0,Not measured,0,,
EN01206,PT0306,CH034,PRG04,Customer Support Excellence,Operations,Workforce Development,English,Virtual,TR03,Selangor,2025-06-09,2025-07-21,2025-06-01,Sabah,Sandakan,25-34,Non-binary / Prefer not to say,Job seeker,Mobile,Low,Organic,Digital confidence,0.8333,On track,Completed,1,36.5,50.2,13.7,,,Not measured,0,,
EN01207,PT0291,CH034,PRG04,Customer Support Excellence,Operations,Workforce Development,English,Virtual,TR03,Selangor,2025-06-09,2025-07-21,2025-06-01,Penang,Seberang Perai,18-24,Female,Student,Mobile,Low,Employer,Job search,0.6667,Watch,In progress / incomplete,0,26.7,46.6,19.9,4.0,6.0,Not measured,0,,
EN01208,PT0075,CH034,PRG04,Customer Support Excellence,Operations,Workforce Development,English,Virtual,TR03,Selangor,2025-06-09,2025-07-21,2025-06-01,Selangor,Klang,35-44,Male,Self-employed,Laptop/Desktop,Medium,Community partner,Job search,0.5,Watch,In progress / incomplete,0,61.7,82.1,20.4,4.0,8.0,Not measured,2,35.3,0.5
EN01209,PT0177,CH034,PRG04,Customer Support Excellence,Operations,Workforce Development,English,Virtual,TR03,Selangor,2025-06-09,2025-07-21,2025-06-01,Sarawak,Miri,35-44,Male,Job seeker,Mobile,Low,Organic,Job search,0.6667,Watch,Completed,1,75.9,95.1,19.2,3.0,6.0,Not measured,1,25.3,0.0
EN01210,PT0161,CH034,PRG04,Customer Support Excellence,Operations,Workforce Development,English,Virtual,TR03,Selangor,2025-06-09,2025-07-21,2025-06-01,Selangor,Shah Alam,35-44,Male,Job seeker,Laptop/Desktop,Medium,Organic,Career growth,0.8333,On track,Completed,1,32.0,55.1,23.1,4.0,6.0,Not measured,0,,
EN01211,PT0680,CH034,PRG04,Customer Support Excellence,Operations,Workforce Development,English,Virtual,TR03,Selangor,2025-06-09,2025-07-21,2025-06-01,Penang,Seberang Perai,45+,Male,Job seeker,Laptop/Desktop,High,Organic,Employer requirement,1.0,On track,Completed,1,54.8,83.7,28.9,5.0,10.0,Not measured,0,,
EN01212,PT0700,CH034,PRG04,Customer Support Excellence,Operations,Workforce Development,English,Virtual,TR03,Selangor,2025-06-09,2025-07-21,2025-06-01,Selangor,Petaling,25-34,Female,Self-employed,Mobile,Medium,Organic,Career growth,0.6667,Watch,Completed,1,68.4,87.6,19.2,5.0,9.0,Not measured,1,19.1,0.0
EN01213,PT0242,CH034,PRG04,Customer Support Excellence,Operations,Workforce Development,English,Virtual,TR03,Selangor,2025-06-09,2025-07-21,2025-06-01,Kuala Lumpur,South,45+,Male,Employed,Mobile,Low,Organic,Job search,0.5,Watch,Completed,1,55.1,69.6,14.5,,,Not measured,0,,
EN01214,PT0376,CH034,PRG04,Customer Support Excellence,Operations,Workforce Development,English,Virtual,TR03,Selangor,2025-06-09,2025-07-21,2025-06-01,Selangor,Petaling,25-34,Female,Employed,Laptop/Desktop,High,Organic,Employer requirement,0.5,Watch,In progress / incomplete,0,61.1,75.8,14.7,3.0,6.0,Not measured,0,,
EN01215,PT0611,CH034,PRG04,Customer Support Excellence,Operations,Workforce Development,English,Virtual,TR03,Selangor,2025-06-09,2025-07-21,2025-06-01,Selangor,Shah Alam,25-34,Male,Student,Mobile,Medium,Organic,Job search,0.8333,On track,Completed,1,60.8,94.3,33.5,4.0,8.0,Not measured,0,,
EN01216,PT0736,CH034,PRG04,Customer Support Excellence,Operations,Workforce Development,English,Virtual,TR03,Selangor,2025-06-09,2025-07-21,2025-06-01,Kuala Lumpur,South,18-24,Female,Employed,Mobile,High,Community partner,Employer requirement,0.3333,High risk,Completed,1,53.0,65.8,12.8,2.0,2.0,Not measured,1,6.6,1.0
EN01217,PT0410,CH034,PRG04,Customer Support Excellence,Operations,Workforce Development,English,Virtual,TR03,Selangor,2025-06-09,2025-07-21,2025-06-01,Sabah,Kota Kinabalu,35-44,Male,Job seeker,Laptop/Desktop,High,Employer,Job search,0.8333,On track,Completed,1,53.6,80.0,26.4,5.0,10.0,Not measured,2,16.6,0.5
EN01218,PT0308,CH034,PRG04,Customer Support Excellence,Operations,Workforce Development,English,Virtual,TR03,Selangor,2025-06-09,2025-07-21,2025-06-01,Sarawak,Kuching,25-34,Male,Job seeker,Laptop/Desktop,Low,Referral,Employer requirement,0.6667,Watch,In progress / incomplete,0,50.1,68.5,18.4,5.0,8.0,Not measured,1,13.6,1.0
EN01219,PT0750,CH034,PRG04,Customer Support Excellence,Operations,Workforce Development,English,Virtual,TR03,Selangor,2025-06-09,2025-07-21,2025-06-01,Sabah,Kota Kinabalu,45+,Female,Student,Mobile,Low,Community partner,Employer requirement,0.6667,Watch,In progress / incomplete,0,33.6,50.3,16.7,3.0,6.0,Not measured,1,15.8,1.0
EN01220,PT0197,CH034,PRG04,Customer Support Excellence,Operations,Workforce Development,English,Virtual,TR03,Selangor,2025-06-09,2025-07-21,2025-06-01,Kuala Lumpur,Central,18-24,Male,Employed,Laptop/Desktop,Medium,Employer,Employer requirement,0.5,Watch,Dropped,0,55.9,70.0,14.1,2.0,2.0,Not measured,1,4.2,1.0
EN01221,PT0168,CH034,PRG04,Customer Support Excellence,Operations,Workforce Development,English,Virtual,TR03,Selangor,2025-06-09,2025-07-21,2025-06-01,Kuala Lumpur,South,35-44,Female,Job seeker,Laptop/Desktop,High,Employer,Employer requirement,0.8333,On track,Completed,1,84.0,97.8,13.8,3.0,6.0,Not measured,0,,
EN01222,PT0594,CH034,PRG04,Customer Support Excellence,Operations,Workforce Development,English,Virtual,TR03,Selangor,2025-06-09,2025-07-21,2025-06-01,Kuala Lumpur,Central,35-44,Male,Job seeker,Shared device,Medium,Referral,Job search,0.5,Watch,In progress / incomplete,0,63.2,87.3,24.1,4.0,9.0,Not measured,0,,
EN01223,PT0244,CH034,PRG04,Customer Support Excellence,Operations,Workforce Development,English,Virtual,TR03,Selangor,2025-06-09,2025-07-21,2025-06-01,Kuala Lumpur,South,35-44,Male,Employed,Mobile,Medium,Organic,Employer requirement,1.0,On track,Completed,1,43.7,69.9,26.2,3.0,5.0,Not measured,0,,
EN01224,PT0355,CH034,PRG04,Customer Support Excellence,Operations,Workforce Development,English,Virtual,TR03,Selangor,2025-06-09,2025-07-21,2025-06-01,Johor,Muar,35-44,Non-binary / Prefer not to say,Employed,Mobile,Medium,Employer,Digital confidence,0.8333,On track,Completed,1,49.3,73.4,24.1,5.0,10.0,Not measured,1,7.3,1.0
EN01225,PT0769,CH034,PRG04,Customer Support Excellence,Operations,Workforce Development,English,Virtual,TR03,Selangor,2025-06-09,2025-07-21,2025-06-01,Selangor,Klang,35-44,Male,Employed,Shared device,Medium,Organic,Career growth,0.1667,High risk,Dropped,0,56.4,67.0,10.6,2.0,2.0,Not measured,1,31.4,0.0
EN01226,PT0632,CH034,PRG04,Customer Support Excellence,Operations,Workforce Development,English,Virtual,TR03,Selangor,2025-06-09,2025-07-21,2025-06-01,Johor,Muar,18-24,Female,Self-employed,Laptop/Desktop,High,Community partner,Digital confidence,1.0,On track,Completed,1,40.9,58.0,17.1,,,Not measured,0,,
EN01227,PT0029,CH034,PRG04,Customer Support Excellence,Operations,Workforce Development,English,Virtual,TR03,Selangor,2025-06-09,2025-07-21,2025-06-01,Penang,George Town,18-24,Female,Student,Laptop/Desktop,High,Community partner,Career growth,1.0,On track,Completed,1,48.5,77.6,29.1,5.0,10.0,Not measured,0,,
EN01228,PT0312,CH034,PRG04,Customer Support Excellence,Operations,Workforce Development,English,Virtual,TR03,Selangor,2025-06-09,2025-07-21,2025-06-01,Johor,Muar,35-44,Female,Job seeker,Laptop/Desktop,Medium,Employer,Digital confidence,0.1667,High risk,Dropped,0,43.8,62.4,18.6,3.0,8.0,Not measured,0,,
EN01229,PT0121,CH034,PRG04,Customer Support Excellence,Operations,Workforce Development,English,Virtual,TR03,Selangor,2025-06-09,2025-07-21,2025-06-01,Penang,Seberang Perai,35-44,Male,Job seeker,Laptop/Desktop,Medium,Community partner,Career growth,1.0,On track,Completed,1,54.5,79.7,25.2,5.0,9.0,Not measured,0,,
EN01230,PT0569,CH034,PRG04,Customer Support Excellence,Operations,Workforce Development,English,Virtual,TR03,Selangor,2025-06-09,2025-07-21,2025-06-01,Sarawak,Miri,35-44,Female,Employed,Mobile,High,Employer,Career growth,0.8333,On track,Completed,1,63.1,85.9,22.8,5.0,10.0,Not measured,1,19.0,1.0
EN01231,PT0005,CH034,PRG04,Customer Support Excellence,Operations,Workforce Development,English,Virtual,TR03,Selangor,2025-06-09,2025-07-21,2025-06-01,Penang,Seberang Perai,25-34,Female,Employed,Mobile,Medium,Referral,Job search,0.6667,Watch,Dropped,0,63.8,88.0,24.2,4.0,9.0,Not measured,0,,
EN01232,PT0552,CH034,PRG04,Customer Support Excellence,Operations,Workforce Development,English,Virtual,TR03,Selangor,2025-06-09,2025-07-21,2025-06-01,Johor,Muar,25-34,Male,Employed,Laptop/Desktop,Low,Community partner,Employer requirement,0.6667,Watch,Completed,1,52.6,81.2,28.6,5.0,10.0,Not measured,1,56.3,0.0
EN01233,PT0117,CH034,PRG04,Customer Support Excellence,Operations,Workforce Development,English,Virtual,TR03,Selangor,2025-06-09,2025-07-21,2025-06-01,Penang,Seberang Perai,25-34,Male,Student,Laptop/Desktop,Medium,Referral,Career growth,1.0,On track,Completed,1,79.5,100.0,20.5,,,Not measured,0,,
EN01234,PT0182,CH034,PRG04,Customer Support Excellence,Operations,Workforce Development,English,Virtual,TR03,Selangor,2025-06-09,2025-07-21,2025-06-01,Penang,George Town,25-34,Male,Job seeker,Laptop/Desktop,Low,Employer,Job search,0.5,Watch,Completed,1,42.2,61.4,19.2,3.0,4.0,Not measured,1,76.9,0.0
EN01235,PT0012,CH034,PRG04,Customer Support Excellence,Operations,Workforce Development,English,Virtual,TR03,Selangor,2025-06-09,2025-07-21,2025-06-01,Selangor,Klang,25-34,Male,Job seeker,Mobile,Medium,Organic,Employer requirement,1.0,On track,Completed,1,88.0,100.0,12.0,,,Not measured,0,,
EN01236,PT0049,CH034,PRG04,Customer Support Excellence,Operations,Workforce Development,English,Virtual,TR03,Selangor,2025-06-09,2025-07-21,2025-06-01,Selangor,Shah Alam,18-24,Female,Job seeker,Laptop/Desktop,High,Referral,Career growth,1.0,On track,Completed,1,63.2,85.5,22.3,4.0,8.0,Not measured,0,,
EN01237,PT0749,CH034,PRG04,Customer Support Excellence,Operations,Workforce Development,English,Virtual,TR03,Selangor,2025-06-09,2025-07-21,2025-06-01,Selangor,Klang,35-44,Male,Employed,Mobile,Medium,Community partner,Job search,1.0,On track,Completed,1,55.9,85.1,29.2,5.0,10.0,Not measured,1,47.6,0.0
EN01238,PT0570,CH034,PRG04,Customer Support Excellence,Operations,Workforce Development,English,Virtual,TR03,Selangor,2025-06-09,2025-07-21,2025-06-01,Sarawak,Kuching,35-44,Male,Employed,Mobile,Medium,Employer,Employer requirement,1.0,On track,Completed,1,66.0,88.0,22.0,,,Not measured,0,,
EN01239,PT0245,CH034,PRG04,Customer Support Excellence,Operations,Workforce Development,English,Virtual,TR03,Selangor,2025-06-09,2025-07-21,2025-06-01,Johor,Johor Bahru,18-24,Male,Employed,Mobile,Medium,Organic,Digital confidence,0.8333,On track,Completed,1,46.4,71.6,25.2,4.0,8.0,Not measured,0,,
EN01240,PT0654,CH034,PRG04,Customer Support Excellence,Operations,Workforce Development,English,Virtual,TR03,Selangor,2025-06-09,2025-07-21,2025-06-01,Sabah,Sandakan,25-34,Male,Employed,Shared device,Medium,Organic,Employer requirement,0.3333,High risk,Completed,1,46.8,48.1,1.3,,,Not measured,0,,
EN01241,PT0250,CH034,PRG04,Customer Support Excellence,Operations,Workforce Development,English,Virtual,TR03,Selangor,2025-06-09,2025-07-21,2025-06-01,Selangor,Klang,25-34,Male,Job seeker,Mobile,Medium,Referral,Employer requirement,0.8333,On track,Completed,1,87.1,100.0,12.9,4.0,8.0,Not measured,0,,
EN01242,PT0773,CH034,PRG04,Customer Support Excellence,Operations,Workforce Development,English,Virtual,TR03,Selangor,2025-06-09,2025-07-21,2025-06-01,Selangor,Klang,18-24,Female,Employed,Mobile,Medium,Community partner,Digital confidence,0.8333,On track,Completed,1,48.1,75.0,26.9,,,Not measured,0,,
EN01243,PT0512,CH034,PRG04,Customer Support Excellence,Operations,Workforce Development,English,Virtual,TR03,Selangor,2025-06-09,2025-07-21,2025-06-01,Selangor,Petaling,35-44,Female,Job seeker,Laptop/Desktop,Medium,Community partner,Employer requirement,0.8333,On track,Completed,1,34.2,62.4,28.2,5.0,8.0,Not measured,0,,
EN01244,PT0041,CH035,PRG05,Financial Literacy,Business,Community Upskilling,Hindi,Virtual,TR05,Penang,2025-05-26,2025-06-30,2025-05-01,Kuala Lumpur,North,45+,Male,Job seeker,Laptop/Desktop,Medium,Community partner,Job search,1.0,On track,Completed,1,49.1,73.4,24.3,4.0,7.0,Not measured,0,,
EN01245,PT0482,CH035,PRG05,Financial Literacy,Business,Community Upskilling,Hindi,Virtual,TR05,Penang,2025-05-26,2025-06-30,2025-05-01,Johor,Muar,35-44,Female,Employed,Mobile,Medium,Employer,Career growth,0.6,Watch,Completed,1,50.3,63.6,13.3,4.0,6.0,Not measured,0,,
EN01246,PT0424,CH035,PRG05,Financial Literacy,Business,Community Upskilling,Hindi,Virtual,TR05,Penang,2025-05-26,2025-06-30,2025-05-01,Penang,Seberang Perai,18-24,Male,Employed,Mobile,High,Organic,Employer requirement,1.0,On track,Completed,1,33.5,57.9,24.4,4.0,7.0,Not measured,0,,
EN01247,PT0415,CH035,PRG05,Financial Literacy,Business,Community Upskilling,Hindi,Virtual,TR05,Penang,2025-05-26,2025-06-30,2025-05-01,Selangor,Shah Alam,35-44,Female,Job seeker,Mobile,Medium,Employer,Digital confidence,0.8,On track,Completed,1,34.5,54.0,19.5,3.0,3.0,Not measured,0,,
EN01248,PT0294,CH035,PRG05,Financial Literacy,Business,Community Upskilling,Hindi,Virtual,TR05,Penang,2025-05-26,2025-06-30,2025-05-01,Sarawak,Kuching,25-34,Female,Self-employed,Laptop/Desktop,Low,Organic,Career growth,0.8,On track,Dropped,0,39.6,58.1,18.5,4.0,7.0,Not measured,0,,
EN01249,PT0658,CH035,PRG05,Financial Literacy,Business,Community Upskilling,Hindi,Virtual,TR05,Penang,2025-05-26,2025-06-30,2025-05-01,Sabah,Kota Kinabalu,35-44,Female,Employed,Mobile,Low,Organic,Employer requirement,0.4,High risk,In progress / incomplete,0,37.0,65.4,28.4,3.0,7.0,Not measured,1,67.9,0.0
EN01250,PT0654,CH035,PRG05,Financial Literacy,Business,Community Upskilling,Hindi,Virtual,TR05,Penang,2025-05-26,2025-06-30,2025-05-01,Sabah,Sandakan,25-34,Male,Employed,Shared device,Medium,Community partner,Digital confidence,0.8,On track,Completed,1,37.8,63.0,25.2,5.0,10.0,Not measured,0,,
EN01251,PT0534,CH035,PRG05,Financial Literacy,Business,Community Upskilling,Hindi,Virtual,TR05,Penang,2025-05-26,2025-06-30,2025-05-01,Sarawak,Miri,35-44,Female,Employed,Laptop/Desktop,Medium,Community partner,Career growth,0.4,High risk,In progress / incomplete,0,44.4,45.7,1.3,3.0,3.0,Not measured,0,,
EN01252,PT0130,CH035,PRG05,Financial Literacy,Business,Community Upskilling,Hindi,Virtual,TR05,Penang,2025-05-26,2025-06-30,2025-05-01,Johor,Johor Bahru,35-44,Female,Employed,Laptop/Desktop,Medium,Organic,Career growth,0.6,Watch,Completed,1,57.8,86.6,28.8,3.0,5.0,Not measured,0,,
EN01253,PT0117,CH035,PRG05,Financial Literacy,Business,Community Upskilling,Hindi,Virtual,TR05,Penang,2025-05-26,2025-06-30,2025-05-01,Penang,Seberang Perai,25-34,Male,Student,Laptop/Desktop,Medium,Organic,Digital confidence,0.8,On track,Completed,1,40.7,60.4,19.7,3.0,3.0,Not measured,0,,
EN01254,PT0122,CH035,PRG05,Financial Literacy,Business,Community Upskilling,Hindi,Virtual,TR05,Penang,2025-05-26,2025-06-30,2025-05-01,Sabah,Kota Kinabalu,35-44,Male,Employed,Shared device,Low,Referral,Digital confidence,0.6,Watch,Dropped,0,48.4,66.5,18.1,4.0,9.0,Not measured,0,,
EN01255,PT0347,CH035,PRG05,Financial Literacy,Business,Community Upskilling,Hindi,Virtual,TR05,Penang,2025-05-26,2025-06-30,2025-05-01,Johor,Johor Bahru,25-34,Female,Job seeker,Mobile,Medium,Organic,Career growth,0.8,On track,Completed,1,53.6,81.4,27.8,,,Not measured,0,,
EN01256,PT0668,CH035,PRG05,Financial Literacy,Business,Community Upskilling,Hindi,Virtual,TR05,Penang,2025-05-26,2025-06-30,2025-05-01,Penang,Seberang Perai,25-34,Female,Employed,Laptop/Desktop,High,Organic,Career growth,1.0,On track,Completed,1,29.5,50.0,20.5,5.0,10.0,Not measured,0,,
EN01257,PT0349,CH035,PRG05,Financial Literacy,Business,Community Upskilling,Hindi,Virtual,TR05,Penang,2025-05-26,2025-06-30,2025-05-01,Penang,George Town,25-34,Male,Self-employed,Laptop/Desktop,Medium,Organic,Job search,1.0,On track,Completed,1,38.6,58.7,20.1,4.0,9.0,Not measured,1,36.1,0.0
EN01258,PT0073,CH035,PRG05,Financial Literacy,Business,Community Upskilling,Hindi,Virtual,TR05,Penang,2025-05-26,2025-06-30,2025-05-01,Selangor,Shah Alam,35-44,Female,Self-employed,Mobile,Low,Community partner,Employer requirement,1.0,On track,Completed,1,37.2,65.7,28.5,,,Not measured,0,,
EN01259,PT0269,CH035,PRG05,Financial Literacy,Business,Community Upskilling,Hindi,Virtual,TR05,Penang,2025-05-26,2025-06-30,2025-05-01,Sarawak,Miri,18-24,Female,Job seeker,Laptop/Desktop,Medium,Organic,Employer requirement,1.0,On track,Completed,1,79.5,100.0,20.5,5.0,10.0,Not measured,0,,
EN01260,PT0266,CH035,PRG05,Financial Literacy,Business,Community Upskilling,Hindi,Virtual,TR05,Penang,2025-05-26,2025-06-30,2025-05-01,Kuala Lumpur,South,18-24,Male,Student,Mobile,Medium,Organic,Job search,1.0,On track,Completed,1,74.6,100.0,25.4,4.0,7.0,Not measured,0,,
EN01261,PT0320,CH035,PRG05,Financial Literacy,Business,Community Upskilling,Hindi,Virtual,TR05,Penang,2025-05-26,2025-06-30,2025-05-01,Selangor,Petaling,35-44,Female,Employed,Laptop/Desktop,Medium,Community partner,Digital confidence,0.8,On track,Completed,1,61.8,82.8,21.0,5.0,10.0,Not measured,1,25.8,1.0
EN01262,PT0300,CH035,PRG05,Financial Literacy,Business,Community Upskilling,Hindi,Virtual,TR05,Penang,2025-05-26,2025-06-30,2025-05-01,Kuala Lumpur,North,18-24,Female,Student,Laptop/Desktop,Medium,Organic,Job search,0.6,Watch,Completed,1,43.5,63.8,20.3,4.0,5.0,Not measured,1,12.7,1.0
EN01263,PT0498,CH035,PRG05,Financial Literacy,Business,Community Upskilling,Hindi,Virtual,TR05,Penang,2025-05-26,2025-06-30,2025-05-01,Sarawak,Kuching,25-34,Female,Job seeker,Laptop/Desktop,High,Employer,Digital confidence,1.0,On track,Completed,1,86.3,100.0,13.7,4.0,6.0,Not measured,0,,
EN01264,PT0186,CH035,PRG05,Financial Literacy,Business,Community Upskilling,Hindi,Virtual,TR05,Penang,2025-05-26,2025-06-30,2025-05-01,Sarawak,Kuching,45+,Male,Employed,Mobile,Low,Community partner,Job search,0.6,Watch,Completed,1,47.9,69.6,21.7,,,Not measured,0,,
EN01265,PT0741,CH035,PRG05,Financial Literacy,Business,Community Upskilling,Hindi,Virtual,TR05,Penang,2025-05-26,2025-06-30,2025-05-01,Johor,Muar,25-34,Male,Employed,Mobile,Medium,Community partner,Career growth,0.6,Watch,Completed,1,52.0,69.3,17.3,3.0,4.0,Not measured,0,,
EN01266,PT0511,CH035,PRG05,Financial Literacy,Business,Community Upskilling,Hindi,Virtual,TR05,Penang,2025-05-26,2025-06-30,2025-05-01,Selangor,Klang,25-34,Female,Employed,Mobile,High,Referral,Employer requirement,0.8,On track,Completed,1,38.4,57.3,18.9,4.0,7.0,Not measured,0,,
EN01267,PT0571,CH035,PRG05,Financial Literacy,Business,Community Upskilling,Hindi,Virtual,TR05,Penang,2025-05-26,2025-06-30,2025-05-01,Penang,George Town,18-24,Male,Employed,Laptop/Desktop,Medium,Community partner,Job search,0.8,On track,Completed,1,48.9,76.7,27.8,,,Not measured,0,,
EN01268,PT0580,CH035,PRG05,Financial Literacy,Business,Community Upskilling,Hindi,Virtual,TR05,Penang,2025-05-26,2025-06-30,2025-05-01,Selangor,Klang,35-44,Male,Job seeker,Mobile,High,Employer,Career growth,0.6,Watch,Completed,1,42.2,59.9,17.7,4.0,6.0,Not measured,0,,
EN01269,PT0324,CH035,PRG05,Financial Literacy,Business,Community Upskilling,Hindi,Virtual,TR05,Penang,2025-05-26,2025-06-30,2025-05-01,Selangor,Petaling,25-34,Female,Student,Mobile,Medium,Organic,Employer requirement,0.8,On track,Completed,1,38.5,60.0,21.5,4.0,8.0,Not measured,2,13.2,1.0
EN01270,PT0022,CH035,PRG05,Financial Literacy,Business,Community Upskilling,Hindi,Virtual,TR05,Penang,2025-05-26,2025-06-30,2025-05-01,Selangor,Shah Alam,25-34,Male,Job seeker,Mobile,High,Referral,Career growth,1.0,On track,Completed,1,84.2,100.0,15.8,4.0,8.0,Not measured,1,16.4,1.0
EN01271,PT0422,CH035,PRG05,Financial Literacy,Business,Community Upskilling,Hindi,Virtual,TR05,Penang,2025-05-26,2025-06-30,2025-05-01,Sarawak,Kuching,25-34,Male,Student,Laptop/Desktop,Medium,Employer,Career growth,0.8,On track,Completed,1,59.0,79.2,20.2,5.0,10.0,Not measured,0,,
EN01272,PT0730,CH035,PRG05,Financial Literacy,Business,Community Upskilling,Hindi,Virtual,TR05,Penang,2025-05-26,2025-06-30,2025-05-01,Penang,Seberang Perai,45+,Male,Job seeker,Shared device,Medium,Community partner,Digital confidence,0.6,Watch,Dropped,0,58.0,86.3,28.3,5.0,10.0,Not measured,2,11.6,1.0
EN01273,PT0144,CH035,PRG05,Financial Literacy,Business,Community Upskilling,Hindi,Virtual,TR05,Penang,2025-05-26,2025-06-30,2025-05-01,Kuala Lumpur,North,18-24,Male,Self-employed,Shared device,Medium,Organic,Career growth,0.8,On track,Dropped,0,52.2,72.4,20.2,4.0,7.0,Not measured,1,14.6,1.0
EN01274,PT0044,CH035,PRG05,Financial Literacy,Business,Community Upskilling,Hindi,Virtual,TR05,Penang,2025-05-26,2025-06-30,2025-05-01,Kuala Lumpur,Central,25-34,Female,Self-employed,Mobile,Medium,Organic,Job search,0.8,On track,Dropped,0,62.2,87.7,25.5,4.0,6.0,Not measured,0,,
EN01275,PT0749,CH035,PRG05,Financial Literacy,Business,Community Upskilling,Hindi,Virtual,TR05,Penang,2025-05-26,2025-06-30,2025-05-01,Selangor,Klang,35-44,Male,Employed,Mobile,Medium,Organic,Job search,0.8,On track,Completed,1,29.6,56.6,27.0,4.0,8.0,Not measured,0,,
EN01276,PT0371,CH035,PRG05,Financial Literacy,Business,Community Upskilling,Hindi,Virtual,TR05,Penang,2025-05-26,2025-06-30,2025-05-01,Kuala Lumpur,South,25-34,Male,Student,Laptop/Desktop,Medium,Organic,Employer requirement,0.6,Watch,Dropped,0,57.5,79.8,22.3,3.0,5.0,Not measured,0,,
EN01277,PT0605,CH035,PRG05,Financial Literacy,Business,Community Upskilling,Hindi,Virtual,TR05,Penang,2025-05-26,2025-06-30,2025-05-01,Johor,Johor Bahru,35-44,Male,Self-employed,Shared device,High,Community partner,Career growth,1.0,On track,Completed,1,57.5,91.4,33.9,5.0,9.0,Not measured,0,,
EN01278,PT0506,CH035,PRG05,Financial Literacy,Business,Community Upskilling,Hindi,Virtual,TR05,Penang,2025-05-26,2025-06-30,2025-05-01,Penang,George Town,45+,Male,Employed,Mobile,Medium,Employer,Career growth,0.6,Watch,Completed,1,43.8,63.0,19.2,3.0,5.0,Not measured,0,,
EN01279,PT0284,CH035,PRG05,Financial Literacy,Business,Community Upskilling,Hindi,Virtual,TR05,Penang,2025-05-26,2025-06-30,2025-05-01,Sarawak,Miri,25-34,Female,Employed,Mobile,High,Community partner,Digital confidence,0.8,On track,Completed,1,64.0,84.4,20.4,4.0,8.0,Not measured,0,,
EN01280,PT0056,CH035,PRG05,Financial Literacy,Business,Community Upskilling,Hindi,Virtual,TR05,Penang,2025-05-26,2025-06-30,2025-05-01,Selangor,Klang,18-24,Female,Student,Mobile,High,Community partner,Job search,1.0,On track,Completed,1,42.7,63.1,20.4,4.0,8.0,Not measured,0,,
EN01281,PT0512,CH035,PRG05,Financial Literacy,Business,Community Upskilling,Hindi,Virtual,TR05,Penang,2025-05-26,2025-06-30,2025-05-01,Selangor,Petaling,35-44,Female,Job seeker,Laptop/Desktop,Medium,Community partner,Employer requirement,1.0,On track,Completed,1,54.6,88.6,34.0,,,Not measured,0,,
EN01282,PT0667,CH036,PRG06,Project Delivery Fundamentals,Operations,Workforce Development,English,Virtual,TR09,Sarawak,2025-05-26,2025-07-21,2025-05-01,Sarawak,Kuching,25-34,Female,Job seeker,Laptop/Desktop,High,Organic,Career growth,1.0,On track,Completed,1,74.1,100.0,25.9,5.0,10.0,Not measured,1,34.3,0.0
EN01283,PT0378,CH036,PRG06,Project Delivery Fundamentals,Operations,Workforce Development,English,Virtual,TR09,Sarawak,2025-05-26,2025-07-21,2025-05-01,Penang,George Town,25-34,Female,Employed,Mobile,High,Organic,Job search,0.375,High risk,In progress / incomplete,0,46.4,68.6,22.2,,,Not measured,0,,
EN01284,PT0613,CH036,PRG06,Project Delivery Fundamentals,Operations,Workforce Development,English,Virtual,TR09,Sarawak,2025-05-26,2025-07-21,2025-05-01,Penang,George Town,18-24,Female,Employed,Mobile,Medium,Employer,Digital confidence,0.375,High risk,In progress / incomplete,0,59.4,82.2,22.8,,,Not measured,1,33.9,1.0
EN01285,PT0280,CH036,PRG06,Project Delivery Fundamentals,Operations,Workforce Development,English,Virtual,TR09,Sarawak,2025-05-26,2025-07-21,2025-05-01,Sarawak,Miri,18-24,Female,Self-employed,Mobile,Low,Employer,Career growth,0.875,On track,Completed,1,80.3,100.0,19.7,4.0,6.0,Not measured,0,,
EN01286,PT0776,CH036,PRG06,Project Delivery Fundamentals,Operations,Workforce Development,English,Virtual,TR09,Sarawak,2025-05-26,2025-07-21,2025-05-01,Kuala Lumpur,North,35-44,Female,Job seeker,Laptop/Desktop,Low,Community partner,Career growth,0.75,On track,Completed,1,32.6,58.6,26.0,,,Not measured,0,,
EN01287,PT0057,CH036,PRG06,Project Delivery Fundamentals,Operations,Workforce Development,English,Virtual,TR09,Sarawak,2025-05-26,2025-07-21,2025-05-01,Johor,Muar,35-44,Male,Self-employed,Mobile,Low,Employer,Job search,0.75,On track,Completed,1,45.5,70.9,25.4,5.0,10.0,Not measured,0,,
EN01288,PT0125,CH036,PRG06,Project Delivery Fundamentals,Operations,Workforce Development,English,Virtual,TR09,Sarawak,2025-05-26,2025-07-21,2025-05-01,Sabah,Kota Kinabalu,35-44,Male,Student,Laptop/Desktop,Medium,Employer,Digital confidence,1.0,On track,Completed,1,46.5,76.9,30.4,4.0,9.0,Not measured,1,37.1,1.0
EN01289,PT0447,CH036,PRG06,Project Delivery Fundamentals,Operations,Workforce Development,English,Virtual,TR09,Sarawak,2025-05-26,2025-07-21,2025-05-01,Kuala Lumpur,North,25-34,Female,Job seeker,Mobile,High,Community partner,Career growth,1.0,On track,Completed,1,58.7,72.9,14.2,4.0,7.0,Not measured,0,,
EN01290,PT0720,CH036,PRG06,Project Delivery Fundamentals,Operations,Workforce Development,English,Virtual,TR09,Sarawak,2025-05-26,2025-07-21,2025-05-01,Penang,Seberang Perai,25-34,Male,Job seeker,Mobile,Medium,Community partner,Digital confidence,0.75,On track,Dropped,0,56.5,83.6,27.1,4.0,8.0,Not measured,1,51.9,0.0
EN01291,PT0639,CH036,PRG06,Project Delivery Fundamentals,Operations,Workforce Development,English,Virtual,TR09,Sarawak,2025-05-26,2025-07-21,2025-05-01,Selangor,Shah Alam,25-34,Female,Employed,Mobile,Medium,Community partner,Career growth,0.5,Watch,Completed,1,56.4,76.2,19.8,4.0,9.0,Not measured,0,,
EN01292,PT0439,CH036,PRG06,Project Delivery Fundamentals,Operations,Workforce Development,English,Virtual,TR09,Sarawak,2025-05-26,2025-07-21,2025-05-01,Sarawak,Miri,18-24,Female,Job seeker,Mobile,Medium,Organic,Digital confidence,0.75,On track,Completed,1,58.5,79.6,21.1,4.0,8.0,Not measured,0,,
EN01293,PT0683,CH036,PRG06,Project Delivery Fundamentals,Operations,Workforce Development,English,Virtual,TR09,Sarawak,2025-05-26,2025-07-21,2025-05-01,Sarawak,Kuching,35-44,Female,Employed,Mobile,Medium,Community partner,Career growth,0.75,On track,Completed,1,57.0,91.4,34.4,3.0,3.0,Not measured,1,10.3,1.0
EN01294,PT0438,CH036,PRG06,Project Delivery Fundamentals,Operations,Workforce Development,English,Virtual,TR09,Sarawak,2025-05-26,2025-07-21,2025-05-01,Sabah,Sandakan,25-34,Male,Job seeker,Laptop/Desktop,Medium,Employer,Career growth,1.0,On track,Completed,1,44.1,69.1,25.0,4.0,7.0,Not measured,0,,
EN01295,PT0528,CH036,PRG06,Project Delivery Fundamentals,Operations,Workforce Development,English,Virtual,TR09,Sarawak,2025-05-26,2025-07-21,2025-05-01,Penang,George Town,45+,Female,Job seeker,Mobile,Low,Referral,Job search,1.0,On track,Completed,1,73.0,88.7,15.7,3.0,6.0,Not measured,0,,
EN01296,PT0396,CH036,PRG06,Project Delivery Fundamentals,Operations,Workforce Development,English,Virtual,TR09,Sarawak,2025-05-26,2025-07-21,2025-05-01,Kuala Lumpur,North,18-24,Female,Employed,Laptop/Desktop,Medium,Organic,Digital confidence,0.625,Watch,Completed,1,59.1,83.0,23.9,4.0,6.0,Not measured,0,,
EN01297,PT0398,CH036,PRG06,Project Delivery Fundamentals,Operations,Workforce Development,English,Virtual,TR09,Sarawak,2025-05-26,2025-07-21,2025-05-01,Sarawak,Miri,45+,Male,Job seeker,Mobile,High,Organic,Job search,0.75,On track,Completed,1,81.3,95.8,14.5,4.0,8.0,Not measured,1,81.0,0.0
EN01298,PT0221,CH036,PRG06,Project Delivery Fundamentals,Operations,Workforce Development,English,Virtual,TR09,Sarawak,2025-05-26,2025-07-21,2025-05-01,Selangor,Petaling,35-44,Male,Job seeker,Laptop/Desktop,Medium,Organic,Career growth,1.0,On track,Completed,1,77.2,100.0,22.8,5.0,10.0,Not measured,0,,
EN01299,PT0449,CH036,PRG06,Project Delivery Fundamentals,Operations,Workforce Development,English,Virtual,TR09,Sarawak,2025-05-26,2025-07-21,2025-05-01,Penang,Seberang Perai,35-44,Male,Self-employed,Laptop/Desktop,High,Community partner,Career growth,0.75,On track,Completed,1,61.6,98.3,36.7,,,Not measured,1,18.7,1.0
EN01300,PT0657,CH036,PRG06,Project Delivery Fundamentals,Operations,Workforce Development,English,Virtual,TR09,Sarawak,2025-05-26,2025-07-21,2025-05-01,Sarawak,Miri,35-44,Male,Self-employed,Mobile,Medium,Employer,Job search,0.5,Watch,Dropped,0,31.9,50.7,18.8,4.0,8.0,Not measured,0,,
EN01301,PT0575,CH036,PRG06,Project Delivery Fundamentals,Operations,Workforce Development,English,Virtual,TR09,Sarawak,2025-05-26,2025-07-21,2025-05-01,Kuala Lumpur,South,35-44,Male,Employed,Laptop/Desktop,Medium,Community partner,Job search,1.0,On track,Completed,1,72.6,100.0,27.4,4.0,7.0,Not measured,0,,
EN01302,PT0163,CH036,PRG06,Project Delivery Fundamentals,Operations,Workforce Development,English,Virtual,TR09,Sarawak,2025-05-26,2025-07-21,2025-05-01,Sabah,Kota Kinabalu,25-34,Female,Job seeker,Mobile,Medium,Organic,Career growth,0.875,On track,Completed,1,59.0,88.7,29.7,5.0,10.0,Not measured,0,,
EN01303,PT0237,CH036,PRG06,Project Delivery Fundamentals,Operations,Workforce Development,English,Virtual,TR09,Sarawak,2025-05-26,2025-07-21,2025-05-01,Sarawak,Miri,45+,Male,Student,Mobile,Low,Community partner,Digital confidence,0.75,On track,Completed,1,45.3,57.0,11.7,,,Not measured,1,12.0,1.0
EN01304,PT0383,CH036,PRG06,Project Delivery Fundamentals,Operations,Workforce Development,English,Virtual,TR09,Sarawak,2025-05-26,2025-07-21,2025-05-01,Selangor,Shah Alam,18-24,Male,Employed,Mobile,Medium,Employer,Employer requirement,0.875,On track,Completed,1,67.7,100.0,32.3,,,Not measured,0,,
EN01305,PT0325,CH036,PRG06,Project Delivery Fundamentals,Operations,Workforce Development,English,Virtual,TR09,Sarawak,2025-05-26,2025-07-21,2025-05-01,Johor,Johor Bahru,25-34,Male,Job seeker,Mobile,High,Referral,Job search,1.0,On track,Completed,1,64.8,98.1,33.3,5.0,10.0,Not measured,0,,
EN01306,PT0062,CH036,PRG06,Project Delivery Fundamentals,Operations,Workforce Development,English,Virtual,TR09,Sarawak,2025-05-26,2025-07-21,2025-05-01,Selangor,Petaling,25-34,Female,Employed,Mobile,Medium,Organic,Career growth,0.875,On track,Completed,1,42.7,65.7,23.0,5.0,10.0,Not measured,1,14.2,1.0
EN01307,PT0227,CH036,PRG06,Project Delivery Fundamentals,Operations,Workforce Development,English,Virtual,TR09,Sarawak,2025-05-26,2025-07-21,2025-05-01,Selangor,Klang,45+,Male,Job seeker,Laptop/Desktop,Low,Community partner,Career growth,0.875,On track,Completed,1,37.9,64.6,26.7,5.0,8.0,Not measured,0,,
EN01308,PT0390,CH036,PRG06,Project Delivery Fundamentals,Operations,Workforce Development,English,Virtual,TR09,Sarawak,2025-05-26,2025-07-21,2025-05-01,Penang,George Town,25-34,Female,Employed,Laptop/Desktop,High,Community partner,Employer requirement,1.0,On track,Completed,1,73.2,97.1,23.9,4.0,7.0,Not measured,0,,
EN01309,PT0093,CH036,PRG06,Project Delivery Fundamentals,Operations,Workforce Development,English,Virtual,TR09,Sarawak,2025-05-26,2025-07-21,2025-05-01,Sarawak,Kuching,25-34,Female,Employed,Laptop/Desktop,Medium,Organic,Digital confidence,0.875,On track,Completed,1,71.9,100.0,28.1,4.0,8.0,Not measured,1,9.4,1.0
EN01310,PT0566,CH036,PRG06,Project Delivery Fundamentals,Operations,Workforce Development,English,Virtual,TR09,Sarawak,2025-05-26,2025-07-21,2025-05-01,Selangor,Petaling,35-44,Female,Self-employed,Laptop/Desktop,High,Organic,Employer requirement,1.0,On track,Completed,1,61.8,92.1,30.3,5.0,10.0,Not measured,1,16.3,1.0
EN01311,PT0732,CH036,PRG06,Project Delivery Fundamentals,Operations,Workforce Development,English,Virtual,TR09,Sarawak,2025-05-26,2025-07-21,2025-05-01,Penang,George Town,35-44,Female,Employed,Mobile,Medium,Community partner,Career growth,0.875,On track,Completed,1,46.2,71.1,24.9,4.0,6.0,Not measured,0,,
EN01312,PT0628,CH036,PRG06,Project Delivery Fundamentals,Operations,Workforce Development,English,Virtual,TR09,Sarawak,2025-05-26,2025-07-21,2025-05-01,Selangor,Klang,25-34,Male,Job seeker,Laptop/Desktop,Medium,Organic,Career growth,0.875,On track,Completed,1,61.8,82.7,20.9,3.0,4.0,Not measured,0,,
EN01313,PT0392,CH036,PRG06,Project Delivery Fundamentals,Operations,Workforce Development,English,Virtual,TR09,Sarawak,2025-05-26,2025-07-21,2025-05-01,Kuala Lumpur,Central,35-44,Male,Student,Mobile,Medium,Referral,Employer requirement,1.0,On track,Completed,1,37.4,63.2,25.8,,,Not measured,2,43.5,0.5
EN01314,PT0112,CH036,PRG06,Project Delivery Fundamentals,Operations,Workforce Development,English,Virtual,TR09,Sarawak,2025-05-26,2025-07-21,2025-05-01,Kuala Lumpur,Central,18-24,Female,Employed,Mobile,Medium,Community partner,Digital confidence,0.75,On track,Completed,1,51.1,68.6,17.5,,,Not measured,1,23.3,1.0
EN01315,PT0115,CH036,PRG06,Project Delivery Fundamentals,Operations,Workforce Development,English,Virtual,TR09,Sarawak,2025-05-26,2025-07-21,2025-05-01,Selangor,Petaling,35-44,Female,Job seeker,Mobile,Medium,Organic,Digital confidence,0.75,On track,Completed,1,67.1,89.5,22.4,5.0,9.0,Not measured,1,44.2,1.0
EN01316,PT0538,CH036,PRG06,Project Delivery Fundamentals,Operations,Workforce Development,English,Virtual,TR09,Sarawak,2025-05-26,2025-07-21,2025-05-01,Kuala Lumpur,North,45+,Female,Job seeker,Mobile,Medium,Organic,Digital confidence,1.0,On track,Completed,1,71.9,98.5,26.6,5.0,10.0,Not measured,0,,
EN01317,PT0174,CH036,PRG06,Project Delivery Fundamentals,Operations,Workforce Development,English,Virtual,TR09,Sarawak,2025-05-26,2025-07-21,2025-05-01,Penang,Seberang Perai,25-34,Female,Employed,Mobile,Medium,Organic,Digital confidence,0.75,On track,Completed,1,72.0,97.8,25.8,4.0,6.0,Not measured,0,,
EN01318,PT0099,CH036,PRG06,Project Delivery Fundamentals,Operations,Workforce Development,English,Virtual,TR09,Sarawak,2025-05-26,2025-07-21,2025-05-01,Sabah,Sandakan,25-34,Female,Self-employed,Mobile,Medium,Employer,Employer requirement,0.75,On track,Completed,1,45.6,53.4,7.8,3.0,2.0,Not measured,0,,
EN01319,PT0309,CH036,PRG06,Project Delivery Fundamentals,Operations,Workforce Development,English,Virtual,TR09,Sarawak,2025-05-26,2025-07-21,2025-05-01,Sarawak,Miri,35-44,Male,Job seeker,Mobile,High,Referral,Career growth,1.0,On track,Completed,1,63.0,95.2,32.2,5.0,9.0,Not measured,0,,
EN01320,PT0070,CH036,PRG06,Project Delivery Fundamentals,Operations,Workforce Development,English,Virtual,TR09,Sarawak,2025-05-26,2025-07-21,2025-05-01,Selangor,Petaling,25-34,Male,Employed,Laptop/Desktop,Medium,Organic,Career growth,0.75,On track,Completed,1,47.0,68.1,21.1,,,Not measured,0,,
EN01321,PT0158,CH036,PRG06,Project Delivery Fundamentals,Operations,Workforce Development,English,Virtual,TR09,Sarawak,2025-05-26,2025-07-21,2025-05-01,Penang,George Town,18-24,Male,Employed,Mobile,Low,Community partner,Job search,0.125,High risk,Dropped,0,49.1,58.0,8.9,2.0,1.0,Not measured,0,,
EN01322,PT0318,CH037,PRG01,Data Foundations,Data & Digital,Career Transition,English,In-person,TR04,Kuala Lumpur,2025-06-30,2025-08-25,2025-06-01,Sabah,Sandakan,18-24,Female,Job seeker,Laptop/Desktop,Medium,Referral,Digital confidence,0.875,On track,Completed,1,64.8,82.5,17.7,4.0,7.0,No change reported,0,,
EN01323,PT0340,CH037,PRG01,Data Foundations,Data & Digital,Career Transition,English,In-person,TR04,Kuala Lumpur,2025-06-30,2025-08-25,2025-06-01,Johor,Muar,25-34,Non-binary / Prefer not to say,Employed,Mobile,Medium,Organic,Digital confidence,0.5,Watch,Completed,1,61.4,81.4,20.0,,,New role,1,15.1,1.0
EN01324,PT0065,CH037,PRG01,Data Foundations,Data & Digital,Career Transition,English,In-person,TR04,Kuala Lumpur,2025-06-30,2025-08-25,2025-06-01,Penang,Seberang Perai,18-24,Female,Student,Laptop/Desktop,High,Organic,Job search,1.0,On track,Completed,1,74.7,100.0,25.3,,,New role,0,,
EN01325,PT0001,CH037,PRG01,Data Foundations,Data & Digital,Career Transition,English,In-person,TR04,Kuala Lumpur,2025-06-30,2025-08-25,2025-06-01,Kuala Lumpur,North,35-44,Non-binary / Prefer not to say,Job seeker,Laptop/Desktop,Low,Employer,Career growth,0.75,On track,Dropped,0,50.9,82.3,31.4,4.0,6.0,Not measured,0,,
EN01326,PT0357,CH037,PRG01,Data Foundations,Data & Digital,Career Transition,English,In-person,TR04,Kuala Lumpur,2025-06-30,2025-08-25,2025-06-01,Selangor,Shah Alam,45+,Female,Student,Mobile,High,Employer,Job search,1.0,On track,Completed,1,24.9,59.1,34.2,5.0,9.0,No change reported,2,34.9,1.0
EN01327,PT0114,CH037,PRG01,Data Foundations,Data & Digital,Career Transition,English,In-person,TR04,Kuala Lumpur,2025-06-30,2025-08-25,2025-06-01,Sarawak,Kuching,18-24,Female,Self-employed,Mobile,Low,Organic,Digital confidence,0.625,Watch,Dropped,0,59.3,83.6,24.3,4.0,8.0,Not measured,1,25.0,0.0
EN01328,PT0508,CH037,PRG01,Data Foundations,Data & Digital,Career Transition,English,In-person,TR04,Kuala Lumpur,2025-06-30,2025-08-25,2025-06-01,Selangor,Shah Alam,35-44,Female,Employed,Mobile,Low,Employer,Job search,0.625,Watch,Dropped,0,36.4,58.6,22.2,5.0,10.0,Not measured,0,,
EN01329,PT0747,CH037,PRG01,Data Foundations,Data & Digital,Career Transition,English,In-person,TR04,Kuala Lumpur,2025-06-30,2025-08-25,2025-06-01,Sabah,Sandakan,18-24,Male,Employed,Laptop/Desktop,High,Organic,Job search,0.875,On track,Completed,1,63.3,81.1,17.8,5.0,9.0,New role,0,,
EN01330,PT0090,CH037,PRG01,Data Foundations,Data & Digital,Career Transition,English,In-person,TR04,Kuala Lumpur,2025-06-30,2025-08-25,2025-06-01,Penang,Seberang Perai,25-34,Male,Job seeker,Laptop/Desktop,Medium,Employer,Career growth,0.875,On track,Completed,1,21.8,63.9,42.1,4.0,7.0,No change reported,0,,
EN01331,PT0688,CH037,PRG01,Data Foundations,Data & Digital,Career Transition,English,In-person,TR04,Kuala Lumpur,2025-06-30,2025-08-25,2025-06-01,Penang,George Town,25-34,Male,Self-employed,Mobile,Medium,Employer,Career growth,1.0,On track,Completed,1,73.6,97.6,24.0,4.0,8.0,No change reported,0,,
EN01332,PT0622,CH037,PRG01,Data Foundations,Data & Digital,Career Transition,English,In-person,TR04,Kuala Lumpur,2025-06-30,2025-08-25,2025-06-01,Kuala Lumpur,South,25-34,Male,Self-employed,Laptop/Desktop,Medium,Community partner,Digital confidence,0.875,On track,Completed,1,54.0,74.8,20.8,4.0,7.0,No change reported,0,,
EN01333,PT0368,CH037,PRG01,Data Foundations,Data & Digital,Career Transition,English,In-person,TR04,Kuala Lumpur,2025-06-30,2025-08-25,2025-06-01,Sarawak,Kuching,25-34,Female,Job seeker,Shared device,Medium,Organic,Career growth,0.625,Watch,Completed,1,66.7,85.6,18.9,3.0,5.0,New role,1,35.6,0.0
EN01334,PT0113,CH037,PRG01,Data Foundations,Data & Digital,Career Transition,English,In-person,TR04,Kuala Lumpur,2025-06-30,2025-08-25,2025-06-01,Johor,Johor Bahru,35-44,Female,Job seeker,Mobile,High,Organic,Digital confidence,1.0,On track,Completed,1,71.3,100.0,28.7,5.0,10.0,Interview secured,0,,
EN01335,PT0278,CH037,PRG01,Data Foundations,Data & Digital,Career Transition,English,In-person,TR04,Kuala Lumpur,2025-06-30,2025-08-25,2025-06-01,Selangor,Petaling,25-34,Male,Employed,Laptop/Desktop,Medium,Community partner,Job search,1.0,On track,Completed,1,56.4,77.6,21.2,4.0,9.0,New role,0,,
EN01336,PT0356,CH037,PRG01,Data Foundations,Data & Digital,Career Transition,English,In-person,TR04,Kuala Lumpur,2025-06-30,2025-08-25,2025-06-01,Sarawak,Miri,25-34,Male,Employed,Mobile,Medium,Organic,Digital confidence,1.0,On track,Completed,1,40.0,50.1,10.1,4.0,8.0,New role,0,,
EN01337,PT0112,CH037,PRG01,Data Foundations,Data & Digital,Career Transition,English,In-person,TR04,Kuala Lumpur,2025-06-30,2025-08-25,2025-06-01,Kuala Lumpur,Central,18-24,Female,Employed,Mobile,Medium,Community partner,Digital confidence,1.0,On track,Completed,1,63.2,94.7,31.5,5.0,10.0,No change reported,0,,
EN01338,PT0606,CH037,PRG01,Data Foundations,Data & Digital,Career Transition,English,In-person,TR04,Kuala Lumpur,2025-06-30,2025-08-25,2025-06-01,Kuala Lumpur,Central,35-44,Male,Job seeker,Mobile,Medium,Community partner,Job search,0.875,On track,Completed,1,43.8,68.1,24.3,4.0,10.0,Interview secured,0,,
EN01339,PT0393,CH037,PRG01,Data Foundations,Data & Digital,Career Transition,English,In-person,TR04,Kuala Lumpur,2025-06-30,2025-08-25,2025-06-01,Sabah,Kota Kinabalu,25-34,Male,Employed,Laptop/Desktop,Medium,Organic,Digital confidence,0.875,On track,Completed,1,46.4,76.7,30.3,,,New role,0,,
EN01340,PT0568,CH037,PRG01,Data Foundations,Data & Digital,Career Transition,English,In-person,TR04,Kuala Lumpur,2025-06-30,2025-08-25,2025-06-01,Johor,Johor Bahru,25-34,Female,Employed,Laptop/Desktop,Low,Organic,Job search,0.5,Watch,Completed,1,43.6,63.1,19.5,4.0,7.0,Interview secured,1,19.5,1.0
EN01341,PT0550,CH037,PRG01,Data Foundations,Data & Digital,Career Transition,English,In-person,TR04,Kuala Lumpur,2025-06-30,2025-08-25,2025-06-01,Selangor,Petaling,25-34,Female,Job seeker,Mobile,High,Community partner,Career growth,1.0,On track,Completed,1,43.8,67.5,23.7,5.0,9.0,Interview secured,0,,
EN01342,PT0241,CH037,PRG01,Data Foundations,Data & Digital,Career Transition,English,In-person,TR04,Kuala Lumpur,2025-06-30,2025-08-25,2025-06-01,Johor,Muar,45+,Non-binary / Prefer not to say,Employed,Mobile,Medium,Community partner,Job search,1.0,On track,Completed,1,54.4,84.2,29.8,,,No change reported,1,24.3,0.0
EN01343,PT0149,CH037,PRG01,Data Foundations,Data & Digital,Career Transition,English,In-person,TR04,Kuala Lumpur,2025-06-30,2025-08-25,2025-06-01,Selangor,Klang,35-44,Male,Student,Mobile,Medium,Organic,Career growth,0.875,On track,Completed,1,45.3,64.6,19.3,5.0,9.0,New role,0,,
EN01344,PT0656,CH037,PRG01,Data Foundations,Data & Digital,Career Transition,English,In-person,TR04,Kuala Lumpur,2025-06-30,2025-08-25,2025-06-01,Sabah,Kota Kinabalu,25-34,Female,Self-employed,Mobile,Medium,Community partner,Career growth,0.875,On track,Completed,1,41.5,65.6,24.1,4.0,9.0,Interview secured,1,52.7,0.0
EN01345,PT0698,CH037,PRG01,Data Foundations,Data & Digital,Career Transition,English,In-person,TR04,Kuala Lumpur,2025-06-30,2025-08-25,2025-06-01,Selangor,Klang,35-44,Female,Self-employed,Mobile,Medium,Community partner,Career growth,1.0,On track,Completed,1,56.8,93.7,36.9,4.0,7.0,New role,0,,
EN01346,PT0315,CH037,PRG01,Data Foundations,Data & Digital,Career Transition,English,In-person,TR04,Kuala Lumpur,2025-06-30,2025-08-25,2025-06-01,Penang,George Town,25-34,Female,Job seeker,Laptop/Desktop,Low,Community partner,Employer requirement,0.75,On track,Dropped,0,46.2,59.0,12.8,4.0,7.0,Not measured,2,14.2,1.0
EN01347,PT0323,CH037,PRG01,Data Foundations,Data & Digital,Career Transition,English,In-person,TR04,Kuala Lumpur,2025-06-30,2025-08-25,2025-06-01,Sarawak,Kuching,18-24,Male,Employed,Shared device,Medium,Referral,Employer requirement,0.875,On track,In progress / incomplete,0,44.9,77.1,32.2,5.0,10.0,Not measured,0,,
EN01348,PT0331,CH037,PRG01,Data Foundations,Data & Digital,Career Transition,English,In-person,TR04,Kuala Lumpur,2025-06-30,2025-08-25,2025-06-01,Penang,George Town,25-34,Male,Student,Mobile,High,Organic,Career growth,1.0,On track,Completed,1,49.9,71.8,21.9,4.0,6.0,Interview secured,0,,
EN01349,PT0272,CH037,PRG01,Data Foundations,Data & Digital,Career Transition,English,In-person,TR04,Kuala Lumpur,2025-06-30,2025-08-25,2025-06-01,Sarawak,Kuching,35-44,Male,Employed,Laptop/Desktop,High,Employer,Job search,1.0,On track,Completed,1,65.5,93.4,27.9,4.0,5.0,No change reported,0,,
EN01350,PT0068,CH038,PRG02,Business Analytics Essentials,Data & Digital,Career Transition,English,Hybrid,TR07,Selangor,2025-06-23,2025-09-01,2025-06-01,Sarawak,Kuching,18-24,Male,Employed,Mobile,Medium,Community partner,Career growth,0.5,Watch,Completed,1,57.5,68.3,10.8,4.0,8.0,New role,0,,
EN01351,PT0027,CH038,PRG02,Business Analytics Essentials,Data & Digital,Career Transition,English,Hybrid,TR07,Selangor,2025-06-23,2025-09-01,2025-06-01,Sarawak,Kuching,18-24,Male,Employed,Mobile,Medium,Community partner,Job search,0.7,Watch,Completed,1,39.3,65.4,26.1,5.0,10.0,No change reported,0,,
EN01352,PT0686,CH038,PRG02,Business Analytics Essentials,Data & Digital,Career Transition,English,Hybrid,TR07,Selangor,2025-06-23,2025-09-01,2025-06-01,Johor,Muar,45+,Female,Job seeker,Shared device,Medium,Community partner,Digital confidence,0.7,Watch,In progress / incomplete,0,48.8,78.2,29.4,2.0,3.0,Not measured,1,26.4,1.0
EN01353,PT0365,CH038,PRG02,Business Analytics Essentials,Data & Digital,Career Transition,English,Hybrid,TR07,Selangor,2025-06-23,2025-09-01,2025-06-01,Johor,Johor Bahru,25-34,Male,Self-employed,Mobile,Low,Employer,Employer requirement,0.6,Watch,In progress / incomplete,0,51.5,75.6,24.1,5.0,10.0,Not measured,1,17.3,0.0
EN01354,PT0368,CH038,PRG02,Business Analytics Essentials,Data & Digital,Career Transition,English,Hybrid,TR07,Selangor,2025-06-23,2025-09-01,2025-06-01,Sarawak,Kuching,25-34,Female,Job seeker,Shared device,Medium,Referral,Employer requirement,0.9,On track,Completed,1,35.8,68.0,32.2,4.0,9.0,New role,0,,
EN01355,PT0437,CH038,PRG02,Business Analytics Essentials,Data & Digital,Career Transition,English,Hybrid,TR07,Selangor,2025-06-23,2025-09-01,2025-06-01,Selangor,Petaling,35-44,Female,Employed,Mobile,Medium,Community partner,Digital confidence,0.8,On track,Completed,1,60.9,77.4,16.5,5.0,9.0,New role,0,,
EN01356,PT0568,CH038,PRG02,Business Analytics Essentials,Data & Digital,Career Transition,English,Hybrid,TR07,Selangor,2025-06-23,2025-09-01,2025-06-01,Johor,Johor Bahru,25-34,Female,Employed,Laptop/Desktop,Low,Employer,Job search,0.9,On track,Completed,1,41.5,64.2,22.7,3.0,5.0,No change reported,1,24.4,1.0
EN01357,PT0079,CH038,PRG02,Business Analytics Essentials,Data & Digital,Career Transition,English,Hybrid,TR07,Selangor,2025-06-23,2025-09-01,2025-06-01,Selangor,Petaling,25-34,Male,Self-employed,Laptop/Desktop,Medium,Organic,Job search,1.0,On track,Completed,1,59.3,94.2,34.9,,,No change reported,1,19.0,1.0
EN01358,PT0023,CH038,PRG02,Business Analytics Essentials,Data & Digital,Career Transition,English,Hybrid,TR07,Selangor,2025-06-23,2025-09-01,2025-06-01,Sabah,Kota Kinabalu,35-44,Female,Employed,Laptop/Desktop,High,Community partner,Employer requirement,0.9,On track,Completed,1,68.0,100.0,32.0,,,Interview secured,1,22.7,1.0
EN01359,PT0196,CH038,PRG02,Business Analytics Essentials,Data & Digital,Career Transition,English,Hybrid,TR07,Selangor,2025-06-23,2025-09-01,2025-06-01,Selangor,Klang,25-34,Male,Job seeker,Laptop/Desktop,High,Organic,Digital confidence,1.0,On track,Completed,1,35.8,62.6,26.8,5.0,8.0,No change reported,0,,
EN01360,PT0669,CH038,PRG02,Business Analytics Essentials,Data & Digital,Career Transition,English,Hybrid,TR07,Selangor,2025-06-23,2025-09-01,2025-06-01,Johor,Johor Bahru,45+,Female,Self-employed,Mobile,Low,Community partner,Career growth,0.8,On track,Completed,1,73.9,98.8,24.9,4.0,9.0,Interview secured,0,,
EN01361,PT0653,CH038,PRG02,Business Analytics Essentials,Data & Digital,Career Transition,English,Hybrid,TR07,Selangor,2025-06-23,2025-09-01,2025-06-01,Johor,Johor Bahru,35-44,Female,Student,Laptop/Desktop,Medium,Employer,Career growth,0.9,On track,Completed,1,76.8,95.5,18.7,4.0,7.0,No change reported,0,,
EN01362,PT0478,CH038,PRG02,Business Analytics Essentials,Data & Digital,Career Transition,English,Hybrid,TR07,Selangor,2025-06-23,2025-09-01,2025-06-01,Kuala Lumpur,North,18-24,Female,Employed,Laptop/Desktop,Medium,Community partner,Career growth,0.6,Watch,Dropped,0,40.1,56.6,16.5,4.0,6.0,Not measured,0,,
EN01363,PT0346,CH038,PRG02,Business Analytics Essentials,Data & Digital,Career Transition,English,Hybrid,TR07,Selangor,2025-06-23,2025-09-01,2025-06-01,Johor,Muar,18-24,Male,Self-employed,Laptop/Desktop,High,Referral,Career growth,1.0,On track,Completed,1,63.7,87.5,23.8,4.0,7.0,New role,0,,
EN01364,PT0261,CH038,PRG02,Business Analytics Essentials,Data & Digital,Career Transition,English,Hybrid,TR07,Selangor,2025-06-23,2025-09-01,2025-06-01,Selangor,Petaling,45+,Female,Student,Mobile,Low,Organic,Digital confidence,0.6,Watch,Completed,1,43.6,66.8,23.2,3.0,4.0,Interview secured,1,14.8,1.0
EN01365,PT0307,CH038,PRG02,Business Analytics Essentials,Data & Digital,Career Transition,English,Hybrid,TR07,Selangor,2025-06-23,2025-09-01,2025-06-01,Selangor,Shah Alam,25-34,Male,Employed,Mobile,Medium,Referral,Job search,0.8,On track,Completed,1,50.9,72.5,21.6,3.0,3.0,Interview secured,1,24.8,0.0
EN01366,PT0348,CH038,PRG02,Business Analytics Essentials,Data & Digital,Career Transition,English,Hybrid,TR07,Selangor,2025-06-23,2025-09-01,2025-06-01,Penang,Seberang Perai,35-44,Male,Employed,Mobile,Medium,Employer,Career growth,0.6,Watch,In progress / incomplete,0,80.4,98.8,18.4,3.0,8.0,Not measured,1,39.8,1.0
EN01367,PT0240,CH038,PRG02,Business Analytics Essentials,Data & Digital,Career Transition,English,Hybrid,TR07,Selangor,2025-06-23,2025-09-01,2025-06-01,Penang,Seberang Perai,25-34,Male,Employed,Laptop/Desktop,High,Community partner,Job search,0.8,On track,Completed,1,65.9,92.2,26.3,4.0,6.0,No change reported,1,120.0,0.0
EN01368,PT0391,CH038,PRG02,Business Analytics Essentials,Data & Digital,Career Transition,English,Hybrid,TR07,Selangor,2025-06-23,2025-09-01,2025-06-01,Kuala Lumpur,South,18-24,Female,Job seeker,Laptop/Desktop,Low,Referral,Career growth,0.7,Watch,Completed,1,59.7,92.4,32.7,4.0,7.0,No change reported,0,,
EN01369,PT0033,CH038,PRG02,Business Analytics Essentials,Data & Digital,Career Transition,English,Hybrid,TR07,Selangor,2025-06-23,2025-09-01,2025-06-01,Sarawak,Kuching,18-24,Female,Student,Mobile,Medium,Community partner,Career growth,0.6,Watch,Completed,1,37.8,54.4,16.6,4.0,8.0,No change reported,0,,
EN01370,PT0113,CH038,PRG02,Business Analytics Essentials,Data & Digital,Career Transition,English,Hybrid,TR07,Selangor,2025-06-23,2025-09-01,2025-06-01,Johor,Johor Bahru,35-44,Female,Job seeker,Mobile,High,Employer,Career growth,1.0,On track,Completed,1,59.8,80.1,20.3,,,No change reported,0,,
EN01371,PT0595,CH038,PRG02,Business Analytics Essentials,Data & Digital,Career Transition,English,Hybrid,TR07,Selangor,2025-06-23,2025-09-01,2025-06-01,Penang,Seberang Perai,35-44,Male,Employed,Laptop/Desktop,High,Referral,Career growth,1.0,On track,Completed,1,76.1,100.0,23.9,5.0,9.0,No change reported,1,24.4,0.0
EN01372,PT0134,CH038,PRG02,Business Analytics Essentials,Data & Digital,Career Transition,English,Hybrid,TR07,Selangor,2025-06-23,2025-09-01,2025-06-01,Kuala Lumpur,North,25-34,Male,Self-employed,Laptop/Desktop,Low,Employer,Employer requirement,1.0,On track,Completed,1,63.5,86.3,22.8,4.0,9.0,No change reported,0,,
EN01373,PT0219,CH038,PRG02,Business Analytics Essentials,Data & Digital,Career Transition,English,Hybrid,TR07,Selangor,2025-06-23,2025-09-01,2025-06-01,Selangor,Shah Alam,35-44,Female,Student,Laptop/Desktop,Low,Referral,Career growth,1.0,On track,Completed,1,51.9,80.6,28.7,,,No change reported,0,,
EN01374,PT0217,CH038,PRG02,Business Analytics Essentials,Data & Digital,Career Transition,English,Hybrid,TR07,Selangor,2025-06-23,2025-09-01,2025-06-01,Selangor,Petaling,35-44,Female,Job seeker,Laptop/Desktop,Medium,Community partner,Digital confidence,0.8,On track,Completed,1,37.9,58.8,20.9,,,No change reported,0,,
EN01375,PT0601,CH038,PRG02,Business Analytics Essentials,Data & Digital,Career Transition,English,Hybrid,TR07,Selangor,2025-06-23,2025-09-01,2025-06-01,Sarawak,Kuching,25-34,Female,Employed,Shared device,Medium,Organic,Career growth,0.9,On track,Completed,1,39.7,61.4,21.7,,,Interview secured,1,15.7,1.0
EN01376,PT0043,CH038,PRG02,Business Analytics Essentials,Data & Digital,Career Transition,English,Hybrid,TR07,Selangor,2025-06-23,2025-09-01,2025-06-01,Selangor,Petaling,18-24,Female,Employed,Mobile,High,Employer,Job search,0.9,On track,Completed,1,29.8,49.9,20.1,4.0,7.0,Interview secured,1,10.7,1.0
EN01377,PT0401,CH038,PRG02,Business Analytics Essentials,Data & Digital,Career Transition,English,Hybrid,TR07,Selangor,2025-06-23,2025-09-01,2025-06-01,Kuala Lumpur,South,35-44,Female,Job seeker,Mobile,Low,Community partner,Digital confidence,0.8,On track,Completed,1,64.3,94.8,30.5,,,No change reported,2,30.2,0.5
EN01378,PT0341,CH038,PRG02,Business Analytics Essentials,Data & Digital,Career Transition,English,Hybrid,TR07,Selangor,2025-06-23,2025-09-01,2025-06-01,Selangor,Shah Alam,45+,Male,Employed,Mobile,Low,Community partner,Digital confidence,0.8,On track,Completed,1,58.8,74.9,16.1,4.0,9.0,Interview secured,0,,
EN01379,PT0433,CH038,PRG02,Business Analytics Essentials,Data & Digital,Career Transition,English,Hybrid,TR07,Selangor,2025-06-23,2025-09-01,2025-06-01,Selangor,Petaling,25-34,Male,Employed,Laptop/Desktop,Medium,Employer,Employer requirement,0.9,On track,Completed,1,31.3,63.3,32.0,,,New role,1,22.8,1.0
EN01380,PT0266,CH038,PRG02,Business Analytics Essentials,Data & Digital,Career Transition,English,Hybrid,TR07,Selangor,2025-06-23,2025-09-01,2025-06-01,Kuala Lumpur,South,18-24,Male,Student,Mobile,Medium,Community partner,Career growth,0.7,Watch,Dropped,0,75.8,94.4,18.6,5.0,9.0,Not measured,0,,
EN01381,PT0045,CH038,PRG02,Business Analytics Essentials,Data & Digital,Career Transition,English,Hybrid,TR07,Selangor,2025-06-23,2025-09-01,2025-06-01,Selangor,Shah Alam,25-34,Male,Job seeker,Mobile,Medium,Community partner,Job search,1.0,On track,Completed,1,66.9,85.9,19.0,5.0,10.0,No change reported,1,6.3,1.0
EN01382,PT0173,CH038,PRG02,Business Analytics Essentials,Data & Digital,Career Transition,English,Hybrid,TR07,Selangor,2025-06-23,2025-09-01,2025-06-01,Sabah,Kota Kinabalu,35-44,Male,Job seeker,Mobile,Medium,Referral,Job search,0.9,On track,Completed,1,48.8,66.3,17.5,5.0,10.0,New role,0,,
EN01383,PT0612,CH038,PRG02,Business Analytics Essentials,Data & Digital,Career Transition,English,Hybrid,TR07,Selangor,2025-06-23,2025-09-01,2025-06-01,Kuala Lumpur,Central,18-24,Male,Employed,Laptop/Desktop,Low,Organic,Job search,0.5,Watch,Completed,1,47.5,76.7,29.2,4.0,5.0,No change reported,1,13.9,1.0
EN01384,PT0105,CH038,PRG02,Business Analytics Essentials,Data & Digital,Career Transition,English,Hybrid,TR07,Selangor,2025-06-23,2025-09-01,2025-06-01,Sabah,Kota Kinabalu,25-34,Male,Self-employed,Mobile,High,Community partner,Employer requirement,0.8,On track,Completed,1,69.4,100.0,30.6,4.0,8.0,No change reported,0,,
EN01385,PT0294,CH038,PRG02,Business Analytics Essentials,Data & Digital,Career Transition,English,Hybrid,TR07,Selangor,2025-06-23,2025-09-01,2025-06-01,Sarawak,Kuching,25-34,Female,Self-employed,Laptop/Desktop,Low,Employer,Job search,1.0,On track,Completed,1,47.0,73.9,26.9,5.0,9.0,New role,0,,
EN01386,PT0552,CH038,PRG02,Business Analytics Essentials,Data & Digital,Career Transition,English,Hybrid,TR07,Selangor,2025-06-23,2025-09-01,2025-06-01,Johor,Muar,25-34,Male,Employed,Laptop/Desktop,Low,Community partner,Digital confidence,0.8,On track,Completed,1,29.1,64.6,35.5,,,Interview secured,0,,
EN01387,PT0778,CH039,PRG03,Digital Workplace Skills,Employability,Community Upskilling,Malay,Hybrid,TR07,Penang,2025-06-23,2025-08-04,2025-06-01,Selangor,Petaling,45+,Male,Employed,Laptop/Desktop,Low,Employer,Job search,0.6667,Watch,Completed,1,26.5,58.0,31.5,3.0,5.0,Not measured,1,15.4,1.0
EN01388,PT0763,CH039,PRG03,Digital Workplace Skills,Employability,Community Upskilling,Malay,Hybrid,TR07,Penang,2025-06-23,2025-08-04,2025-06-01,Selangor,Petaling,35-44,Male,Employed,Laptop/Desktop,Medium,Community partner,Career growth,0.8333,On track,Completed,1,46.5,68.8,22.3,4.0,6.0,Not measured,1,6.9,1.0
EN01389,PT0296,CH039,PRG03,Digital Workplace Skills,Employability,Community Upskilling,Malay,Hybrid,TR07,Penang,2025-06-23,2025-08-04,2025-06-01,Kuala Lumpur,Central,25-34,Male,Employed,Laptop/Desktop,Medium,Employer,Job search,1.0,On track,Completed,1,53.9,76.6,22.7,4.0,7.0,Not measured,1,7.9,1.0
EN01390,PT0116,CH039,PRG03,Digital Workplace Skills,Employability,Community Upskilling,Malay,Hybrid,TR07,Penang,2025-06-23,2025-08-04,2025-06-01,Kuala Lumpur,North,25-34,Male,Employed,Shared device,Medium,Employer,Employer requirement,0.5,Watch,Dropped,0,60.6,82.7,22.1,3.0,3.0,Not measured,1,20.5,1.0
EN01391,PT0418,CH039,PRG03,Digital Workplace Skills,Employability,Community Upskilling,Malay,Hybrid,TR07,Penang,2025-06-23,2025-08-04,2025-06-01,Selangor,Shah Alam,18-24,Female,Employed,Shared device,Medium,Organic,Job search,0.6667,Watch,Completed,1,54.7,77.2,22.5,,,Not measured,1,10.6,1.0
EN01392,PT0075,CH039,PRG03,Digital Workplace Skills,Employability,Community Upskilling,Malay,Hybrid,TR07,Penang,2025-06-23,2025-08-04,2025-06-01,Selangor,Klang,35-44,Male,Self-employed,Laptop/Desktop,Medium,Employer,Employer requirement,1.0,On track,Completed,1,33.7,65.7,32.0,4.0,9.0,Not measured,0,,
EN01393,PT0752,CH039,PRG03,Digital Workplace Skills,Employability,Community Upskilling,Malay,Hybrid,TR07,Penang,2025-06-23,2025-08-04,2025-06-01,Selangor,Klang,25-34,Male,Job seeker,Mobile,Medium,Organic,Digital confidence,0.8333,On track,Completed,1,45.5,70.0,24.5,,,Not measured,1,9.1,1.0
EN01394,PT0643,CH039,PRG03,Digital Workplace Skills,Employability,Community Upskilling,Malay,Hybrid,TR07,Penang,2025-06-23,2025-08-04,2025-06-01,Penang,George Town,25-34,Female,Employed,Laptop/Desktop,Medium,Employer,Digital confidence,1.0,On track,Completed,1,32.9,54.2,21.3,,,Not measured,3,27.1,0.6667
EN01395,PT0064,CH039,PRG03,Digital Workplace Skills,Employability,Community Upskilling,Malay,Hybrid,TR07,Penang,2025-06-23,2025-08-04,2025-06-01,Selangor,Petaling,25-34,Female,Job seeker,Mobile,High,Referral,Career growth,1.0,On track,Completed,1,48.8,68.6,19.8,,,Not measured,0,,
EN01396,PT0606,CH039,PRG03,Digital Workplace Skills,Employability,Community Upskilling,Malay,Hybrid,TR07,Penang,2025-06-23,2025-08-04,2025-06-01,Kuala Lumpur,Central,35-44,Male,Job seeker,Mobile,Medium,Employer,Job search,0.8333,On track,Completed,1,59.8,71.0,11.2,4.0,8.0,Not measured,1,30.4,0.0
EN01397,PT0584,CH039,PRG03,Digital Workplace Skills,Employability,Community Upskilling,Malay,Hybrid,TR07,Penang,2025-06-23,2025-08-04,2025-06-01,Penang,Seberang Perai,35-44,Male,Job seeker,Laptop/Desktop,High,Community partner,Career growth,1.0,On track,Completed,1,39.7,74.9,35.2,4.0,4.0,Not measured,0,,
EN01398,PT0292,CH039,PRG03,Digital Workplace Skills,Employability,Community Upskilling,Malay,Hybrid,TR07,Penang,2025-06-23,2025-08-04,2025-06-01,Sarawak,Kuching,35-44,Female,Employed,Mobile,High,Employer,Digital confidence,0.8333,On track,Completed,1,54.4,79.0,24.6,4.0,6.0,Not measured,0,,
EN01399,PT0180,CH039,PRG03,Digital Workplace Skills,Employability,Community Upskilling,Malay,Hybrid,TR07,Penang,2025-06-23,2025-08-04,2025-06-01,Kuala Lumpur,North,35-44,Female,Employed,Laptop/Desktop,Medium,Organic,Job search,1.0,On track,Completed,1,81.8,100.0,18.2,5.0,9.0,Not measured,1,22.0,1.0
EN01400,PT0609,CH039,PRG03,Digital Workplace Skills,Employability,Community Upskilling,Malay,Hybrid,TR07,Penang,2025-06-23,2025-08-04,2025-06-01,Johor,Johor Bahru,25-34,Male,Student,Laptop/Desktop,High,Community partner,Career growth,0.8333,On track,Dropped,0,43.5,65.6,22.1,4.0,9.0,Not measured,0,,
EN01401,PT0485,CH039,PRG03,Digital Workplace Skills,Employability,Community Upskilling,Malay,Hybrid,TR07,Penang,2025-06-23,2025-08-04,2025-06-01,Kuala Lumpur,North,35-44,Female,Employed,Mobile,Medium,Community partner,Job search,0.6667,Watch,Completed,1,30.8,43.5,12.7,3.0,7.0,Not measured,1,7.3,1.0
EN01402,PT0652,CH039,PRG03,Digital Workplace Skills,Employability,Community Upskilling,Malay,Hybrid,TR07,Penang,2025-06-23,2025-08-04,2025-06-01,Penang,Seberang Perai,25-34,Male,Job seeker,Mobile,High,Employer,Career growth,1.0,On track,Completed,1,61.6,89.7,28.1,,,Not measured,1,25.4,1.0
EN01403,PT0302,CH039,PRG03,Digital Workplace Skills,Employability,Community Upskilling,Malay,Hybrid,TR07,Penang,2025-06-23,2025-08-04,2025-06-01,Johor,Muar,25-34,Male,Self-employed,Laptop/Desktop,High,Community partner,Job search,1.0,On track,Completed,1,77.8,95.2,17.4,5.0,10.0,Not measured,1,35.1,1.0
EN01404,PT0063,CH039,PRG03,Digital Workplace Skills,Employability,Community Upskilling,Malay,Hybrid,TR07,Penang,2025-06-23,2025-08-04,2025-06-01,Kuala Lumpur,North,25-34,Female,Employed,Laptop/Desktop,Low,Employer,Employer requirement,0.8333,On track,Dropped,0,36.7,64.4,27.7,,,Not measured,1,19.7,1.0
EN01405,PT0030,CH039,PRG03,Digital Workplace Skills,Employability,Community Upskilling,Malay,Hybrid,TR07,Penang,2025-06-23,2025-08-04,2025-06-01,Johor,Johor Bahru,25-34,Female,Job seeker,Laptop/Desktop,Medium,Organic,Career growth,0.8333,On track,In progress / incomplete,0,74.1,100.0,25.9,5.0,10.0,Not measured,0,,
EN01406,PT0309,CH039,PRG03,Digital Workplace Skills,Employability,Community Upskilling,Malay,Hybrid,TR07,Penang,2025-06-23,2025-08-04,2025-06-01,Sarawak,Miri,35-44,Male,Job seeker,Mobile,High,Organic,Employer requirement,1.0,On track,Completed,1,63.9,87.1,23.2,5.0,10.0,Not measured,0,,
EN01407,PT0532,CH039,PRG03,Digital Workplace Skills,Employability,Community Upskilling,Malay,Hybrid,TR07,Penang,2025-06-23,2025-08-04,2025-06-01,Penang,George Town,25-34,Male,Student,Laptop/Desktop,Low,Community partner,Career growth,1.0,On track,Completed,1,36.0,53.1,17.1,5.0,10.0,Not measured,2,21.4,1.0
EN01408,PT0749,CH039,PRG03,Digital Workplace Skills,Employability,Community Upskilling,Malay,Hybrid,TR07,Penang,2025-06-23,2025-08-04,2025-06-01,Selangor,Klang,35-44,Male,Employed,Mobile,Medium,Employer,Digital confidence,1.0,On track,Completed,1,68.2,97.2,29.0,4.0,7.0,Not measured,0,,
EN01409,PT0036,CH039,PRG03,Digital Workplace Skills,Employability,Community Upskilling,Malay,Hybrid,TR07,Penang,2025-06-23,2025-08-04,2025-06-01,Kuala Lumpur,North,35-44,Female,Job seeker,Laptop/Desktop,Low,Community partner,Employer requirement,1.0,On track,Completed,1,49.5,74.4,24.9,,,Not measured,0,,
EN01410,PT0119,CH039,PRG03,Digital Workplace Skills,Employability,Community Upskilling,Malay,Hybrid,TR07,Penang,2025-06-23,2025-08-04,2025-06-01,Kuala Lumpur,Central,25-34,Male,Job seeker,Mobile,High,Community partner,Job search,1.0,On track,Completed,1,35.6,59.3,23.7,4.0,9.0,Not measured,0,,
EN01411,PT0408,CH039,PRG03,Digital Workplace Skills,Employability,Community Upskilling,Malay,Hybrid,TR07,Penang,2025-06-23,2025-08-04,2025-06-01,Sabah,Sandakan,18-24,Female,Self-employed,Mobile,Medium,Organic,Career growth,0.6667,Watch,Completed,1,55.0,75.3,20.3,4.0,7.0,Not measured,0,,
EN01412,PT0520,CH039,PRG03,Digital Workplace Skills,Employability,Community Upskilling,Malay,Hybrid,TR07,Penang,2025-06-23,2025-08-04,2025-06-01,Selangor,Petaling,35-44,Female,Student,Laptop/Desktop,Medium,Organic,Digital confidence,1.0,On track,Completed,1,78.9,100.0,21.1,5.0,10.0,Not measured,0,,
EN01413,PT0411,CH039,PRG03,Digital Workplace Skills,Employability,Community Upskilling,Malay,Hybrid,TR07,Penang,2025-06-23,2025-08-04,2025-06-01,Johor,Johor Bahru,25-34,Male,Job seeker,Mobile,Low,Employer,Career growth,0.5,Watch,Completed,1,23.5,39.7,16.2,,,Not measured,0,,
EN01414,PT0108,CH039,PRG03,Digital Workplace Skills,Employability,Community Upskilling,Malay,Hybrid,TR07,Penang,2025-06-23,2025-08-04,2025-06-01,Johor,Muar,25-34,Female,Student,Shared device,Low,Organic,Employer requirement,0.3333,High risk,Completed,1,62.7,71.2,8.5,4.0,10.0,Not measured,0,,
EN01415,PT0397,CH039,PRG03,Digital Workplace Skills,Employability,Community Upskilling,Malay,Hybrid,TR07,Penang,2025-06-23,2025-08-04,2025-06-01,Selangor,Klang,45+,Female,Job seeker,Mobile,Medium,Community partner,Career growth,1.0,On track,Completed,1,56.1,87.4,31.3,,,Not measured,2,16.6,1.0
EN01416,PT0250,CH039,PRG03,Digital Workplace Skills,Employability,Community Upskilling,Malay,Hybrid,TR07,Penang,2025-06-23,2025-08-04,2025-06-01,Selangor,Klang,25-34,Male,Job seeker,Mobile,Medium,Referral,Digital confidence,0.8333,On track,Completed,1,70.2,97.1,26.9,5.0,10.0,Not measured,0,,
EN01417,PT0401,CH040,PRG04,Customer Support Excellence,Operations,Workforce Development,English,Virtual,TR01,Sabah,2025-07-07,2025-08-18,2025-07-01,Kuala Lumpur,South,35-44,Female,Job seeker,Mobile,Low,Community partner,Job search,0.3333,High risk,In progress / incomplete,0,46.4,61.9,15.5,3.0,3.0,Not measured,2,19.2,1.0
EN01418,PT0607,CH040,PRG04,Customer Support Excellence,Operations,Workforce Development,English,Virtual,TR01,Sabah,2025-07-07,2025-08-18,2025-07-01,Selangor,Shah Alam,25-34,Female,Employed,Shared device,Medium,Organic,Job search,0.3333,High risk,Dropped,0,59.9,82.3,22.4,3.0,5.0,Not measured,0,,
EN01419,PT0628,CH040,PRG04,Customer Support Excellence,Operations,Workforce Development,English,Virtual,TR01,Sabah,2025-07-07,2025-08-18,2025-07-01,Selangor,Klang,25-34,Male,Job seeker,Laptop/Desktop,Medium,Community partner,Job search,1.0,On track,Completed,1,53.8,78.9,25.1,5.0,9.0,Not measured,0,,
EN01420,PT0716,CH040,PRG04,Customer Support Excellence,Operations,Workforce Development,English,Virtual,TR01,Sabah,2025-07-07,2025-08-18,2025-07-01,Kuala Lumpur,North,25-34,Male,Job seeker,Mobile,Medium,Referral,Employer requirement,0.6667,Watch,Completed,1,35.6,56.3,20.7,4.0,9.0,Not measured,0,,
EN01421,PT0193,CH040,PRG04,Customer Support Excellence,Operations,Workforce Development,English,Virtual,TR01,Sabah,2025-07-07,2025-08-18,2025-07-01,Selangor,Petaling,35-44,Male,Self-employed,Mobile,Medium,Community partner,Employer requirement,0.6667,Watch,Completed,1,33.1,46.4,13.3,3.0,4.0,Not measured,0,,
EN01422,PT0473,CH040,PRG04,Customer Support Excellence,Operations,Workforce Development,English,Virtual,TR01,Sabah,2025-07-07,2025-08-18,2025-07-01,Selangor,Petaling,25-34,Male,Job seeker,Mobile,High,Organic,Job search,1.0,On track,Completed,1,77.5,100.0,22.5,4.0,7.0,Not measured,0,,
EN01423,PT0549,CH040,PRG04,Customer Support Excellence,Operations,Workforce Development,English,Virtual,TR01,Sabah,2025-07-07,2025-08-18,2025-07-01,Penang,George Town,25-34,Female,Employed,Laptop/Desktop,Medium,Employer,Career growth,0.8333,On track,Completed,1,39.6,67.0,27.4,5.0,10.0,Not measured,0,,
EN01424,PT0179,CH040,PRG04,Customer Support Excellence,Operations,Workforce Development,English,Virtual,TR01,Sabah,2025-07-07,2025-08-18,2025-07-01,Selangor,Shah Alam,25-34,Female,Job seeker,Mobile,Low,Community partner,Digital confidence,0.8333,On track,Completed,1,49.5,69.8,20.3,,,Not measured,0,,
EN01425,PT0051,CH040,PRG04,Customer Support Excellence,Operations,Workforce Development,English,Virtual,TR01,Sabah,2025-07-07,2025-08-18,2025-07-01,Penang,George Town,18-24,Female,Employed,Mobile,Medium,Organic,Employer requirement,0.1667,High risk,Completed,1,59.6,66.4,6.8,3.0,5.0,Not measured,0,,
EN01426,PT0397,CH040,PRG04,Customer Support Excellence,Operations,Workforce Development,English,Virtual,TR01,Sabah,2025-07-07,2025-08-18,2025-07-01,Selangor,Klang,45+,Female,Job seeker,Mobile,Medium,Organic,Digital confidence,0.8333,On track,Completed,1,27.9,56.5,28.6,,,Not measured,0,,
EN01427,PT0448,CH040,PRG04,Customer Support Excellence,Operations,Workforce Development,English,Virtual,TR01,Sabah,2025-07-07,2025-08-18,2025-07-01,Sabah,Kota Kinabalu,18-24,Male,Employed,Mobile,High,Organic,Job search,0.8333,On track,Completed,1,40.6,68.5,27.9,,,Not measured,0,,
EN01428,PT0095,CH040,PRG04,Customer Support Excellence,Operations,Workforce Development,English,Virtual,TR01,Sabah,2025-07-07,2025-08-18,2025-07-01,Kuala Lumpur,South,35-44,Male,Employed,Laptop/Desktop,Medium,Employer,Job search,0.5,Watch,Completed,1,43.9,62.2,18.3,4.0,7.0,Not measured,0,,
EN01429,PT0706,CH040,PRG04,Customer Support Excellence,Operations,Workforce Development,English,Virtual,TR01,Sabah,2025-07-07,2025-08-18,2025-07-01,Sabah,Kota Kinabalu,35-44,Female,Job seeker,Mobile,Low,Community partner,Digital confidence,0.8333,On track,Completed,1,74.0,93.6,19.6,4.0,9.0,Not measured,1,31.6,1.0
EN01430,PT0659,CH040,PRG04,Customer Support Excellence,Operations,Workforce Development,English,Virtual,TR01,Sabah,2025-07-07,2025-08-18,2025-07-01,Selangor,Petaling,25-34,Female,Student,Laptop/Desktop,Medium,Organic,Digital confidence,1.0,On track,Completed,1,39.4,65.1,25.7,3.0,6.0,Not measured,1,4.0,1.0
EN01431,PT0479,CH040,PRG04,Customer Support Excellence,Operations,Workforce Development,English,Virtual,TR01,Sabah,2025-07-07,2025-08-18,2025-07-01,Sabah,Kota Kinabalu,25-34,Female,Job seeker,Mobile,Medium,Community partner,Career growth,1.0,On track,Completed,1,69.5,85.8,16.3,5.0,8.0,Not measured,1,59.8,0.0
EN01432,PT0256,CH040,PRG04,Customer Support Excellence,Operations,Workforce Development,English,Virtual,TR01,Sabah,2025-07-07,2025-08-18,2025-07-01,Kuala Lumpur,North,25-34,Female,Employed,Mobile,Low,Referral,Job search,0.5,Watch,Completed,1,50.9,65.9,15.0,3.0,5.0,Not measured,1,41.6,0.0
EN01433,PT0459,CH040,PRG04,Customer Support Excellence,Operations,Workforce Development,English,Virtual,TR01,Sabah,2025-07-07,2025-08-18,2025-07-01,Kuala Lumpur,South,25-34,Female,Job seeker,Mobile,Low,Employer,Employer requirement,0.8333,On track,Completed,1,41.0,63.9,22.9,4.0,9.0,Not measured,0,,
EN01434,PT0471,CH040,PRG04,Customer Support Excellence,Operations,Workforce Development,English,Virtual,TR01,Sabah,2025-07-07,2025-08-18,2025-07-01,Kuala Lumpur,Central,25-34,Female,Employed,Laptop/Desktop,High,Employer,Career growth,1.0,On track,Completed,1,59.9,96.9,37.0,5.0,10.0,Not measured,0,,
EN01435,PT0578,CH040,PRG04,Customer Support Excellence,Operations,Workforce Development,English,Virtual,TR01,Sabah,2025-07-07,2025-08-18,2025-07-01,Sabah,Kota Kinabalu,25-34,Male,Job seeker,Mobile,Low,Organic,Job search,0.6667,Watch,Completed,1,62.0,80.8,18.8,4.0,7.0,Not measured,1,31.9,1.0
EN01436,PT0060,CH040,PRG04,Customer Support Excellence,Operations,Workforce Development,English,Virtual,TR01,Sabah,2025-07-07,2025-08-18,2025-07-01,Selangor,Klang,25-34,Male,Self-employed,Laptop/Desktop,Low,Referral,Digital confidence,0.3333,High risk,In progress / incomplete,0,61.4,82.7,21.3,3.0,4.0,Not measured,2,16.9,1.0
EN01437,PT0259,CH040,PRG04,Customer Support Excellence,Operations,Workforce Development,English,Virtual,TR01,Sabah,2025-07-07,2025-08-18,2025-07-01,Sabah,Sandakan,35-44,Female,Self-employed,Laptop/Desktop,Medium,Organic,Job search,0.8333,On track,Completed,1,74.7,100.0,25.3,4.0,8.0,Not measured,1,24.1,1.0
EN01438,PT0547,CH040,PRG04,Customer Support Excellence,Operations,Workforce Development,English,Virtual,TR01,Sabah,2025-07-07,2025-08-18,2025-07-01,Sarawak,Kuching,25-34,Female,Job seeker,Laptop/Desktop,Medium,Community partner,Career growth,1.0,On track,Completed,1,49.6,72.0,22.4,3.0,5.0,Not measured,1,54.4,0.0
EN01439,PT0661,CH040,PRG04,Customer Support Excellence,Operations,Workforce Development,English,Virtual,TR01,Sabah,2025-07-07,2025-08-18,2025-07-01,Penang,Seberang Perai,18-24,Female,Employed,Laptop/Desktop,Medium,Organic,Job search,0.3333,High risk,Completed,1,59.1,81.8,22.7,,,Not measured,0,,
EN01440,PT0614,CH040,PRG04,Customer Support Excellence,Operations,Workforce Development,English,Virtual,TR01,Sabah,2025-07-07,2025-08-18,2025-07-01,Penang,George Town,18-24,Male,Self-employed,Laptop/Desktop,Low,Community partner,Career growth,0.6667,Watch,Completed,1,49.2,70.8,21.6,3.0,6.0,Not measured,0,,
EN01441,PT0723,CH040,PRG04,Customer Support Excellence,Operations,Workforce Development,English,Virtual,TR01,Sabah,2025-07-07,2025-08-18,2025-07-01,Sarawak,Miri,25-34,Female,Student,Laptop/Desktop,Medium,Organic,Digital confidence,0.5,Watch,Completed,1,70.7,96.7,26.0,4.0,8.0,Not measured,0,,
EN01442,PT0015,CH040,PRG04,Customer Support Excellence,Operations,Workforce Development,English,Virtual,TR01,Sabah,2025-07-07,2025-08-18,2025-07-01,Johor,Johor Bahru,45+,Female,Self-employed,Mobile,Medium,Referral,Job search,0.5,Watch,Dropped,0,37.5,59.2,21.7,4.0,7.0,Not measured,0,,
EN01443,PT0552,CH040,PRG04,Customer Support Excellence,Operations,Workforce Development,English,Virtual,TR01,Sabah,2025-07-07,2025-08-18,2025-07-01,Johor,Muar,25-34,Male,Employed,Laptop/Desktop,Low,Organic,Employer requirement,0.8333,On track,Completed,1,51.0,73.8,22.8,4.0,9.0,Not measured,0,,
EN01444,PT0301,CH040,PRG04,Customer Support Excellence,Operations,Workforce Development,English,Virtual,TR01,Sabah,2025-07-07,2025-08-18,2025-07-01,Johor,Johor Bahru,25-34,Female,Student,Mobile,Medium,Organic,Job search,0.8333,On track,Completed,1,60.7,81.7,21.0,,,Not measured,0,,
EN01445,PT0099,CH040,PRG04,Customer Support Excellence,Operations,Workforce Development,English,Virtual,TR01,Sabah,2025-07-07,2025-08-18,2025-07-01,Sabah,Sandakan,25-34,Female,Self-employed,Mobile,Medium,Community partner,Career growth,0.6667,Watch,In progress / incomplete,0,67.6,91.1,23.5,2.0,3.0,Not measured,0,,
EN01446,PT0272,CH040,PRG04,Customer Support Excellence,Operations,Workforce Development,English,Virtual,TR01,Sabah,2025-07-07,2025-08-18,2025-07-01,Sarawak,Kuching,35-44,Male,Employed,Laptop/Desktop,High,Organic,Employer requirement,1.0,On track,Dropped,0,66.0,88.2,22.2,4.0,6.0,Not measured,0,,
EN01447,PT0541,CH040,PRG04,Customer Support Excellence,Operations,Workforce Development,English,Virtual,TR01,Sabah,2025-07-07,2025-08-18,2025-07-01,Johor,Muar,25-34,Female,Job seeker,Mobile,Medium,Employer,Career growth,0.8333,On track,Completed,1,71.5,84.4,12.9,4.0,9.0,Not measured,0,,
EN01448,PT0108,CH040,PRG04,Customer Support Excellence,Operations,Workforce Development,English,Virtual,TR01,Sabah,2025-07-07,2025-08-18,2025-07-01,Johor,Muar,25-34,Female,Student,Shared device,Low,Community partner,Career growth,0.3333,High risk,In progress / incomplete,0,31.3,37.2,5.9,3.0,4.0,Not measured,0,,
EN01449,PT0572,CH040,PRG04,Customer Support Excellence,Operations,Workforce Development,English,Virtual,TR01,Sabah,2025-07-07,2025-08-18,2025-07-01,Kuala Lumpur,Central,35-44,Female,Student,Shared device,High,Community partner,Employer requirement,0.6667,Watch,Completed,1,60.4,82.8,22.4,3.0,5.0,Not measured,2,19.1,1.0
EN01450,PT0589,CH040,PRG04,Customer Support Excellence,Operations,Workforce Development,English,Virtual,TR01,Sabah,2025-07-07,2025-08-18,2025-07-01,Sabah,Sandakan,18-24,Female,Employed,Mobile,High,Referral,Job search,0.8333,On track,Completed,1,56.4,65.3,8.9,4.0,7.0,Not measured,0,,
EN01451,PT0779,CH040,PRG04,Customer Support Excellence,Operations,Workforce Development,English,Virtual,TR01,Sabah,2025-07-07,2025-08-18,2025-07-01,Selangor,Klang,18-24,Female,Student,Mobile,Medium,Organic,Job search,1.0,On track,Completed,1,68.3,89.7,21.4,5.0,10.0,Not measured,0,,
EN01452,PT0107,CH040,PRG04,Customer Support Excellence,Operations,Workforce Development,English,Virtual,TR01,Sabah,2025-07-07,2025-08-18,2025-07-01,Selangor,Klang,18-24,Female,Employed,Mobile,Medium,Organic,Career growth,0.6667,Watch,Completed,1,68.1,83.3,15.2,5.0,9.0,Not measured,1,18.2,0.0
EN01453,PT0163,CH040,PRG04,Customer Support Excellence,Operations,Workforce Development,English,Virtual,TR01,Sabah,2025-07-07,2025-08-18,2025-07-01,Sabah,Kota Kinabalu,25-34,Female,Job seeker,Mobile,Medium,Employer,Digital confidence,0.5,Watch,Completed,1,46.6,66.2,19.6,4.0,6.0,Not measured,0,,
EN01454,PT0164,CH040,PRG04,Customer Support Excellence,Operations,Workforce Development,English,Virtual,TR01,Sabah,2025-07-07,2025-08-18,2025-07-01,Sarawak,Miri,25-34,Male,Job seeker,Mobile,Low,Employer,Job search,0.5,Watch,Completed,1,55.9,73.5,17.6,,,Not measured,1,28.0,0.0
EN01455,PT0483,CH041,PRG05,Financial Literacy,Business,Community Upskilling,Hindi,In-person,TR02,Selangor,2025-06-23,2025-07-28,2025-06-01,Sabah,Kota Kinabalu,35-44,Male,Job seeker,Mobile,Medium,Community partner,Career growth,1.0,On track,Completed,1,71.2,97.9,26.7,4.0,6.0,Not measured,1,15.6,1.0
EN01456,PT0686,CH041,PRG05,Financial Literacy,Business,Community Upskilling,Hindi,In-person,TR02,Selangor,2025-06-23,2025-07-28,2025-06-01,Johor,Muar,45+,Female,Job seeker,Shared device,Medium,Organic,Digital confidence,0.8,On track,Completed,1,47.6,65.7,18.1,5.0,10.0,Not measured,0,,
EN01457,PT0566,CH041,PRG05,Financial Literacy,Business,Community Upskilling,Hindi,In-person,TR02,Selangor,2025-06-23,2025-07-28,2025-06-01,Selangor,Petaling,35-44,Female,Self-employed,Laptop/Desktop,High,Organic,Career growth,1.0,On track,Completed,1,62.0,98.7,36.7,5.0,9.0,Not measured,0,,
EN01458,PT0087,CH041,PRG05,Financial Literacy,Business,Community Upskilling,Hindi,In-person,TR02,Selangor,2025-06-23,2025-07-28,2025-06-01,Sabah,Sandakan,18-24,Female,Student,Laptop/Desktop,Medium,Community partner,Job search,1.0,On track,Completed,1,32.5,67.2,34.7,4.0,8.0,Not measured,0,,
EN01459,PT0164,CH041,PRG05,Financial Literacy,Business,Community Upskilling,Hindi,In-person,TR02,Selangor,2025-06-23,2025-07-28,2025-06-01,Sarawak,Miri,25-34,Male,Job seeker,Mobile,Low,Organic,Employer requirement,0.8,On track,Completed,1,50.2,70.8,20.6,,,Not measured,0,,
EN01460,PT0149,CH041,PRG05,Financial Literacy,Business,Community Upskilling,Hindi,In-person,TR02,Selangor,2025-06-23,2025-07-28,2025-06-01,Selangor,Klang,35-44,Male,Student,Mobile,Medium,Community partner,Digital confidence,1.0,On track,Completed,1,54.2,86.5,32.3,5.0,10.0,Not measured,0,,
EN01461,PT0343,CH041,PRG05,Financial Literacy,Business,Community Upskilling,Hindi,In-person,TR02,Selangor,2025-06-23,2025-07-28,2025-06-01,Johor,Johor Bahru,18-24,Female,Job seeker,Laptop/Desktop,High,Organic,Career growth,1.0,On track,Completed,1,59.8,77.3,17.5,4.0,8.0,Not measured,0,,
EN01462,PT0498,CH041,PRG05,Financial Literacy,Business,Community Upskilling,Hindi,In-person,TR02,Selangor,2025-06-23,2025-07-28,2025-06-01,Sarawak,Kuching,25-34,Female,Job seeker,Laptop/Desktop,High,Community partner,Career growth,1.0,On track,Completed,1,54.7,89.1,34.4,5.0,10.0,Not measured,0,,
EN01463,PT0457,CH041,PRG05,Financial Literacy,Business,Community Upskilling,Hindi,In-person,TR02,Selangor,2025-06-23,2025-07-28,2025-06-01,Selangor,Klang,25-34,Male,Employed,Laptop/Desktop,Medium,Organic,Job search,0.8,On track,Completed,1,77.7,96.1,18.4,4.0,8.0,Not measured,2,23.9,1.0
EN01464,PT0712,CH041,PRG05,Financial Literacy,Business,Community Upskilling,Hindi,In-person,TR02,Selangor,2025-06-23,2025-07-28,2025-06-01,Selangor,Petaling,18-24,Male,Job seeker,Laptop/Desktop,Medium,Organic,Career growth,0.8,On track,Completed,1,55.6,78.5,22.9,,,Not measured,0,,
EN01465,PT0419,CH041,PRG05,Financial Literacy,Business,Community Upskilling,Hindi,In-person,TR02,Selangor,2025-06-23,2025-07-28,2025-06-01,Johor,Muar,25-34,Female,Job seeker,Mobile,Low,Referral,Employer requirement,0.8,On track,Completed,1,44.2,73.4,29.2,,,Not measured,0,,
EN01466,PT0126,CH041,PRG05,Financial Literacy,Business,Community Upskilling,Hindi,In-person,TR02,Selangor,2025-06-23,2025-07-28,2025-06-01,Penang,George Town,18-24,Male,Job seeker,Mobile,Medium,Referral,Job search,0.8,On track,Completed,1,20.0,32.1,12.1,,,Not measured,1,24.3,0.0
EN01467,PT0721,CH041,PRG05,Financial Literacy,Business,Community Upskilling,Hindi,In-person,TR02,Selangor,2025-06-23,2025-07-28,2025-06-01,Kuala Lumpur,North,25-34,Male,Job seeker,Mobile,Medium,Employer,Digital confidence,1.0,On track,Completed,1,48.0,76.4,28.4,5.0,10.0,Not measured,0,,
EN01468,PT0475,CH041,PRG05,Financial Literacy,Business,Community Upskilling,Hindi,In-person,TR02,Selangor,2025-06-23,2025-07-28,2025-06-01,Penang,Seberang Perai,25-34,Female,Student,Mobile,Low,Community partner,Job search,0.6,Watch,Completed,1,59.3,78.0,18.7,3.0,6.0,Not measured,1,17.5,1.0
EN01469,PT0584,CH041,PRG05,Financial Literacy,Business,Community Upskilling,Hindi,In-person,TR02,Selangor,2025-06-23,2025-07-28,2025-06-01,Penang,Seberang Perai,35-44,Male,Job seeker,Laptop/Desktop,High,Organic,Digital confidence,1.0,On track,Completed,1,62.4,86.0,23.6,5.0,10.0,Not measured,0,,
EN01470,PT0578,CH041,PRG05,Financial Literacy,Business,Community Upskilling,Hindi,In-person,TR02,Selangor,2025-06-23,2025-07-28,2025-06-01,Sabah,Kota Kinabalu,25-34,Male,Job seeker,Mobile,Low,Community partner,Job search,1.0,On track,Completed,1,52.7,82.4,29.7,5.0,9.0,Not measured,0,,
EN01471,PT0594,CH041,PRG05,Financial Literacy,Business,Community Upskilling,Hindi,In-person,TR02,Selangor,2025-06-23,2025-07-28,2025-06-01,Kuala Lumpur,Central,35-44,Male,Job seeker,Shared device,Medium,Community partner,Job search,0.8,On track,Completed,1,37.9,66.0,28.1,,,Not measured,0,,
EN01472,PT0259,CH041,PRG05,Financial Literacy,Business,Community Upskilling,Hindi,In-person,TR02,Selangor,2025-06-23,2025-07-28,2025-06-01,Sabah,Sandakan,35-44,Female,Self-employed,Laptop/Desktop,Medium,Organic,Employer requirement,0.6,Watch,Completed,1,60.0,77.6,17.6,3.0,6.0,Not measured,0,,
EN01473,PT0563,CH041,PRG05,Financial Literacy,Business,Community Upskilling,Hindi,In-person,TR02,Selangor,2025-06-23,2025-07-28,2025-06-01,Selangor,Shah Alam,18-24,Female,Employed,Mobile,Low,Community partner,Job search,0.4,High risk,Dropped,0,48.9,67.6,18.7,3.0,6.0,Not measured,0,,
EN01474,PT0304,CH041,PRG05,Financial Literacy,Business,Community Upskilling,Hindi,In-person,TR02,Selangor,2025-06-23,2025-07-28,2025-06-01,Penang,Seberang Perai,25-34,Female,Job seeker,Mobile,Medium,Organic,Job search,1.0,On track,Completed,1,51.0,73.9,22.9,5.0,10.0,Not measured,0,,
EN01475,PT0033,CH041,PRG05,Financial Literacy,Business,Community Upskilling,Hindi,In-person,TR02,Selangor,2025-06-23,2025-07-28,2025-06-01,Sarawak,Kuching,18-24,Female,Student,Mobile,Medium,Community partner,Career growth,0.8,On track,Completed,1,42.1,62.1,20.0,5.0,10.0,Not measured,0,,
EN01476,PT0626,CH041,PRG05,Financial Literacy,Business,Community Upskilling,Hindi,In-person,TR02,Selangor,2025-06-23,2025-07-28,2025-06-01,Sabah,Kota Kinabalu,25-34,Male,Student,Shared device,High,Community partner,Employer requirement,1.0,On track,Completed,1,45.3,76.3,31.0,,,Not measured,0,,
EN01477,PT0655,CH041,PRG05,Financial Literacy,Business,Community Upskilling,Hindi,In-person,TR02,Selangor,2025-06-23,2025-07-28,2025-06-01,Sabah,Kota Kinabalu,35-44,Male,Employed,Laptop/Desktop,Low,Community partner,Job search,1.0,On track,Completed,1,63.9,82.7,18.8,5.0,10.0,Not measured,1,13.5,1.0
EN01478,PT0251,CH041,PRG05,Financial Literacy,Business,Community Upskilling,Hindi,In-person,TR02,Selangor,2025-06-23,2025-07-28,2025-06-01,Penang,George Town,25-34,Male,Student,Mobile,Low,Community partner,Job search,1.0,On track,Completed,1,56.7,78.5,21.8,5.0,10.0,Not measured,3,11.3,1.0
EN01479,PT0207,CH041,PRG05,Financial Literacy,Business,Community Upskilling,Hindi,In-person,TR02,Selangor,2025-06-23,2025-07-28,2025-06-01,Kuala Lumpur,North,25-34,Male,Job seeker,Laptop/Desktop,Medium,Employer,Career growth,1.0,On track,Completed,1,44.2,75.1,30.9,,,Not measured,0,,
EN01480,PT0413,CH041,PRG05,Financial Literacy,Business,Community Upskilling,Hindi,In-person,TR02,Selangor,2025-06-23,2025-07-28,2025-06-01,Sabah,Sandakan,18-24,Female,Job seeker,Mobile,Low,Employer,Job search,0.6,Watch,In progress / incomplete,0,35.0,56.3,21.3,4.0,7.0,Not measured,0,,
EN01481,PT0622,CH041,PRG05,Financial Literacy,Business,Community Upskilling,Hindi,In-person,TR02,Selangor,2025-06-23,2025-07-28,2025-06-01,Kuala Lumpur,South,25-34,Male,Self-employed,Laptop/Desktop,Medium,Organic,Digital confidence,1.0,On track,Completed,1,55.7,74.7,19.0,5.0,9.0,Not measured,0,,
EN01482,PT0104,CH041,PRG05,Financial Literacy,Business,Community Upskilling,Hindi,In-person,TR02,Selangor,2025-06-23,2025-07-28,2025-06-01,Selangor,Shah Alam,25-34,Male,Employed,Shared device,Medium,Employer,Digital confidence,0.4,High risk,Completed,1,54.1,64.7,10.6,4.0,8.0,Not measured,1,39.3,1.0
EN01483,PT0508,CH041,PRG05,Financial Literacy,Business,Community Upskilling,Hindi,In-person,TR02,Selangor,2025-06-23,2025-07-28,2025-06-01,Selangor,Shah Alam,35-44,Female,Employed,Mobile,Low,Organic,Job search,0.8,On track,Completed,1,77.2,100.0,22.8,4.0,10.0,Not measured,0,,
EN01484,PT0140,CH041,PRG05,Financial Literacy,Business,Community Upskilling,Hindi,In-person,TR02,Selangor,2025-06-23,2025-07-28,2025-06-01,Selangor,Klang,18-24,Male,Student,Shared device,Low,Employer,Career growth,0.6,Watch,Completed,1,64.1,82.3,18.2,,,Not measured,0,,
EN01485,PT0609,CH041,PRG05,Financial Literacy,Business,Community Upskilling,Hindi,In-person,TR02,Selangor,2025-06-23,2025-07-28,2025-06-01,Johor,Johor Bahru,25-34,Male,Student,Laptop/Desktop,High,Employer,Job search,1.0,On track,Completed,1,71.4,87.0,15.6,4.0,8.0,Not measured,0,,
EN01486,PT0128,CH041,PRG05,Financial Literacy,Business,Community Upskilling,Hindi,In-person,TR02,Selangor,2025-06-23,2025-07-28,2025-06-01,Kuala Lumpur,North,35-44,Male,Job seeker,Mobile,Medium,Community partner,Career growth,1.0,On track,Completed,1,50.6,83.1,32.5,5.0,9.0,Not measured,0,,
EN01487,PT0200,CH041,PRG05,Financial Literacy,Business,Community Upskilling,Hindi,In-person,TR02,Selangor,2025-06-23,2025-07-28,2025-06-01,Kuala Lumpur,Central,18-24,Female,Employed,Laptop/Desktop,Medium,Community partner,Job search,0.8,On track,Completed,1,55.8,82.7,26.9,4.0,7.0,Not measured,1,18.1,1.0
EN01488,PT0603,CH041,PRG05,Financial Literacy,Business,Community Upskilling,Hindi,In-person,TR02,Selangor,2025-06-23,2025-07-28,2025-06-01,Penang,George Town,25-34,Female,Employed,Mobile,Low,Community partner,Job search,0.4,High risk,Dropped,0,55.2,61.7,6.5,3.0,5.0,Not measured,0,,
EN01489,PT0714,CH042,PRG06,Project Delivery Fundamentals,Operations,Workforce Development,English,Hybrid,TR07,Kuala Lumpur,2025-07-07,2025-09-01,2025-07-01,Kuala Lumpur,South,25-34,Male,Job seeker,Mobile,High,Employer,Digital confidence,0.875,On track,Completed,1,69.4,96.0,26.6,4.0,9.0,Not measured,1,37.0,0.0
EN01490,PT0208,CH042,PRG06,Project Delivery Fundamentals,Operations,Workforce Development,English,Hybrid,TR07,Kuala Lumpur,2025-07-07,2025-09-01,2025-07-01,Johor,Johor Bahru,35-44,Female,Employed,Laptop/Desktop,Medium,Organic,Career growth,1.0,On track,Completed,1,58.3,79.9,21.6,5.0,10.0,Not measured,0,,
EN01491,PT0379,CH042,PRG06,Project Delivery Fundamentals,Operations,Workforce Development,English,Hybrid,TR07,Kuala Lumpur,2025-07-07,2025-09-01,2025-07-01,Selangor,Shah Alam,25-34,Female,Self-employed,Mobile,Low,Employer,Digital confidence,0.375,High risk,Completed,1,45.6,59.2,13.6,3.0,5.0,Not measured,0,,
EN01492,PT0614,CH042,PRG06,Project Delivery Fundamentals,Operations,Workforce Development,English,Hybrid,TR07,Kuala Lumpur,2025-07-07,2025-09-01,2025-07-01,Penang,George Town,18-24,Male,Self-employed,Laptop/Desktop,Low,Community partner,Digital confidence,1.0,On track,Completed,1,49.3,83.2,33.9,5.0,9.0,Not measured,1,34.7,0.0
EN01493,PT0403,CH042,PRG06,Project Delivery Fundamentals,Operations,Workforce Development,English,Hybrid,TR07,Kuala Lumpur,2025-07-07,2025-09-01,2025-07-01,Kuala Lumpur,Central,35-44,Female,Student,Mobile,Medium,Community partner,Digital confidence,0.75,On track,Completed,1,42.4,59.7,17.3,4.0,8.0,Not measured,0,,
EN01494,PT0043,CH042,PRG06,Project Delivery Fundamentals,Operations,Workforce Development,English,Hybrid,TR07,Kuala Lumpur,2025-07-07,2025-09-01,2025-07-01,Selangor,Petaling,18-24,Female,Employed,Mobile,High,Employer,Digital confidence,0.875,On track,Completed,1,55.0,81.9,26.9,3.0,5.0,Not measured,0,,
EN01495,PT0153,CH042,PRG06,Project Delivery Fundamentals,Operations,Workforce Development,English,Hybrid,TR07,Kuala Lumpur,2025-07-07,2025-09-01,2025-07-01,Kuala Lumpur,South,35-44,Male,Student,Laptop/Desktop,High,Referral,Career growth,1.0,On track,Completed,1,20.0,49.4,29.4,,,Not measured,1,9.0,1.0
EN01496,PT0423,CH042,PRG06,Project Delivery Fundamentals,Operations,Workforce Development,English,Hybrid,TR07,Kuala Lumpur,2025-07-07,2025-09-01,2025-07-01,Sabah,Kota Kinabalu,45+,Female,Job seeker,Mobile,Medium,Community partner,Job search,0.625,Watch,Completed,1,44.7,68.0,23.3,,,Not measured,0,,
EN01497,PT0210,CH042,PRG06,Project Delivery Fundamentals,Operations,Workforce Development,English,Hybrid,TR07,Kuala Lumpur,2025-07-07,2025-09-01,2025-07-01,Sabah,Sandakan,25-34,Female,Employed,Laptop/Desktop,Medium,Community partner,Job search,0.875,On track,Completed,1,71.4,91.7,20.3,5.0,10.0,Not measured,1,16.7,1.0
EN01498,PT0508,CH042,PRG06,Project Delivery Fundamentals,Operations,Workforce Development,English,Hybrid,TR07,Kuala Lumpur,2025-07-07,2025-09-01,2025-07-01,Selangor,Shah Alam,35-44,Female,Employed,Mobile,Low,Organic,Career growth,0.75,On track,Completed,1,40.9,55.8,14.9,5.0,7.0,Not measured,2,81.8,0.0
EN01499,PT0483,CH042,PRG06,Project Delivery Fundamentals,Operations,Workforce Development,English,Hybrid,TR07,Kuala Lumpur,2025-07-07,2025-09-01,2025-07-01,Sabah,Kota Kinabalu,35-44,Male,Job seeker,Mobile,Medium,Community partner,Job search,0.875,On track,Completed,1,39.7,62.8,23.1,4.0,8.0,Not measured,1,12.4,1.0
EN01500,PT0224,CH042,PRG06,Project Delivery Fundamentals,Operations,Workforce Development,English,Hybrid,TR07,Kuala Lumpur,2025-07-07,2025-09-01,2025-07-01,Sarawak,Kuching,18-24,Female,Self-employed,Laptop/Desktop,High,Community partner,Job search,1.0,On track,Completed,1,60.3,86.5,26.2,4.0,8.0,Not measured,0,,
EN01501,PT0380,CH042,PRG06,Project Delivery Fundamentals,Operations,Workforce Development,English,Hybrid,TR07,Kuala Lumpur,2025-07-07,2025-09-01,2025-07-01,Selangor,Klang,25-34,Female,Student,Laptop/Desktop,Medium,Organic,Employer requirement,0.875,On track,Completed,1,57.3,90.7,33.4,4.0,7.0,Not measured,1,12.0,1.0
EN01502,PT0248,CH042,PRG06,Project Delivery Fundamentals,Operations,Workforce Development,English,Hybrid,TR07,Kuala Lumpur,2025-07-07,2025-09-01,2025-07-01,Kuala Lumpur,South,45+,Male,Student,Mobile,Medium,Organic,Career growth,0.875,On track,Completed,1,47.8,69.3,21.5,4.0,8.0,Not measured,0,,
EN01503,PT0169,CH042,PRG06,Project Delivery Fundamentals,Operations,Workforce Development,English,Hybrid,TR07,Kuala Lumpur,2025-07-07,2025-09-01,2025-07-01,Kuala Lumpur,Central,35-44,Male,Employed,Laptop/Desktop,Low,Organic,Job search,0.5,Watch,Dropped,0,21.4,43.6,22.2,4.0,8.0,Not measured,0,,
EN01504,PT0300,CH042,PRG06,Project Delivery Fundamentals,Operations,Workforce Development,English,Hybrid,TR07,Kuala Lumpur,2025-07-07,2025-09-01,2025-07-01,Kuala Lumpur,North,18-24,Female,Student,Laptop/Desktop,Medium,Referral,Job search,0.875,On track,Completed,1,58.1,87.6,29.5,4.0,10.0,Not measured,0,,
EN01505,PT0302,CH042,PRG06,Project Delivery Fundamentals,Operations,Workforce Development,English,Hybrid,TR07,Kuala Lumpur,2025-07-07,2025-09-01,2025-07-01,Johor,Muar,25-34,Male,Self-employed,Laptop/Desktop,High,Employer,Career growth,0.875,On track,Completed,1,64.3,85.7,21.4,4.0,6.0,Not measured,0,,
EN01506,PT0168,CH042,PRG06,Project Delivery Fundamentals,Operations,Workforce Development,English,Hybrid,TR07,Kuala Lumpur,2025-07-07,2025-09-01,2025-07-01,Kuala Lumpur,South,35-44,Female,Job seeker,Laptop/Desktop,High,Community partner,Employer requirement,1.0,On track,Dropped,0,49.8,80.5,30.7,5.0,10.0,Not measured,0,,
EN01507,PT0002,CH042,PRG06,Project Delivery Fundamentals,Operations,Workforce Development,English,Hybrid,TR07,Kuala Lumpur,2025-07-07,2025-09-01,2025-07-01,Sarawak,Miri,25-34,Female,Student,Mobile,Medium,Referral,Career growth,1.0,On track,Completed,1,64.4,98.2,33.8,5.0,10.0,Not measured,1,2.4,1.0
EN01508,PT0287,CH042,PRG06,Project Delivery Fundamentals,Operations,Workforce Development,English,Hybrid,TR07,Kuala Lumpur,2025-07-07,2025-09-01,2025-07-01,Selangor,Klang,25-34,Male,Student,Laptop/Desktop,High,Community partner,Career growth,1.0,On track,Completed,1,71.3,97.3,26.0,4.0,7.0,Not measured,0,,
EN01509,PT0429,CH042,PRG06,Project Delivery Fundamentals,Operations,Workforce Development,English,Hybrid,TR07,Kuala Lumpur,2025-07-07,2025-09-01,2025-07-01,Sabah,Kota Kinabalu,18-24,Male,Job seeker,Laptop/Desktop,Low,Employer,Career growth,1.0,On track,Completed,1,53.1,78.3,25.2,4.0,8.0,Not measured,2,12.0,0.5
EN01510,PT0282,CH042,PRG06,Project Delivery Fundamentals,Operations,Workforce Development,English,Hybrid,TR07,Kuala Lumpur,2025-07-07,2025-09-01,2025-07-01,Penang,George Town,25-34,Female,Job seeker,Mobile,High,Employer,Career growth,0.75,On track,Completed,1,88.0,100.0,12.0,,,Not measured,1,39.0,1.0
EN01511,PT0377,CH042,PRG06,Project Delivery Fundamentals,Operations,Workforce Development,English,Hybrid,TR07,Kuala Lumpur,2025-07-07,2025-09-01,2025-07-01,Selangor,Klang,25-34,Female,Employed,Laptop/Desktop,Medium,Referral,Digital confidence,0.875,On track,Completed,1,57.5,74.7,17.2,5.0,10.0,Not measured,0,,
EN01512,PT0747,CH042,PRG06,Project Delivery Fundamentals,Operations,Workforce Development,English,Hybrid,TR07,Kuala Lumpur,2025-07-07,2025-09-01,2025-07-01,Sabah,Sandakan,18-24,Male,Employed,Laptop/Desktop,High,Community partner,Career growth,1.0,On track,Completed,1,62.6,83.7,21.1,4.0,7.0,Not measured,1,28.0,0.0
EN01513,PT0351,CH042,PRG06,Project Delivery Fundamentals,Operations,Workforce Development,English,Hybrid,TR07,Kuala Lumpur,2025-07-07,2025-09-01,2025-07-01,Sarawak,Kuching,18-24,Female,Employed,Mobile,Medium,Employer,Job search,0.75,On track,Completed,1,36.7,50.9,14.2,,,Not measured,0,,
EN01514,PT0470,CH042,PRG06,Project Delivery Fundamentals,Operations,Workforce Development,English,Hybrid,TR07,Kuala Lumpur,2025-07-07,2025-09-01,2025-07-01,Kuala Lumpur,Central,18-24,Male,Student,Laptop/Desktop,Medium,Community partner,Employer requirement,0.625,Watch,In progress / incomplete,0,47.2,65.1,17.9,4.0,9.0,Not measured,0,,
EN01515,PT0074,CH042,PRG06,Project Delivery Fundamentals,Operations,Workforce Development,English,Hybrid,TR07,Kuala Lumpur,2025-07-07,2025-09-01,2025-07-01,Sarawak,Kuching,25-34,Female,Job seeker,Laptop/Desktop,Medium,Employer,Employer requirement,1.0,On track,Completed,1,51.4,82.7,31.3,5.0,10.0,Not measured,0,,
EN01516,PT0128,CH042,PRG06,Project Delivery Fundamentals,Operations,Workforce Development,English,Hybrid,TR07,Kuala Lumpur,2025-07-07,2025-09-01,2025-07-01,Kuala Lumpur,North,35-44,Male,Job seeker,Mobile,Medium,Organic,Career growth,0.75,On track,In progress / incomplete,0,53.7,74.8,21.1,4.0,8.0,Not measured,1,6.4,1.0
EN01517,PT0685,CH042,PRG06,Project Delivery Fundamentals,Operations,Workforce Development,English,Hybrid,TR07,Kuala Lumpur,2025-07-07,2025-09-01,2025-07-01,Kuala Lumpur,North,25-34,Female,Student,Laptop/Desktop,High,Employer,Employer requirement,1.0,On track,Completed,1,53.9,79.8,25.9,4.0,7.0,Not measured,0,,
EN01518,PT0233,CH042,PRG06,Project Delivery Fundamentals,Operations,Workforce Development,English,Hybrid,TR07,Kuala Lumpur,2025-07-07,2025-09-01,2025-07-01,Sarawak,Miri,35-44,Female,Employed,Mobile,High,Referral,Employer requirement,0.875,On track,Completed,1,73.1,91.7,18.6,4.0,8.0,Not measured,0,,
EN01519,PT0365,CH042,PRG06,Project Delivery Fundamentals,Operations,Workforce Development,English,Hybrid,TR07,Kuala Lumpur,2025-07-07,2025-09-01,2025-07-01,Johor,Johor Bahru,25-34,Male,Self-employed,Mobile,Low,Organic,Job search,0.625,Watch,Dropped,0,20.4,35.8,15.4,,,Not measured,0,,
EN01520,PT0199,CH043,PRG01,Data Foundations,Data & Digital,Career Transition,English,Hybrid,TR06,Sarawak,2025-07-21,2025-09-15,2025-07-01,Penang,Seberang Perai,25-34,Male,Self-employed,Laptop/Desktop,Medium,Employer,Employer requirement,1.0,On track,Completed,1,72.1,92.2,20.1,,,No change reported,0,,
EN01521,PT0737,CH043,PRG01,Data Foundations,Data & Digital,Career Transition,English,Hybrid,TR06,Sarawak,2025-07-21,2025-09-15,2025-07-01,Kuala Lumpur,Central,35-44,Female,Student,Laptop/Desktop,Medium,Community partner,Career growth,0.875,On track,Completed,1,62.8,83.5,20.7,,,No change reported,1,33.9,1.0
EN01522,PT0677,CH043,PRG01,Data Foundations,Data & Digital,Career Transition,English,Hybrid,TR06,Sarawak,2025-07-21,2025-09-15,2025-07-01,Selangor,Shah Alam,35-44,Female,Self-employed,Mobile,Medium,Organic,Job search,0.875,On track,Completed,1,45.6,84.4,38.8,5.0,10.0,No change reported,1,15.8,0.0
EN01523,PT0411,CH043,PRG01,Data Foundations,Data & Digital,Career Transition,English,Hybrid,TR06,Sarawak,2025-07-21,2025-09-15,2025-07-01,Johor,Johor Bahru,25-34,Male,Job seeker,Mobile,Low,Community partner,Career growth,0.625,Watch,Completed,1,33.5,52.6,19.1,3.0,4.0,No change reported,1,14.1,0.0
EN01524,PT0167,CH043,PRG01,Data Foundations,Data & Digital,Career Transition,English,Hybrid,TR06,Sarawak,2025-07-21,2025-09-15,2025-07-01,Selangor,Klang,25-34,Male,Student,Laptop/Desktop,High,Community partner,Career growth,0.75,On track,Completed,1,61.9,92.0,30.1,3.0,4.0,Interview secured,0,,
EN01525,PT0650,CH043,PRG01,Data Foundations,Data & Digital,Career Transition,English,Hybrid,TR06,Sarawak,2025-07-21,2025-09-15,2025-07-01,Kuala Lumpur,North,18-24,Male,Employed,Laptop/Desktop,Medium,Employer,Career growth,0.875,On track,Completed,1,68.9,89.3,20.4,4.0,9.0,New role,0,,
EN01526,PT0512,CH043,PRG01,Data Foundations,Data & Digital,Career Transition,English,Hybrid,TR06,Sarawak,2025-07-21,2025-09-15,2025-07-01,Selangor,Petaling,35-44,Female,Job seeker,Laptop/Desktop,Medium,Community partner,Career growth,0.75,On track,Dropped,0,52.0,82.4,30.4,4.0,7.0,Not measured,0,,
EN01527,PT0312,CH043,PRG01,Data Foundations,Data & Digital,Career Transition,English,Hybrid,TR06,Sarawak,2025-07-21,2025-09-15,2025-07-01,Johor,Muar,35-44,Female,Job seeker,Laptop/Desktop,Medium,Organic,Career growth,0.875,On track,Completed,1,42.2,64.3,22.1,5.0,10.0,No change reported,1,29.2,1.0
EN01528,PT0601,CH043,PRG01,Data Foundations,Data & Digital,Career Transition,English,Hybrid,TR06,Sarawak,2025-07-21,2025-09-15,2025-07-01,Sarawak,Kuching,25-34,Female,Employed,Shared device,Medium,Organic,Career growth,1.0,On track,Completed,1,41.2,70.0,28.8,,,New role,1,18.0,1.0
EN01529,PT0444,CH043,PRG01,Data Foundations,Data & Digital,Career Transition,English,Hybrid,TR06,Sarawak,2025-07-21,2025-09-15,2025-07-01,Selangor,Shah Alam,45+,Male,Self-employed,Laptop/Desktop,Medium,Employer,Digital confidence,0.875,On track,Dropped,0,29.3,67.3,38.0,4.0,8.0,Not measured,0,,
EN01530,PT0110,CH043,PRG01,Data Foundations,Data & Digital,Career Transition,English,Hybrid,TR06,Sarawak,2025-07-21,2025-09-15,2025-07-01,Penang,George Town,25-34,Male,Employed,Laptop/Desktop,Medium,Organic,Career growth,1.0,On track,Completed,1,62.0,88.4,26.4,5.0,10.0,No change reported,0,,
EN01531,PT0322,CH043,PRG01,Data Foundations,Data & Digital,Career Transition,English,Hybrid,TR06,Sarawak,2025-07-21,2025-09-15,2025-07-01,Kuala Lumpur,Central,25-34,Male,Job seeker,Mobile,High,Organic,Job search,0.75,On track,Completed,1,27.5,50.9,23.4,4.0,9.0,Interview secured,0,,
EN01532,PT0145,CH043,PRG01,Data Foundations,Data & Digital,Career Transition,English,Hybrid,TR06,Sarawak,2025-07-21,2025-09-15,2025-07-01,Selangor,Shah Alam,25-34,Male,Student,Laptop/Desktop,Medium,Organic,Employer requirement,0.625,Watch,In progress / incomplete,0,54.1,78.2,24.1,3.0,4.0,Not measured,0,,
EN01533,PT0473,CH043,PRG01,Data Foundations,Data & Digital,Career Transition,English,Hybrid,TR06,Sarawak,2025-07-21,2025-09-15,2025-07-01,Selangor,Petaling,25-34,Male,Job seeker,Mobile,High,Community partner,Career growth,1.0,On track,Completed,1,36.1,74.0,37.9,5.0,10.0,No change reported,0,,
EN01534,PT0157,CH043,PRG01,Data Foundations,Data & Digital,Career Transition,English,Hybrid,TR06,Sarawak,2025-07-21,2025-09-15,2025-07-01,Johor,Muar,35-44,Female,Employed,Mobile,Low,Organic,Career growth,0.625,Watch,Completed,1,30.6,68.4,37.8,4.0,8.0,New role,0,,
EN01535,PT0545,CH043,PRG01,Data Foundations,Data & Digital,Career Transition,English,Hybrid,TR06,Sarawak,2025-07-21,2025-09-15,2025-07-01,Kuala Lumpur,North,25-34,Female,Student,Mobile,Low,Referral,Job search,0.875,On track,Completed,1,46.0,71.2,25.2,4.0,7.0,Interview secured,0,,
EN01536,PT0608,CH043,PRG01,Data Foundations,Data & Digital,Career Transition,English,Hybrid,TR06,Sarawak,2025-07-21,2025-09-15,2025-07-01,Sabah,Kota Kinabalu,25-34,Male,Job seeker,Mobile,High,Community partner,Job search,0.875,On track,In progress / incomplete,0,76.8,98.4,21.6,,,Not measured,0,,
EN01537,PT0201,CH043,PRG01,Data Foundations,Data & Digital,Career Transition,English,Hybrid,TR06,Sarawak,2025-07-21,2025-09-15,2025-07-01,Penang,George Town,25-34,Female,Job seeker,Mobile,Medium,Referral,Career growth,1.0,On track,Completed,1,71.6,95.4,23.8,4.0,8.0,Interview secured,0,,
EN01538,PT0051,CH043,PRG01,Data Foundations,Data & Digital,Career Transition,English,Hybrid,TR06,Sarawak,2025-07-21,2025-09-15,2025-07-01,Penang,George Town,18-24,Female,Employed,Mobile,Medium,Referral,Job search,0.75,On track,Completed,1,60.0,81.3,21.3,4.0,6.0,Interview secured,0,,
EN01539,PT0757,CH043,PRG01,Data Foundations,Data & Digital,Career Transition,English,Hybrid,TR06,Sarawak,2025-07-21,2025-09-15,2025-07-01,Kuala Lumpur,Central,45+,Female,Job seeker,Mobile,Low,Organic,Digital confidence,0.375,High risk,Dropped,0,33.1,43.4,10.3,3.0,5.0,Not measured,0,,
EN01540,PT0363,CH043,PRG01,Data Foundations,Data & Digital,Career Transition,English,Hybrid,TR06,Sarawak,2025-07-21,2025-09-15,2025-07-01,Selangor,Klang,35-44,Male,Job seeker,Laptop/Desktop,Medium,Organic,Career growth,0.875,On track,Completed,1,47.2,64.5,17.3,,,Interview secured,0,,
EN01541,PT0508,CH043,PRG01,Data Foundations,Data & Digital,Career Transition,English,Hybrid,TR06,Sarawak,2025-07-21,2025-09-15,2025-07-01,Selangor,Shah Alam,35-44,Female,Employed,Mobile,Low,Organic,Career growth,0.625,Watch,Completed,1,53.9,75.2,21.3,3.0,4.0,Interview secured,1,23.9,1.0
EN01542,PT0271,CH043,PRG01,Data Foundations,Data & Digital,Career Transition,English,Hybrid,TR06,Sarawak,2025-07-21,2025-09-15,2025-07-01,Selangor,Shah Alam,18-24,Male,Job seeker,Mobile,Medium,Referral,Job search,0.875,On track,Completed,1,43.3,71.0,27.7,4.0,7.0,Interview secured,0,,
EN01543,PT0462,CH043,PRG01,Data Foundations,Data & Digital,Career Transition,English,Hybrid,TR06,Sarawak,2025-07-21,2025-09-15,2025-07-01,Selangor,Klang,25-34,Female,Job seeker,Mobile,Medium,Community partner,Job search,0.625,Watch,Dropped,0,63.6,87.9,24.3,4.0,8.0,Not measured,0,,
EN01544,PT0727,CH043,PRG01,Data Foundations,Data & Digital,Career Transition,English,Hybrid,TR06,Sarawak,2025-07-21,2025-09-15,2025-07-01,Kuala Lumpur,North,35-44,Female,Employed,Laptop/Desktop,Medium,Community partner,Employer requirement,0.75,On track,Completed,1,48.7,76.1,27.4,4.0,7.0,No change reported,0,,
EN01545,PT0425,CH043,PRG01,Data Foundations,Data & Digital,Career Transition,English,Hybrid,TR06,Sarawak,2025-07-21,2025-09-15,2025-07-01,Selangor,Klang,45+,Female,Self-employed,Mobile,Medium,Referral,Job search,0.875,On track,Completed,1,46.9,63.4,16.5,4.0,9.0,No change reported,0,,
EN01546,PT0575,CH043,PRG01,Data Foundations,Data & Digital,Career Transition,English,Hybrid,TR06,Sarawak,2025-07-21,2025-09-15,2025-07-01,Kuala Lumpur,South,35-44,Male,Employed,Laptop/Desktop,Medium,Community partner,Job search,1.0,On track,Completed,1,56.2,83.4,27.2,5.0,10.0,Interview secured,0,,
EN01547,PT0506,CH043,PRG01,Data Foundations,Data & Digital,Career Transition,English,Hybrid,TR06,Sarawak,2025-07-21,2025-09-15,2025-07-01,Penang,George Town,45+,Male,Employed,Mobile,Medium,Community partner,Employer requirement,0.75,On track,Completed,1,42.4,66.5,24.1,,,No change reported,2,21.5,1.0
EN01548,PT0505,CH043,PRG01,Data Foundations,Data & Digital,Career Transition,English,Hybrid,TR06,Sarawak,2025-07-21,2025-09-15,2025-07-01,Kuala Lumpur,North,18-24,Female,Employed,Laptop/Desktop,Medium,Organic,Digital confidence,0.75,On track,Completed,1,60.8,77.9,17.1,3.0,6.0,New role,1,14.9,1.0
EN01549,PT0316,CH043,PRG01,Data Foundations,Data & Digital,Career Transition,English,Hybrid,TR06,Sarawak,2025-07-21,2025-09-15,2025-07-01,Kuala Lumpur,South,25-34,Male,Employed,Mobile,Medium,Community partner,Digital confidence,1.0,On track,Completed,1,56.3,75.4,19.1,5.0,10.0,New role,0,,
EN01550,PT0105,CH043,PRG01,Data Foundations,Data & Digital,Career Transition,English,Hybrid,TR06,Sarawak,2025-07-21,2025-09-15,2025-07-01,Sabah,Kota Kinabalu,25-34,Male,Self-employed,Mobile,High,Employer,Digital confidence,1.0,On track,Completed,1,62.2,90.1,27.9,,,No change reported,0,,
EN01551,PT0482,CH043,PRG01,Data Foundations,Data & Digital,Career Transition,English,Hybrid,TR06,Sarawak,2025-07-21,2025-09-15,2025-07-01,Johor,Muar,35-44,Female,Employed,Mobile,Medium,Organic,Career growth,1.0,On track,Completed,1,33.3,64.0,30.7,5.0,9.0,New role,2,25.0,1.0
EN01552,PT0693,CH043,PRG01,Data Foundations,Data & Digital,Career Transition,English,Hybrid,TR06,Sarawak,2025-07-21,2025-09-15,2025-07-01,Sarawak,Miri,25-34,Male,Employed,Mobile,Medium,Organic,Job search,0.75,On track,Completed,1,69.5,90.5,21.0,5.0,9.0,Interview secured,0,,
EN01553,PT0628,CH043,PRG01,Data Foundations,Data & Digital,Career Transition,English,Hybrid,TR06,Sarawak,2025-07-21,2025-09-15,2025-07-01,Selangor,Klang,25-34,Male,Job seeker,Laptop/Desktop,Medium,Organic,Job search,1.0,On track,Completed,1,63.1,90.5,27.4,,,New role,0,,
EN01554,PT0193,CH043,PRG01,Data Foundations,Data & Digital,Career Transition,English,Hybrid,TR06,Sarawak,2025-07-21,2025-09-15,2025-07-01,Selangor,Petaling,35-44,Male,Self-employed,Mobile,Medium,Community partner,Job search,0.875,On track,Completed,1,39.8,73.5,33.7,,,New role,0,,
EN01555,PT0351,CH044,PRG02,Business Analytics Essentials,Data & Digital,Career Transition,English,Hybrid,TR07,Sarawak,2025-07-21,2025-09-29,2025-07-01,Sarawak,Kuching,18-24,Female,Employed,Mobile,Medium,Organic,Job search,0.7,Watch,Completed,1,77.7,97.6,19.9,5.0,10.0,Interview secured,1,5.4,1.0
EN01556,PT0429,CH044,PRG02,Business Analytics Essentials,Data & Digital,Career Transition,English,Hybrid,TR07,Sarawak,2025-07-21,2025-09-29,2025-07-01,Sabah,Kota Kinabalu,18-24,Male,Job seeker,Laptop/Desktop,Low,Organic,Digital confidence,0.8,On track,Completed,1,61.8,86.6,24.8,4.0,7.0,New role,0,,
EN01557,PT0530,CH044,PRG02,Business Analytics Essentials,Data & Digital,Career Transition,English,Hybrid,TR07,Sarawak,2025-07-21,2025-09-29,2025-07-01,Johor,Muar,45+,Female,Student,Mobile,Medium,Employer,Career growth,0.9,On track,Completed,1,64.3,80.7,16.4,,,No change reported,1,13.0,1.0
EN01558,PT0125,CH044,PRG02,Business Analytics Essentials,Data & Digital,Career Transition,English,Hybrid,TR07,Sarawak,2025-07-21,2025-09-29,2025-07-01,Sabah,Kota Kinabalu,35-44,Male,Student,Laptop/Desktop,Medium,Organic,Career growth,0.8,On track,Completed,1,43.3,62.3,19.0,4.0,7.0,No change reported,0,,
EN01559,PT0299,CH044,PRG02,Business Analytics Essentials,Data & Digital,Career Transition,English,Hybrid,TR07,Sarawak,2025-07-21,2025-09-29,2025-07-01,Selangor,Petaling,25-34,Female,Employed,Laptop/Desktop,Medium,Organic,Digital confidence,0.8,On track,Completed,1,50.3,63.9,13.6,4.0,8.0,Interview secured,0,,
EN01560,PT0636,CH044,PRG02,Business Analytics Essentials,Data & Digital,Career Transition,English,Hybrid,TR07,Sarawak,2025-07-21,2025-09-29,2025-07-01,Penang,George Town,25-34,Female,Employed,Mobile,High,Community partner,Job search,0.9,On track,Completed,1,52.5,74.3,21.8,4.0,9.0,No change reported,0,,
EN01561,PT0019,CH044,PRG02,Business Analytics Essentials,Data & Digital,Career Transition,English,Hybrid,TR07,Sarawak,2025-07-21,2025-09-29,2025-07-01,Selangor,Shah Alam,25-34,Female,Job seeker,Mobile,Medium,Organic,Employer requirement,0.9,On track,Completed,1,50.3,73.3,23.0,4.0,8.0,New role,1,5.5,1.0
EN01562,PT0710,CH044,PRG02,Business Analytics Essentials,Data & Digital,Career Transition,English,Hybrid,TR07,Sarawak,2025-07-21,2025-09-29,2025-07-01,Johor,Johor Bahru,35-44,Female,Employed,Mobile,Medium,Organic,Career growth,0.6,Watch,Completed,1,54.6,77.1,22.5,4.0,7.0,Interview secured,1,13.8,1.0
EN01563,PT0585,CH044,PRG02,Business Analytics Essentials,Data & Digital,Career Transition,English,Hybrid,TR07,Sarawak,2025-07-21,2025-09-29,2025-07-01,Kuala Lumpur,North,35-44,Female,Employed,Mobile,Low,Organic,Digital confidence,0.6,Watch,Dropped,0,20.0,37.6,17.6,4.0,7.0,Not measured,0,,
EN01564,PT0183,CH044,PRG02,Business Analytics Essentials,Data & Digital,Career Transition,English,Hybrid,TR07,Sarawak,2025-07-21,2025-09-29,2025-07-01,Kuala Lumpur,Central,25-34,Male,Employed,Mobile,Medium,Employer,Job search,0.5,Watch,Dropped,0,56.6,80.3,23.7,,,Not measured,0,,
EN01565,PT0336,CH044,PRG02,Business Analytics Essentials,Data & Digital,Career Transition,English,Hybrid,TR07,Sarawak,2025-07-21,2025-09-29,2025-07-01,Johor,Johor Bahru,25-34,Male,Self-employed,Laptop/Desktop,High,Community partner,Digital confidence,0.7,Watch,In progress / incomplete,0,60.2,79.1,18.9,4.0,9.0,Not measured,0,,
EN01566,PT0724,CH044,PRG02,Business Analytics Essentials,Data & Digital,Career Transition,English,Hybrid,TR07,Sarawak,2025-07-21,2025-09-29,2025-07-01,Selangor,Klang,25-34,Female,Job seeker,Mobile,Medium,Organic,Digital confidence,0.9,On track,Completed,1,67.4,95.3,27.9,3.0,3.0,Interview secured,0,,
EN01567,PT0415,CH044,PRG02,Business Analytics Essentials,Data & Digital,Career Transition,English,Hybrid,TR07,Sarawak,2025-07-21,2025-09-29,2025-07-01,Selangor,Shah Alam,35-44,Female,Job seeker,Mobile,Medium,Community partner,Career growth,0.6,Watch,Completed,1,42.7,66.6,23.9,3.0,4.0,No change reported,0,,
EN01568,PT0750,CH044,PRG02,Business Analytics Essentials,Data & Digital,Career Transition,English,Hybrid,TR07,Sarawak,2025-07-21,2025-09-29,2025-07-01,Sabah,Kota Kinabalu,45+,Female,Student,Mobile,Low,Organic,Digital confidence,0.8,On track,Completed,1,51.9,72.3,20.4,4.0,8.0,No change reported,0,,
EN01569,PT0511,CH044,PRG02,Business Analytics Essentials,Data & Digital,Career Transition,English,Hybrid,TR07,Sarawak,2025-07-21,2025-09-29,2025-07-01,Selangor,Klang,25-34,Female,Employed,Mobile,High,Organic,Career growth,1.0,On track,Completed,1,56.3,75.5,19.2,,,New role,1,3.9,1.0
EN01570,PT0366,CH044,PRG02,Business Analytics Essentials,Data & Digital,Career Transition,English,Hybrid,TR07,Sarawak,2025-07-21,2025-09-29,2025-07-01,Selangor,Shah Alam,25-34,Female,Self-employed,Shared device,High,Community partner,Career growth,0.9,On track,Completed,1,66.7,92.6,25.9,4.0,8.0,No change reported,1,25.8,1.0
EN01571,PT0748,CH044,PRG02,Business Analytics Essentials,Data & Digital,Career Transition,English,Hybrid,TR07,Sarawak,2025-07-21,2025-09-29,2025-07-01,Sabah,Sandakan,25-34,Female,Job seeker,Mobile,Low,Organic,Digital confidence,0.8,On track,Completed,1,78.4,100.0,21.6,4.0,6.0,New role,0,,
EN01572,PT0427,CH044,PRG02,Business Analytics Essentials,Data & Digital,Career Transition,English,Hybrid,TR07,Sarawak,2025-07-21,2025-09-29,2025-07-01,Kuala Lumpur,South,35-44,Female,Job seeker,Mobile,High,Employer,Digital confidence,0.8,On track,Completed,1,77.4,100.0,22.6,4.0,8.0,New role,0,,
EN01573,PT0525,CH044,PRG02,Business Analytics Essentials,Data & Digital,Career Transition,English,Hybrid,TR07,Sarawak,2025-07-21,2025-09-29,2025-07-01,Selangor,Petaling,35-44,Female,Employed,Mobile,Low,Employer,Job search,0.7,Watch,Completed,1,57.0,67.8,10.8,3.0,8.0,New role,1,15.6,1.0
EN01574,PT0279,CH044,PRG02,Business Analytics Essentials,Data & Digital,Career Transition,English,Hybrid,TR07,Sarawak,2025-07-21,2025-09-29,2025-07-01,Kuala Lumpur,North,18-24,Male,Employed,Laptop/Desktop,Medium,Community partner,Employer requirement,0.9,On track,Completed,1,52.4,75.7,23.3,4.0,8.0,New role,0,,
EN01575,PT0620,CH044,PRG02,Business Analytics Essentials,Data & Digital,Career Transition,English,Hybrid,TR07,Sarawak,2025-07-21,2025-09-29,2025-07-01,Kuala Lumpur,Central,35-44,Female,Job seeker,Laptop/Desktop,Medium,Organic,Job search,0.9,On track,Completed,1,58.6,80.3,21.7,4.0,7.0,No change reported,0,,
EN01576,PT0634,CH044,PRG02,Business Analytics Essentials,Data & Digital,Career Transition,English,Hybrid,TR07,Sarawak,2025-07-21,2025-09-29,2025-07-01,Johor,Muar,35-44,Non-binary / Prefer not to say,Employed,Laptop/Desktop,High,Organic,Digital confidence,1.0,On track,Completed,1,51.0,91.5,40.5,5.0,9.0,No change reported,0,,
EN01577,PT0484,CH044,PRG02,Business Analytics Essentials,Data & Digital,Career Transition,English,Hybrid,TR07,Sarawak,2025-07-21,2025-09-29,2025-07-01,Selangor,Shah Alam,45+,Female,Student,Mobile,Medium,Community partner,Digital confidence,0.5,Watch,Completed,1,61.7,73.7,12.0,4.0,7.0,No change reported,1,31.1,1.0
EN01578,PT0487,CH044,PRG02,Business Analytics Essentials,Data & Digital,Career Transition,English,Hybrid,TR07,Sarawak,2025-07-21,2025-09-29,2025-07-01,Johor,Johor Bahru,18-24,Female,Job seeker,Mobile,Medium,Employer,Job search,0.8,On track,Completed,1,60.7,79.1,18.4,4.0,5.0,New role,0,,
EN01579,PT0523,CH044,PRG02,Business Analytics Essentials,Data & Digital,Career Transition,English,Hybrid,TR07,Sarawak,2025-07-21,2025-09-29,2025-07-01,Sabah,Kota Kinabalu,25-34,Female,Employed,Laptop/Desktop,Medium,Community partner,Job search,0.8,On track,Completed,1,54.8,88.1,33.3,4.0,7.0,Interview secured,0,,
EN01580,PT0178,CH044,PRG02,Business Analytics Essentials,Data & Digital,Career Transition,English,Hybrid,TR07,Sarawak,2025-07-21,2025-09-29,2025-07-01,Sarawak,Kuching,45+,Male,Job seeker,Mobile,Medium,Employer,Employer requirement,1.0,On track,Completed,1,60.4,86.2,25.8,4.0,7.0,No change reported,0,,
EN01581,PT0416,CH044,PRG02,Business Analytics Essentials,Data & Digital,Career Transition,English,Hybrid,TR07,Sarawak,2025-07-21,2025-09-29,2025-07-01,Selangor,Klang,35-44,Female,Job seeker,Mobile,Low,Community partner,Job search,0.4,High risk,Dropped,0,66.7,85.9,19.2,3.0,5.0,Not measured,1,4.5,1.0
EN01582,PT0526,CH044,PRG02,Business Analytics Essentials,Data & Digital,Career Transition,English,Hybrid,TR07,Sarawak,2025-07-21,2025-09-29,2025-07-01,Kuala Lumpur,Central,18-24,Male,Employed,Laptop/Desktop,Medium,Organic,Digital confidence,1.0,On track,Completed,1,53.1,74.9,21.8,5.0,8.0,No change reported,1,25.1,0.0
EN01583,PT0768,CH044,PRG02,Business Analytics Essentials,Data & Digital,Career Transition,English,Hybrid,TR07,Sarawak,2025-07-21,2025-09-29,2025-07-01,Selangor,Petaling,18-24,Male,Employed,Mobile,Medium,Organic,Career growth,0.9,On track,Completed,1,40.7,71.7,31.0,4.0,7.0,New role,0,,
EN01584,PT0669,CH044,PRG02,Business Analytics Essentials,Data & Digital,Career Transition,English,Hybrid,TR07,Sarawak,2025-07-21,2025-09-29,2025-07-01,Johor,Johor Bahru,45+,Female,Self-employed,Mobile,Low,Referral,Employer requirement,0.6,Watch,Dropped,0,56.5,80.2,23.7,,,Not measured,0,,
EN01585,PT0490,CH044,PRG02,Business Analytics Essentials,Data & Digital,Career Transition,English,Hybrid,TR07,Sarawak,2025-07-21,2025-09-29,2025-07-01,Selangor,Shah Alam,25-34,Female,Employed,Laptop/Desktop,High,Organic,Digital confidence,0.8,On track,In progress / incomplete,0,66.7,92.1,25.4,,,Not measured,0,,
EN01586,PT0628,CH044,PRG02,Business Analytics Essentials,Data & Digital,Career Transition,English,Hybrid,TR07,Sarawak,2025-07-21,2025-09-29,2025-07-01,Selangor,Klang,25-34,Male,Job seeker,Laptop/Desktop,Medium,Community partner,Career growth,1.0,On track,Completed,1,86.6,100.0,13.4,4.0,7.0,No change reported,0,,
EN01587,PT0359,CH044,PRG02,Business Analytics Essentials,Data & Digital,Career Transition,English,Hybrid,TR07,Sarawak,2025-07-21,2025-09-29,2025-07-01,Sabah,Sandakan,25-34,Male,Self-employed,Mobile,High,Referral,Employer requirement,1.0,On track,Completed,1,69.5,94.1,24.6,,,No change reported,0,,
EN01588,PT0017,CH044,PRG02,Business Analytics Essentials,Data & Digital,Career Transition,English,Hybrid,TR07,Sarawak,2025-07-21,2025-09-29,2025-07-01,Selangor,Klang,18-24,Female,Job seeker,Laptop/Desktop,Low,Referral,Digital confidence,0.6,Watch,Completed,1,56.6,72.3,15.7,3.0,4.0,No change reported,0,,
EN01589,PT0448,CH044,PRG02,Business Analytics Essentials,Data & Digital,Career Transition,English,Hybrid,TR07,Sarawak,2025-07-21,2025-09-29,2025-07-01,Sabah,Kota Kinabalu,18-24,Male,Employed,Mobile,High,Community partner,Employer requirement,0.7,Watch,Completed,1,54.4,73.4,19.0,3.0,3.0,New role,0,,
EN01590,PT0338,CH044,PRG02,Business Analytics Essentials,Data & Digital,Career Transition,English,Hybrid,TR07,Sarawak,2025-07-21,2025-09-29,2025-07-01,Penang,George Town,25-34,Female,Job seeker,Mobile,Medium,Organic,Career growth,0.8,On track,Completed,1,51.0,80.3,29.3,,,Interview secured,0,,
EN01591,PT0635,CH044,PRG02,Business Analytics Essentials,Data & Digital,Career Transition,English,Hybrid,TR07,Sarawak,2025-07-21,2025-09-29,2025-07-01,Kuala Lumpur,South,25-34,Female,Self-employed,Mobile,Medium,Community partner,Digital confidence,0.9,On track,Completed,1,49.4,74.7,25.3,,,No change reported,0,,
EN01592,PT0590,CH045,PRG03,Digital Workplace Skills,Employability,Community Upskilling,Malay,In-person,TR01,Penang,2025-08-04,2025-09-15,2025-08-01,Selangor,Klang,35-44,Male,Employed,Laptop/Desktop,High,Community partner,Career growth,1.0,On track,Completed,1,67.3,95.2,27.9,5.0,10.0,Not measured,0,,
EN01593,PT0256,CH045,PRG03,Digital Workplace Skills,Employability,Community Upskilling,Malay,In-person,TR01,Penang,2025-08-04,2025-09-15,2025-08-01,Kuala Lumpur,North,25-34,Female,Employed,Mobile,Low,Organic,Employer requirement,0.8333,On track,Completed,1,54.3,82.0,27.7,5.0,10.0,Not measured,0,,
EN01594,PT0389,CH045,PRG03,Digital Workplace Skills,Employability,Community Upskilling,Malay,In-person,TR01,Penang,2025-08-04,2025-09-15,2025-08-01,Selangor,Klang,25-34,Male,Self-employed,Laptop/Desktop,Low,Community partner,Career growth,1.0,On track,Completed,1,42.5,67.0,24.5,5.0,9.0,Not measured,1,12.6,1.0
EN01595,PT0595,CH045,PRG03,Digital Workplace Skills,Employability,Community Upskilling,Malay,In-person,TR01,Penang,2025-08-04,2025-09-15,2025-08-01,Penang,Seberang Perai,35-44,Male,Employed,Laptop/Desktop,High,Community partner,Digital confidence,1.0,On track,Completed,1,51.2,82.8,31.6,4.0,7.0,Not measured,0,,
EN01596,PT0544,CH045,PRG03,Digital Workplace Skills,Employability,Community Upskilling,Malay,In-person,TR01,Penang,2025-08-04,2025-09-15,2025-08-01,Johor,Muar,25-34,Female,Job seeker,Laptop/Desktop,Medium,Community partner,Digital confidence,0.6667,Watch,Completed,1,61.6,78.9,17.3,4.0,9.0,Not measured,0,,
EN01597,PT0458,CH045,PRG03,Digital Workplace Skills,Employability,Community Upskilling,Malay,In-person,TR01,Penang,2025-08-04,2025-09-15,2025-08-01,Sarawak,Miri,25-34,Male,Self-employed,Mobile,Low,Organic,Digital confidence,0.5,Watch,Dropped,0,52.5,66.7,14.2,3.0,6.0,Not measured,0,,
EN01598,PT0447,CH045,PRG03,Digital Workplace Skills,Employability,Community Upskilling,Malay,In-person,TR01,Penang,2025-08-04,2025-09-15,2025-08-01,Kuala Lumpur,North,25-34,Female,Job seeker,Mobile,High,Employer,Digital confidence,1.0,On track,Completed,1,57.9,89.8,31.9,5.0,9.0,Not measured,0,,
EN01599,PT0398,CH045,PRG03,Digital Workplace Skills,Employability,Community Upskilling,Malay,In-person,TR01,Penang,2025-08-04,2025-09-15,2025-08-01,Sarawak,Miri,45+,Male,Job seeker,Mobile,High,Community partner,Job search,1.0,On track,Completed,1,39.4,60.3,20.9,4.0,8.0,Not measured,0,,
EN01600,PT0057,CH045,PRG03,Digital Workplace Skills,Employability,Community Upskilling,Malay,In-person,TR01,Penang,2025-08-04,2025-09-15,2025-08-01,Johor,Muar,35-44,Male,Self-employed,Mobile,Low,Referral,Job search,0.6667,Watch,In progress / incomplete,0,66.7,87.1,20.4,4.0,10.0,Not measured,0,,
EN01601,PT0136,CH045,PRG03,Digital Workplace Skills,Employability,Community Upskilling,Malay,In-person,TR01,Penang,2025-08-04,2025-09-15,2025-08-01,Sarawak,Miri,25-34,Non-binary / Prefer not to say,Student,Laptop/Desktop,High,Community partner,Employer requirement,1.0,On track,Completed,1,56.7,77.6,20.9,5.0,8.0,Not measured,0,,
EN01602,PT0409,CH045,PRG03,Digital Workplace Skills,Employability,Community Upskilling,Malay,In-person,TR01,Penang,2025-08-04,2025-09-15,2025-08-01,Johor,Muar,35-44,Male,Job seeker,Mobile,High,Referral,Digital confidence,1.0,On track,Completed,1,69.5,97.9,28.4,4.0,7.0,Not measured,1,6.1,1.0
EN01603,PT0433,CH045,PRG03,Digital Workplace Skills,Employability,Community Upskilling,Malay,In-person,TR01,Penang,2025-08-04,2025-09-15,2025-08-01,Selangor,Petaling,25-34,Male,Employed,Laptop/Desktop,Medium,Employer,Career growth,1.0,On track,Completed,1,43.1,64.8,21.7,,,Not measured,0,,
EN01604,PT0605,CH045,PRG03,Digital Workplace Skills,Employability,Community Upskilling,Malay,In-person,TR01,Penang,2025-08-04,2025-09-15,2025-08-01,Johor,Johor Bahru,35-44,Male,Self-employed,Shared device,High,Referral,Career growth,1.0,On track,Completed,1,72.1,96.2,24.1,4.0,9.0,Not measured,2,23.4,0.5
EN01605,PT0425,CH045,PRG03,Digital Workplace Skills,Employability,Community Upskilling,Malay,In-person,TR01,Penang,2025-08-04,2025-09-15,2025-08-01,Selangor,Klang,45+,Female,Self-employed,Mobile,Medium,Referral,Digital confidence,0.8333,On track,Completed,1,55.9,87.8,31.9,3.0,6.0,Not measured,0,,
EN01606,PT0344,CH045,PRG03,Digital Workplace Skills,Employability,Community Upskilling,Malay,In-person,TR01,Penang,2025-08-04,2025-09-15,2025-08-01,Selangor,Shah Alam,25-34,Male,Self-employed,Laptop/Desktop,High,Referral,Digital confidence,1.0,On track,Completed,1,75.1,90.3,15.2,,,Not measured,0,,
EN01607,PT0037,CH045,PRG03,Digital Workplace Skills,Employability,Community Upskilling,Malay,In-person,TR01,Penang,2025-08-04,2025-09-15,2025-08-01,Sarawak,Miri,25-34,Non-binary / Prefer not to say,Employed,Mobile,High,Referral,Career growth,1.0,On track,Completed,1,53.9,82.4,28.5,4.0,6.0,Not measured,0,,
EN01608,PT0181,CH045,PRG03,Digital Workplace Skills,Employability,Community Upskilling,Malay,In-person,TR01,Penang,2025-08-04,2025-09-15,2025-08-01,Kuala Lumpur,North,25-34,Male,Job seeker,Laptop/Desktop,Medium,Referral,Employer requirement,0.8333,On track,Completed,1,66.5,94.0,27.5,4.0,8.0,Not measured,0,,
EN01609,PT0361,CH045,PRG03,Digital Workplace Skills,Employability,Community Upskilling,Malay,In-person,TR01,Penang,2025-08-04,2025-09-15,2025-08-01,Selangor,Petaling,35-44,Female,Employed,Laptop/Desktop,Medium,Organic,Job search,0.8333,On track,Completed,1,48.2,73.8,25.6,4.0,6.0,Not measured,2,39.8,0.0
EN01610,PT0350,CH045,PRG03,Digital Workplace Skills,Employability,Community Upskilling,Malay,In-person,TR01,Penang,2025-08-04,2025-09-15,2025-08-01,Selangor,Klang,35-44,Female,Job seeker,Mobile,Low,Community partner,Career growth,1.0,On track,Completed,1,27.9,54.6,26.7,5.0,10.0,Not measured,0,,
EN01611,PT0288,CH045,PRG03,Digital Workplace Skills,Employability,Community Upskilling,Malay,In-person,TR01,Penang,2025-08-04,2025-09-15,2025-08-01,Kuala Lumpur,South,18-24,Male,Employed,Mobile,Medium,Organic,Career growth,0.8333,On track,Completed,1,68.6,93.7,25.1,5.0,10.0,Not measured,0,,
EN01612,PT0498,CH045,PRG03,Digital Workplace Skills,Employability,Community Upskilling,Malay,In-person,TR01,Penang,2025-08-04,2025-09-15,2025-08-01,Sarawak,Kuching,25-34,Female,Job seeker,Laptop/Desktop,High,Community partner,Job search,1.0,On track,Completed,1,51.7,94.8,43.1,4.0,8.0,Not measured,0,,
EN01613,PT0720,CH045,PRG03,Digital Workplace Skills,Employability,Community Upskilling,Malay,In-person,TR01,Penang,2025-08-04,2025-09-15,2025-08-01,Penang,Seberang Perai,25-34,Male,Job seeker,Mobile,Medium,Employer,Job search,0.8333,On track,Dropped,0,54.7,86.9,32.2,5.0,10.0,Not measured,2,56.3,0.5
EN01614,PT0291,CH045,PRG03,Digital Workplace Skills,Employability,Community Upskilling,Malay,In-person,TR01,Penang,2025-08-04,2025-09-15,2025-08-01,Penang,Seberang Perai,18-24,Female,Student,Mobile,Low,Employer,Employer requirement,0.5,Watch,In progress / incomplete,0,50.6,70.0,19.4,3.0,4.0,Not measured,0,,
EN01615,PT0339,CH045,PRG03,Digital Workplace Skills,Employability,Community Upskilling,Malay,In-person,TR01,Penang,2025-08-04,2025-09-15,2025-08-01,Sabah,Sandakan,25-34,Male,Employed,Shared device,Low,Community partner,Career growth,0.1667,High risk,Dropped,0,33.9,34.9,1.0,2.0,3.0,Not measured,0,,
EN01616,PT0051,CH045,PRG03,Digital Workplace Skills,Employability,Community Upskilling,Malay,In-person,TR01,Penang,2025-08-04,2025-09-15,2025-08-01,Penang,George Town,18-24,Female,Employed,Mobile,Medium,Organic,Career growth,0.8333,On track,Completed,1,62.7,92.4,29.7,4.0,7.0,Not measured,0,,
EN01617,PT0730,CH045,PRG03,Digital Workplace Skills,Employability,Community Upskilling,Malay,In-person,TR01,Penang,2025-08-04,2025-09-15,2025-08-01,Penang,Seberang Perai,45+,Male,Job seeker,Shared device,Medium,Community partner,Digital confidence,1.0,On track,Completed,1,36.6,56.7,20.1,5.0,10.0,Not measured,1,35.1,1.0
EN01618,PT0308,CH045,PRG03,Digital Workplace Skills,Employability,Community Upskilling,Malay,In-person,TR01,Penang,2025-08-04,2025-09-15,2025-08-01,Sarawak,Kuching,25-34,Male,Job seeker,Laptop/Desktop,Low,Organic,Digital confidence,0.8333,On track,Completed,1,58.4,89.1,30.7,,,Not measured,0,,
EN01619,PT0297,CH045,PRG03,Digital Workplace Skills,Employability,Community Upskilling,Malay,In-person,TR01,Penang,2025-08-04,2025-09-15,2025-08-01,Sabah,Kota Kinabalu,25-34,Female,Job seeker,Shared device,Low,Community partner,Digital confidence,0.8333,On track,Completed,1,36.2,52.6,16.4,4.0,10.0,Not measured,0,,
EN01620,PT0497,CH045,PRG03,Digital Workplace Skills,Employability,Community Upskilling,Malay,In-person,TR01,Penang,2025-08-04,2025-09-15,2025-08-01,Sabah,Kota Kinabalu,25-34,Male,Job seeker,Shared device,High,Community partner,Digital confidence,0.6667,Watch,Dropped,0,67.6,86.8,19.2,,,Not measured,1,20.4,1.0
EN01621,PT0406,CH045,PRG03,Digital Workplace Skills,Employability,Community Upskilling,Malay,In-person,TR01,Penang,2025-08-04,2025-09-15,2025-08-01,Selangor,Shah Alam,45+,Male,Job seeker,Mobile,Low,Organic,Career growth,0.5,Watch,Completed,1,71.6,90.0,18.4,3.0,8.0,Not measured,0,,
EN01622,PT0126,CH045,PRG03,Digital Workplace Skills,Employability,Community Upskilling,Malay,In-person,TR01,Penang,2025-08-04,2025-09-15,2025-08-01,Penang,George Town,18-24,Male,Job seeker,Mobile,Medium,Community partner,Career growth,0.8333,On track,Completed,1,46.4,76.4,30.0,4.0,8.0,Not measured,0,,
EN01623,PT0100,CH045,PRG03,Digital Workplace Skills,Employability,Community Upskilling,Malay,In-person,TR01,Penang,2025-08-04,2025-09-15,2025-08-01,Selangor,Petaling,18-24,Female,Employed,Mobile,High,Community partner,Employer requirement,1.0,On track,Completed,1,63.4,91.1,27.7,5.0,9.0,Not measured,0,,
EN01624,PT0169,CH045,PRG03,Digital Workplace Skills,Employability,Community Upskilling,Malay,In-person,TR01,Penang,2025-08-04,2025-09-15,2025-08-01,Kuala Lumpur,Central,35-44,Male,Employed,Laptop/Desktop,Low,Organic,Job search,1.0,On track,Completed,1,20.0,53.7,33.7,4.0,6.0,Not measured,0,,
EN01625,PT0128,CH045,PRG03,Digital Workplace Skills,Employability,Community Upskilling,Malay,In-person,TR01,Penang,2025-08-04,2025-09-15,2025-08-01,Kuala Lumpur,North,35-44,Male,Job seeker,Mobile,Medium,Organic,Employer requirement,1.0,On track,Completed,1,78.8,98.1,19.3,5.0,10.0,Not measured,1,7.0,1.0
EN01626,PT0374,CH045,PRG03,Digital Workplace Skills,Employability,Community Upskilling,Malay,In-person,TR01,Penang,2025-08-04,2025-09-15,2025-08-01,Penang,Seberang Perai,45+,Female,Employed,Mobile,Low,Employer,Job search,0.6667,Watch,Completed,1,44.1,68.5,24.4,3.0,5.0,Not measured,0,,
EN01627,PT0074,CH045,PRG03,Digital Workplace Skills,Employability,Community Upskilling,Malay,In-person,TR01,Penang,2025-08-04,2025-09-15,2025-08-01,Sarawak,Kuching,25-34,Female,Job seeker,Laptop/Desktop,Medium,Community partner,Career growth,0.8333,On track,Completed,1,62.1,92.9,30.8,4.0,7.0,Not measured,1,9.6,1.0
EN01628,PT0290,CH045,PRG03,Digital Workplace Skills,Employability,Community Upskilling,Malay,In-person,TR01,Penang,2025-08-04,2025-09-15,2025-08-01,Kuala Lumpur,North,25-34,Male,Employed,Shared device,High,Employer,Digital confidence,0.8333,On track,Completed,1,43.4,57.2,13.8,5.0,9.0,Not measured,1,6.0,1.0
EN01629,PT0716,CH045,PRG03,Digital Workplace Skills,Employability,Community Upskilling,Malay,In-person,TR01,Penang,2025-08-04,2025-09-15,2025-08-01,Kuala Lumpur,North,25-34,Male,Job seeker,Mobile,Medium,Organic,Career growth,0.8333,On track,Completed,1,58.2,73.7,15.5,5.0,10.0,Not measured,1,19.7,1.0
EN01630,PT0528,CH045,PRG03,Digital Workplace Skills,Employability,Community Upskilling,Malay,In-person,TR01,Penang,2025-08-04,2025-09-15,2025-08-01,Penang,George Town,45+,Female,Job seeker,Mobile,Low,Community partner,Career growth,0.6667,Watch,Completed,1,55.0,86.8,31.8,,,Not measured,0,,
EN01631,PT0086,CH045,PRG03,Digital Workplace Skills,Employability,Community Upskilling,Malay,In-person,TR01,Penang,2025-08-04,2025-09-15,2025-08-01,Sabah,Kota Kinabalu,35-44,Male,Employed,Shared device,Low,Employer,Employer requirement,0.8333,On track,In progress / incomplete,0,56.5,83.3,26.8,,,Not measured,1,21.0,1.0
EN01632,PT0346,CH045,PRG03,Digital Workplace Skills,Employability,Community Upskilling,Malay,In-person,TR01,Penang,2025-08-04,2025-09-15,2025-08-01,Johor,Muar,18-24,Male,Self-employed,Laptop/Desktop,High,Organic,Career growth,1.0,On track,Completed,1,58.3,87.8,29.5,,,Not measured,0,,
EN01633,PT0156,CH045,PRG03,Digital Workplace Skills,Employability,Community Upskilling,Malay,In-person,TR01,Penang,2025-08-04,2025-09-15,2025-08-01,Penang,George Town,18-24,Female,Employed,Laptop/Desktop,Medium,Community partner,Digital confidence,1.0,On track,Completed,1,38.9,68.8,29.9,4.0,8.0,Not measured,1,24.6,1.0
EN01634,PT0190,CH045,PRG03,Digital Workplace Skills,Employability,Community Upskilling,Malay,In-person,TR01,Penang,2025-08-04,2025-09-15,2025-08-01,Kuala Lumpur,Central,25-34,Female,Employed,Laptop/Desktop,Low,Employer,Employer requirement,0.8333,On track,Completed,1,69.6,95.2,25.6,5.0,10.0,Not measured,0,,
EN01635,PT0749,CH045,PRG03,Digital Workplace Skills,Employability,Community Upskilling,Malay,In-person,TR01,Penang,2025-08-04,2025-09-15,2025-08-01,Selangor,Klang,35-44,Male,Employed,Mobile,Medium,Community partner,Job search,1.0,On track,Completed,1,37.2,56.6,19.4,,,Not measured,1,8.9,1.0
EN01636,PT0396,CH045,PRG03,Digital Workplace Skills,Employability,Community Upskilling,Malay,In-person,TR01,Penang,2025-08-04,2025-09-15,2025-08-01,Kuala Lumpur,North,18-24,Female,Employed,Laptop/Desktop,Medium,Referral,Job search,0.6667,Watch,In progress / incomplete,0,66.3,84.4,18.1,4.0,7.0,Not measured,0,,
EN01637,PT0209,CH046,PRG04,Customer Support Excellence,Operations,Workforce Development,English,Virtual,TR02,Selangor,2025-08-04,2025-09-15,2025-08-01,Selangor,Klang,18-24,Female,Job seeker,Mobile,Medium,Organic,Job search,1.0,On track,Completed,1,77.3,91.0,13.7,,,Not measured,1,15.1,1.0
EN01638,PT0124,CH046,PRG04,Customer Support Excellence,Operations,Workforce Development,English,Virtual,TR02,Selangor,2025-08-04,2025-09-15,2025-08-01,Sarawak,Miri,25-34,Female,Employed,Mobile,High,Organic,Employer requirement,0.8333,On track,Completed,1,71.5,81.9,10.4,5.0,10.0,Not measured,0,,
EN01639,PT0354,CH046,PRG04,Customer Support Excellence,Operations,Workforce Development,English,Virtual,TR02,Selangor,2025-08-04,2025-09-15,2025-08-01,Johor,Muar,18-24,Male,Job seeker,Shared device,High,Community partner,Career growth,0.6667,Watch,Completed,1,62.5,74.5,12.0,4.0,8.0,Not measured,1,26.8,0.0
EN01640,PT0462,CH046,PRG04,Customer Support Excellence,Operations,Workforce Development,English,Virtual,TR02,Selangor,2025-08-04,2025-09-15,2025-08-01,Selangor,Klang,25-34,Female,Job seeker,Mobile,Medium,Community partner,Job search,0.8333,On track,Completed,1,37.1,62.7,25.6,4.0,7.0,Not measured,0,,
EN01641,PT0478,CH046,PRG04,Customer Support Excellence,Operations,Workforce Development,English,Virtual,TR02,Selangor,2025-08-04,2025-09-15,2025-08-01,Kuala Lumpur,North,18-24,Female,Employed,Laptop/Desktop,Medium,Employer,Job search,0.5,Watch,Dropped,0,55.6,76.2,20.6,2.0,5.0,Not measured,0,,
EN01642,PT0183,CH046,PRG04,Customer Support Excellence,Operations,Workforce Development,English,Virtual,TR02,Selangor,2025-08-04,2025-09-15,2025-08-01,Kuala Lumpur,Central,25-34,Male,Employed,Mobile,Medium,Community partner,Job search,0.8333,On track,Completed,1,62.2,98.5,36.3,5.0,10.0,Not measured,1,26.3,1.0
EN01643,PT0417,CH046,PRG04,Customer Support Excellence,Operations,Workforce Development,English,Virtual,TR02,Selangor,2025-08-04,2025-09-15,2025-08-01,Selangor,Klang,45+,Female,Job seeker,Mobile,Medium,Employer,Career growth,0.6667,Watch,Completed,1,49.2,67.7,18.5,4.0,8.0,Not measured,0,,
EN01644,PT0223,CH046,PRG04,Customer Support Excellence,Operations,Workforce Development,English,Virtual,TR02,Selangor,2025-08-04,2025-09-15,2025-08-01,Penang,George Town,25-34,Male,Self-employed,Mobile,Low,Employer,Employer requirement,0.8333,On track,Completed,1,45.7,60.2,14.5,,,Not measured,1,7.3,1.0
EN01645,PT0150,CH046,PRG04,Customer Support Excellence,Operations,Workforce Development,English,Virtual,TR02,Selangor,2025-08-04,2025-09-15,2025-08-01,Penang,Seberang Perai,18-24,Male,Employed,Mobile,Medium,Organic,Employer requirement,0.6667,Watch,Dropped,0,32.5,48.6,16.1,4.0,10.0,Not measured,1,7.4,1.0
EN01646,PT0589,CH046,PRG04,Customer Support Excellence,Operations,Workforce Development,English,Virtual,TR02,Selangor,2025-08-04,2025-09-15,2025-08-01,Sabah,Sandakan,18-24,Female,Employed,Mobile,High,Community partner,Career growth,1.0,On track,Completed,1,67.3,94.8,27.5,4.0,6.0,Not measured,0,,
EN01647,PT0274,CH046,PRG04,Customer Support Excellence,Operations,Workforce Development,English,Virtual,TR02,Selangor,2025-08-04,2025-09-15,2025-08-01,Johor,Muar,35-44,Female,Employed,Mobile,High,Referral,Job search,0.6667,Watch,Dropped,0,56.1,65.3,9.2,4.0,5.0,Not measured,0,,
EN01648,PT0047,CH046,PRG04,Customer Support Excellence,Operations,Workforce Development,English,Virtual,TR02,Selangor,2025-08-04,2025-09-15,2025-08-01,Johor,Muar,45+,Female,Self-employed,Mobile,Medium,Community partner,Job search,0.6667,Watch,Completed,1,51.0,76.7,25.7,,,Not measured,1,20.1,1.0
EN01649,PT0318,CH046,PRG04,Customer Support Excellence,Operations,Workforce Development,English,Virtual,TR02,Selangor,2025-08-04,2025-09-15,2025-08-01,Sabah,Sandakan,18-24,Female,Job seeker,Laptop/Desktop,Medium,Employer,Digital confidence,0.8333,On track,Completed,1,53.2,84.1,30.9,3.0,6.0,Not measured,0,,
EN01650,PT0099,CH046,PRG04,Customer Support Excellence,Operations,Workforce Development,English,Virtual,TR02,Selangor,2025-08-04,2025-09-15,2025-08-01,Sabah,Sandakan,25-34,Female,Self-employed,Mobile,Medium,Community partner,Career growth,0.3333,High risk,Completed,1,41.0,60.1,19.1,3.0,5.0,Not measured,0,,
EN01651,PT0048,CH046,PRG04,Customer Support Excellence,Operations,Workforce Development,English,Virtual,TR02,Selangor,2025-08-04,2025-09-15,2025-08-01,Selangor,Petaling,25-34,Female,Employed,Shared device,Medium,Employer,Career growth,0.8333,On track,Completed,1,40.5,70.5,30.0,3.0,7.0,Not measured,0,,
EN01652,PT0178,CH046,PRG04,Customer Support Excellence,Operations,Workforce Development,English,Virtual,TR02,Selangor,2025-08-04,2025-09-15,2025-08-01,Sarawak,Kuching,45+,Male,Job seeker,Mobile,Medium,Employer,Career growth,0.8333,On track,Completed,1,48.2,74.7,26.5,5.0,10.0,Not measured,0,,
EN01653,PT0345,CH046,PRG04,Customer Support Excellence,Operations,Workforce Development,English,Virtual,TR02,Selangor,2025-08-04,2025-09-15,2025-08-01,Penang,Seberang Perai,25-34,Male,Job seeker,Mobile,Medium,Employer,Job search,0.6667,Watch,Completed,1,77.9,100.0,22.1,4.0,8.0,Not measured,0,,
EN01654,PT0754,CH046,PRG04,Customer Support Excellence,Operations,Workforce Development,English,Virtual,TR02,Selangor,2025-08-04,2025-09-15,2025-08-01,Johor,Muar,25-34,Male,Job seeker,Shared device,High,Community partner,Career growth,0.8333,On track,Completed,1,59.9,86.7,26.8,,,Not measured,0,,
EN01655,PT0522,CH046,PRG04,Customer Support Excellence,Operations,Workforce Development,English,Virtual,TR02,Selangor,2025-08-04,2025-09-15,2025-08-01,Kuala Lumpur,North,35-44,Male,Self-employed,Laptop/Desktop,Low,Organic,Job search,0.6667,Watch,Completed,1,48.7,60.5,11.8,,,Not measured,0,,
EN01656,PT0409,CH046,PRG04,Customer Support Excellence,Operations,Workforce Development,English,Virtual,TR02,Selangor,2025-08-04,2025-09-15,2025-08-01,Johor,Muar,35-44,Male,Job seeker,Mobile,High,Organic,Digital confidence,0.8333,On track,Completed,1,80.6,100.0,19.4,4.0,9.0,Not measured,0,,
EN01657,PT0655,CH046,PRG04,Customer Support Excellence,Operations,Workforce Development,English,Virtual,TR02,Selangor,2025-08-04,2025-09-15,2025-08-01,Sabah,Kota Kinabalu,35-44,Male,Employed,Laptop/Desktop,Low,Community partner,Job search,0.6667,Watch,Completed,1,42.4,63.5,21.1,4.0,7.0,Not measured,1,24.9,1.0
EN01658,PT0517,CH046,PRG04,Customer Support Excellence,Operations,Workforce Development,English,Virtual,TR02,Selangor,2025-08-04,2025-09-15,2025-08-01,Selangor,Shah Alam,35-44,Female,Job seeker,Mobile,Low,Community partner,Employer requirement,0.8333,On track,Completed,1,39.6,53.7,14.1,3.0,4.0,Not measured,0,,
EN01659,PT0654,CH046,PRG04,Customer Support Excellence,Operations,Workforce Development,English,Virtual,TR02,Selangor,2025-08-04,2025-09-15,2025-08-01,Sabah,Sandakan,25-34,Male,Employed,Shared device,Medium,Referral,Job search,0.1667,High risk,In progress / incomplete,0,68.3,71.8,3.5,3.0,3.0,Not measured,1,22.0,1.0
EN01660,PT0632,CH046,PRG04,Customer Support Excellence,Operations,Workforce Development,English,Virtual,TR02,Selangor,2025-08-04,2025-09-15,2025-08-01,Johor,Muar,18-24,Female,Self-employed,Laptop/Desktop,High,Organic,Digital confidence,0.6667,Watch,Dropped,0,47.9,74.4,26.5,4.0,10.0,Not measured,0,,
EN01661,PT0158,CH046,PRG04,Customer Support Excellence,Operations,Workforce Development,English,Virtual,TR02,Selangor,2025-08-04,2025-09-15,2025-08-01,Penang,George Town,18-24,Male,Employed,Mobile,Low,Employer,Digital confidence,0.5,Watch,Completed,1,68.2,77.9,9.7,3.0,5.0,Not measured,1,19.4,1.0
EN01662,PT0620,CH046,PRG04,Customer Support Excellence,Operations,Workforce Development,English,Virtual,TR02,Selangor,2025-08-04,2025-09-15,2025-08-01,Kuala Lumpur,Central,35-44,Female,Job seeker,Laptop/Desktop,Medium,Organic,Career growth,1.0,On track,Completed,1,46.5,74.2,27.7,,,Not measured,0,,
EN01663,PT0038,CH046,PRG04,Customer Support Excellence,Operations,Workforce Development,English,Virtual,TR02,Selangor,2025-08-04,2025-09-15,2025-08-01,Selangor,Shah Alam,25-34,Male,Job seeker,Mobile,Low,Community partner,Digital confidence,0.5,Watch,Completed,1,61.2,87.3,26.1,4.0,6.0,Not measured,1,43.1,1.0
EN01664,PT0453,CH046,PRG04,Customer Support Excellence,Operations,Workforce Development,English,Virtual,TR02,Selangor,2025-08-04,2025-09-15,2025-08-01,Selangor,Klang,45+,Male,Employed,Mobile,High,Community partner,Career growth,0.8333,On track,Completed,1,43.6,68.8,25.2,,,Not measured,1,29.5,1.0
EN01665,PT0338,CH046,PRG04,Customer Support Excellence,Operations,Workforce Development,English,Virtual,TR02,Selangor,2025-08-04,2025-09-15,2025-08-01,Penang,George Town,25-34,Female,Job seeker,Mobile,Medium,Organic,Digital confidence,1.0,On track,Completed,1,75.5,100.0,24.5,,,Not measured,0,,
EN01666,PT0631,CH046,PRG04,Customer Support Excellence,Operations,Workforce Development,English,Virtual,TR02,Selangor,2025-08-04,2025-09-15,2025-08-01,Sabah,Kota Kinabalu,25-34,Male,Job seeker,Laptop/Desktop,Medium,Referral,Career growth,0.8333,On track,Completed,1,52.8,72.9,20.1,,,Not measured,0,,
EN01667,PT0351,CH046,PRG04,Customer Support Excellence,Operations,Workforce Development,English,Virtual,TR02,Selangor,2025-08-04,2025-09-15,2025-08-01,Sarawak,Kuching,18-24,Female,Employed,Mobile,Medium,Community partner,Employer requirement,0.6667,Watch,In progress / incomplete,0,52.2,81.4,29.2,5.0,9.0,Not measured,0,,
EN01668,PT0604,CH046,PRG04,Customer Support Excellence,Operations,Workforce Development,English,Virtual,TR02,Selangor,2025-08-04,2025-09-15,2025-08-01,Sarawak,Kuching,18-24,Female,Job seeker,Mobile,Medium,Community partner,Employer requirement,0.6667,Watch,Completed,1,72.4,92.8,20.4,3.0,5.0,Not measured,0,,
EN01669,PT0469,CH046,PRG04,Customer Support Excellence,Operations,Workforce Development,English,Virtual,TR02,Selangor,2025-08-04,2025-09-15,2025-08-01,Kuala Lumpur,South,25-34,Female,Student,Shared device,Medium,Community partner,Career growth,0.6667,Watch,Completed,1,62.9,85.6,22.7,,,Not measured,0,,
EN01670,PT0381,CH046,PRG04,Customer Support Excellence,Operations,Workforce Development,English,Virtual,TR02,Selangor,2025-08-04,2025-09-15,2025-08-01,Kuala Lumpur,Central,18-24,Female,Job seeker,Laptop/Desktop,Medium,Referral,Employer requirement,0.8333,On track,Completed,1,69.6,94.3,24.7,,,Not measured,0,,
EN01671,PT0743,CH046,PRG04,Customer Support Excellence,Operations,Workforce Development,English,Virtual,TR02,Selangor,2025-08-04,2025-09-15,2025-08-01,Selangor,Shah Alam,35-44,Male,Employed,Mobile,Medium,Employer,Digital confidence,1.0,On track,Completed,1,42.6,55.0,12.4,4.0,7.0,Not measured,0,,
EN01672,PT0311,CH046,PRG04,Customer Support Excellence,Operations,Workforce Development,English,Virtual,TR02,Selangor,2025-08-04,2025-09-15,2025-08-01,Kuala Lumpur,South,18-24,Male,Employed,Mobile,Medium,Employer,Career growth,0.8333,On track,Completed,1,88.0,100.0,12.0,,,Not measured,0,,
EN01673,PT0066,CH046,PRG04,Customer Support Excellence,Operations,Workforce Development,English,Virtual,TR02,Selangor,2025-08-04,2025-09-15,2025-08-01,Sabah,Kota Kinabalu,35-44,Female,Student,Mobile,Low,Employer,Employer requirement,0.8333,On track,Completed,1,40.7,57.6,16.9,4.0,5.0,Not measured,1,41.9,0.0
EN01674,PT0039,CH046,PRG04,Customer Support Excellence,Operations,Workforce Development,English,Virtual,TR02,Selangor,2025-08-04,2025-09-15,2025-08-01,Selangor,Shah Alam,25-34,Male,Employed,Mobile,Medium,Community partner,Digital confidence,0.5,Watch,Completed,1,28.4,50.8,22.4,3.0,4.0,Not measured,0,,
EN01675,PT0122,CH046,PRG04,Customer Support Excellence,Operations,Workforce Development,English,Virtual,TR02,Selangor,2025-08-04,2025-09-15,2025-08-01,Sabah,Kota Kinabalu,35-44,Male,Employed,Shared device,Low,Community partner,Job search,0.5,Watch,Completed,1,48.8,67.6,18.8,4.0,8.0,Not measured,0,,
EN01676,PT0660,CH046,PRG04,Customer Support Excellence,Operations,Workforce Development,English,Virtual,TR02,Selangor,2025-08-04,2025-09-15,2025-08-01,Sarawak,Kuching,45+,Female,Employed,Mobile,High,Organic,Job search,0.6667,Watch,Completed,1,46.5,72.6,26.1,4.0,10.0,Not measured,0,,
EN01677,PT0123,CH046,PRG04,Customer Support Excellence,Operations,Workforce Development,English,Virtual,TR02,Selangor,2025-08-04,2025-09-15,2025-08-01,Kuala Lumpur,South,25-34,Male,Student,Mobile,Medium,Organic,Career growth,0.8333,On track,Completed,1,43.7,59.7,16.0,,,Not measured,0,,
EN01678,PT0461,CH046,PRG04,Customer Support Excellence,Operations,Workforce Development,English,Virtual,TR02,Selangor,2025-08-04,2025-09-15,2025-08-01,Kuala Lumpur,Central,45+,Male,Employed,Mobile,Medium,Referral,Job search,0.5,Watch,Completed,1,65.5,86.5,21.0,4.0,9.0,Not measured,0,,
EN01679,PT0780,CH047,PRG05,Financial Literacy,Business,Community Upskilling,Hindi,In-person,TR11,Sarawak,2025-07-21,2025-08-25,2025-07-01,Selangor,Klang,45+,Male,Self-employed,Laptop/Desktop,High,Community partner,Digital confidence,1.0,On track,Completed,1,62.0,92.2,30.2,4.0,7.0,Not measured,0,,
EN01680,PT0318,CH047,PRG05,Financial Literacy,Business,Community Upskilling,Hindi,In-person,TR11,Sarawak,2025-07-21,2025-08-25,2025-07-01,Sabah,Sandakan,18-24,Female,Job seeker,Laptop/Desktop,Medium,Community partner,Employer requirement,0.8,On track,Dropped,0,42.9,63.2,20.3,3.0,6.0,Not measured,1,25.3,0.0
EN01681,PT0039,CH047,PRG05,Financial Literacy,Business,Community Upskilling,Hindi,In-person,TR11,Sarawak,2025-07-21,2025-08-25,2025-07-01,Selangor,Shah Alam,25-34,Male,Employed,Mobile,Medium,Community partner,Digital confidence,0.6,Watch,Completed,1,73.2,97.7,24.5,3.0,5.0,Not measured,0,,
EN01682,PT0659,CH047,PRG05,Financial Literacy,Business,Community Upskilling,Hindi,In-person,TR11,Sarawak,2025-07-21,2025-08-25,2025-07-01,Selangor,Petaling,25-34,Female,Student,Laptop/Desktop,Medium,Community partner,Job search,0.8,On track,Completed,1,70.9,99.1,28.2,4.0,8.0,Not measured,2,50.0,0.5
EN01683,PT0140,CH047,PRG05,Financial Literacy,Business,Community Upskilling,Hindi,In-person,TR11,Sarawak,2025-07-21,2025-08-25,2025-07-01,Selangor,Klang,18-24,Male,Student,Shared device,Low,Organic,Career growth,0.2,High risk,Dropped,0,67.3,73.8,6.5,3.0,6.0,Not measured,0,,
EN01684,PT0608,CH047,PRG05,Financial Literacy,Business,Community Upskilling,Hindi,In-person,TR11,Sarawak,2025-07-21,2025-08-25,2025-07-01,Sabah,Kota Kinabalu,25-34,Male,Job seeker,Mobile,High,Organic,Employer requirement,1.0,On track,Completed,1,67.3,93.8,26.5,,,Not measured,0,,
EN01685,PT0468,CH047,PRG05,Financial Literacy,Business,Community Upskilling,Hindi,In-person,TR11,Sarawak,2025-07-21,2025-08-25,2025-07-01,Penang,George Town,18-24,Male,Employed,Mobile,High,Community partner,Digital confidence,0.6,Watch,In progress / incomplete,0,81.6,100.0,18.4,4.0,6.0,Not measured,1,6.2,1.0
EN01686,PT0234,CH047,PRG05,Financial Literacy,Business,Community Upskilling,Hindi,In-person,TR11,Sarawak,2025-07-21,2025-08-25,2025-07-01,Johor,Johor Bahru,35-44,Female,Job seeker,Laptop/Desktop,Low,Employer,Career growth,0.8,On track,Completed,1,46.3,66.9,20.6,3.0,4.0,Not measured,0,,
EN01687,PT0591,CH047,PRG05,Financial Literacy,Business,Community Upskilling,Hindi,In-person,TR11,Sarawak,2025-07-21,2025-08-25,2025-07-01,Selangor,Klang,25-34,Male,Employed,Mobile,High,Referral,Job search,1.0,On track,Completed,1,51.1,72.5,21.4,5.0,8.0,Not measured,0,,
EN01688,PT0090,CH047,PRG05,Financial Literacy,Business,Community Upskilling,Hindi,In-person,TR11,Sarawak,2025-07-21,2025-08-25,2025-07-01,Penang,Seberang Perai,25-34,Male,Job seeker,Laptop/Desktop,Medium,Community partner,Employer requirement,1.0,On track,Completed,1,88.0,100.0,12.0,5.0,10.0,Not measured,0,,
EN01689,PT0713,CH047,PRG05,Financial Literacy,Business,Community Upskilling,Hindi,In-person,TR11,Sarawak,2025-07-21,2025-08-25,2025-07-01,Sarawak,Miri,25-34,Male,Job seeker,Mobile,Medium,Community partner,Digital confidence,1.0,On track,Completed,1,52.2,66.4,14.2,5.0,10.0,Not measured,0,,
EN01690,PT0476,CH047,PRG05,Financial Literacy,Business,Community Upskilling,Hindi,In-person,TR11,Sarawak,2025-07-21,2025-08-25,2025-07-01,Selangor,Shah Alam,25-34,Female,Self-employed,Laptop/Desktop,High,Organic,Digital confidence,1.0,On track,Completed,1,60.7,83.0,22.3,,,Not measured,0,,
EN01691,PT0520,CH047,PRG05,Financial Literacy,Business,Community Upskilling,Hindi,In-person,TR11,Sarawak,2025-07-21,2025-08-25,2025-07-01,Selangor,Petaling,35-44,Female,Student,Laptop/Desktop,Medium,Employer,Digital confidence,1.0,On track,Completed,1,47.6,76.8,29.2,,,Not measured,0,,
EN01692,PT0586,CH047,PRG05,Financial Literacy,Business,Community Upskilling,Hindi,In-person,TR11,Sarawak,2025-07-21,2025-08-25,2025-07-01,Johor,Johor Bahru,25-34,Female,Employed,Laptop/Desktop,Low,Employer,Digital confidence,0.8,On track,Completed,1,48.5,77.9,29.4,3.0,5.0,Not measured,0,,
EN01693,PT0436,CH047,PRG05,Financial Literacy,Business,Community Upskilling,Hindi,In-person,TR11,Sarawak,2025-07-21,2025-08-25,2025-07-01,Selangor,Shah Alam,25-34,Female,Job seeker,Laptop/Desktop,Medium,Organic,Job search,1.0,On track,Completed,1,48.1,80.9,32.8,5.0,10.0,Not measured,0,,
EN01694,PT0065,CH047,PRG05,Financial Literacy,Business,Community Upskilling,Hindi,In-person,TR11,Sarawak,2025-07-21,2025-08-25,2025-07-01,Penang,Seberang Perai,18-24,Female,Student,Laptop/Desktop,High,Referral,Digital confidence,1.0,On track,Completed,1,65.3,90.6,25.3,4.0,9.0,Not measured,0,,
EN01695,PT0674,CH047,PRG05,Financial Literacy,Business,Community Upskilling,Hindi,In-person,TR11,Sarawak,2025-07-21,2025-08-25,2025-07-01,Kuala Lumpur,South,18-24,Female,Student,Mobile,High,Community partner,Career growth,1.0,On track,Completed,1,46.6,67.9,21.3,,,Not measured,1,36.0,1.0
EN01696,PT0421,CH047,PRG05,Financial Literacy,Business,Community Upskilling,Hindi,In-person,TR11,Sarawak,2025-07-21,2025-08-25,2025-07-01,Selangor,Klang,18-24,Male,Self-employed,Laptop/Desktop,Medium,Organic,Career growth,0.8,On track,In progress / incomplete,0,59.0,81.5,22.5,,,Not measured,1,9.3,1.0
EN01697,PT0357,CH047,PRG05,Financial Literacy,Business,Community Upskilling,Hindi,In-person,TR11,Sarawak,2025-07-21,2025-08-25,2025-07-01,Selangor,Shah Alam,45+,Female,Student,Mobile,High,Organic,Digital confidence,1.0,On track,Completed,1,52.9,78.7,25.8,,,Not measured,0,,
EN01698,PT0012,CH047,PRG05,Financial Literacy,Business,Community Upskilling,Hindi,In-person,TR11,Sarawak,2025-07-21,2025-08-25,2025-07-01,Selangor,Klang,25-34,Male,Job seeker,Mobile,Medium,Employer,Job search,0.8,On track,Completed,1,55.4,83.6,28.2,4.0,7.0,Not measured,0,,
EN01699,PT0740,CH047,PRG05,Financial Literacy,Business,Community Upskilling,Hindi,In-person,TR11,Sarawak,2025-07-21,2025-08-25,2025-07-01,Selangor,Shah Alam,45+,Female,Employed,Laptop/Desktop,Medium,Referral,Career growth,1.0,On track,Completed,1,38.9,59.9,21.0,,,Not measured,2,24.4,1.0
EN01700,PT0770,CH047,PRG05,Financial Literacy,Business,Community Upskilling,Hindi,In-person,TR11,Sarawak,2025-07-21,2025-08-25,2025-07-01,Johor,Johor Bahru,45+,Male,Job seeker,Laptop/Desktop,High,Community partner,Job search,1.0,On track,Completed,1,41.3,73.6,32.3,5.0,9.0,Not measured,0,,
EN01701,PT0517,CH047,PRG05,Financial Literacy,Business,Community Upskilling,Hindi,In-person,TR11,Sarawak,2025-07-21,2025-08-25,2025-07-01,Selangor,Shah Alam,35-44,Female,Job seeker,Mobile,Low,Organic,Career growth,0.8,On track,Completed,1,22.1,38.0,15.9,4.0,5.0,Not measured,3,26.7,0.6667
EN01702,PT0305,CH047,PRG05,Financial Literacy,Business,Community Upskilling,Hindi,In-person,TR11,Sarawak,2025-07-21,2025-08-25,2025-07-01,Penang,George Town,18-24,Non-binary / Prefer not to say,Job seeker,Mobile,Medium,Employer,Digital confidence,1.0,On track,Completed,1,49.8,73.1,23.3,4.0,9.0,Not measured,1,11.2,1.0
EN01703,PT0119,CH047,PRG05,Financial Literacy,Business,Community Upskilling,Hindi,In-person,TR11,Sarawak,2025-07-21,2025-08-25,2025-07-01,Kuala Lumpur,Central,25-34,Male,Job seeker,Mobile,High,Employer,Career growth,1.0,On track,Completed,1,71.0,90.6,19.6,5.0,10.0,Not measured,0,,
EN01704,PT0581,CH047,PRG05,Financial Literacy,Business,Community Upskilling,Hindi,In-person,TR11,Sarawak,2025-07-21,2025-08-25,2025-07-01,Johor,Muar,25-34,Male,Job seeker,Laptop/Desktop,High,Employer,Job search,0.8,On track,Completed,1,69.1,87.6,18.5,,,Not measured,0,,
EN01705,PT0638,CH047,PRG05,Financial Literacy,Business,Community Upskilling,Hindi,In-person,TR11,Sarawak,2025-07-21,2025-08-25,2025-07-01,Selangor,Klang,45+,Female,Self-employed,Mobile,Medium,Referral,Employer requirement,0.8,On track,Dropped,0,52.8,67.4,14.6,,,Not measured,0,,
EN01706,PT0724,CH047,PRG05,Financial Literacy,Business,Community Upskilling,Hindi,In-person,TR11,Sarawak,2025-07-21,2025-08-25,2025-07-01,Selangor,Klang,25-34,Female,Job seeker,Mobile,Medium,Organic,Job search,0.8,On track,Completed,1,44.3,66.5,22.2,,,Not measured,0,,
EN01707,PT0101,CH047,PRG05,Financial Literacy,Business,Community Upskilling,Hindi,In-person,TR11,Sarawak,2025-07-21,2025-08-25,2025-07-01,Selangor,Klang,25-34,Female,Employed,Mobile,Medium,Community partner,Career growth,0.8,On track,Completed,1,55.4,85.5,30.1,,,Not measured,0,,
EN01708,PT0188,CH047,PRG05,Financial Literacy,Business,Community Upskilling,Hindi,In-person,TR11,Sarawak,2025-07-21,2025-08-25,2025-07-01,Kuala Lumpur,South,35-44,Female,Employed,Mobile,High,Organic,Career growth,1.0,On track,Completed,1,65.1,88.1,23.0,,,Not measured,0,,
EN01709,PT0377,CH047,PRG05,Financial Literacy,Business,Community Upskilling,Hindi,In-person,TR11,Sarawak,2025-07-21,2025-08-25,2025-07-01,Selangor,Klang,25-34,Female,Employed,Laptop/Desktop,Medium,Referral,Job search,1.0,On track,Completed,1,46.4,71.1,24.7,5.0,10.0,Not measured,0,,
EN01710,PT0398,CH047,PRG05,Financial Literacy,Business,Community Upskilling,Hindi,In-person,TR11,Sarawak,2025-07-21,2025-08-25,2025-07-01,Sarawak,Miri,45+,Male,Job seeker,Mobile,High,Organic,Employer requirement,0.6,Watch,Completed,1,63.6,79.0,15.4,4.0,5.0,Not measured,0,,
EN01711,PT0650,CH047,PRG05,Financial Literacy,Business,Community Upskilling,Hindi,In-person,TR11,Sarawak,2025-07-21,2025-08-25,2025-07-01,Kuala Lumpur,North,18-24,Male,Employed,Laptop/Desktop,Medium,Community partner,Job search,0.6,Watch,Dropped,0,54.3,72.5,18.2,4.0,7.0,Not measured,0,,
EN01712,PT0260,CH047,PRG05,Financial Literacy,Business,Community Upskilling,Hindi,In-person,TR11,Sarawak,2025-07-21,2025-08-25,2025-07-01,Kuala Lumpur,North,35-44,Male,Self-employed,Laptop/Desktop,Low,Community partner,Career growth,0.8,On track,Completed,1,43.1,62.9,19.8,3.0,5.0,Not measured,0,,
EN01713,PT0286,CH048,PRG06,Project Delivery Fundamentals,Operations,Workforce Development,English,Virtual,TR11,Kuala Lumpur,2025-07-21,2025-09-15,2025-07-01,Kuala Lumpur,South,25-34,Male,Self-employed,Mobile,High,Community partner,Job search,0.625,Watch,Completed,1,52.1,71.1,19.0,4.0,8.0,Not measured,1,11.3,1.0
EN01714,PT0393,CH048,PRG06,Project Delivery Fundamentals,Operations,Workforce Development,English,Virtual,TR11,Kuala Lumpur,2025-07-21,2025-09-15,2025-07-01,Sabah,Kota Kinabalu,25-34,Male,Employed,Laptop/Desktop,Medium,Community partner,Digital confidence,0.875,On track,Completed,1,32.7,71.0,38.3,4.0,9.0,Not measured,1,39.5,1.0
EN01715,PT0324,CH048,PRG06,Project Delivery Fundamentals,Operations,Workforce Development,English,Virtual,TR11,Kuala Lumpur,2025-07-21,2025-09-15,2025-07-01,Selangor,Petaling,25-34,Female,Student,Mobile,Medium,Community partner,Job search,0.375,High risk,Completed,1,69.5,84.3,14.8,2.0,4.0,Not measured,0,,
EN01716,PT0057,CH048,PRG06,Project Delivery Fundamentals,Operations,Workforce Development,English,Virtual,TR11,Kuala Lumpur,2025-07-21,2025-09-15,2025-07-01,Johor,Muar,35-44,Male,Self-employed,Mobile,Low,Organic,Digital confidence,0.875,On track,Completed,1,39.6,63.8,24.2,4.0,6.0,Not measured,1,59.9,0.0
EN01717,PT0325,CH048,PRG06,Project Delivery Fundamentals,Operations,Workforce Development,English,Virtual,TR11,Kuala Lumpur,2025-07-21,2025-09-15,2025-07-01,Johor,Johor Bahru,25-34,Male,Job seeker,Mobile,High,Community partner,Career growth,0.875,On track,Completed,1,46.0,68.1,22.1,4.0,8.0,Not measured,0,,
EN01718,PT0625,CH048,PRG06,Project Delivery Fundamentals,Operations,Workforce Development,English,Virtual,TR11,Kuala Lumpur,2025-07-21,2025-09-15,2025-07-01,Sabah,Kota Kinabalu,25-34,Female,Job seeker,Mobile,Medium,Organic,Career growth,0.75,On track,Completed,1,58.9,88.1,29.2,4.0,4.0,Not measured,0,,
EN01719,PT0344,CH048,PRG06,Project Delivery Fundamentals,Operations,Workforce Development,English,Virtual,TR11,Kuala Lumpur,2025-07-21,2025-09-15,2025-07-01,Selangor,Shah Alam,25-34,Male,Self-employed,Laptop/Desktop,High,Referral,Digital confidence,1.0,On track,Completed,1,72.8,100.0,27.2,5.0,7.0,Not measured,0,,
EN01720,PT0311,CH048,PRG06,Project Delivery Fundamentals,Operations,Workforce Development,English,Virtual,TR11,Kuala Lumpur,2025-07-21,2025-09-15,2025-07-01,Kuala Lumpur,South,18-24,Male,Employed,Mobile,Medium,Organic,Job search,0.75,On track,Completed,1,70.1,92.7,22.6,3.0,9.0,Not measured,0,,
EN01721,PT0760,CH048,PRG06,Project Delivery Fundamentals,Operations,Workforce Development,English,Virtual,TR11,Kuala Lumpur,2025-07-21,2025-09-15,2025-07-01,Penang,George Town,25-34,Female,Employed,Laptop/Desktop,Medium,Organic,Digital confidence,1.0,On track,Completed,1,33.8,56.1,22.3,4.0,8.0,Not measured,0,,
EN01722,PT0460,CH048,PRG06,Project Delivery Fundamentals,Operations,Workforce Development,English,Virtual,TR11,Kuala Lumpur,2025-07-21,2025-09-15,2025-07-01,Kuala Lumpur,North,18-24,Male,Job seeker,Mobile,Low,Community partner,Career growth,0.75,On track,Completed,1,21.7,36.0,14.3,5.0,10.0,Not measured,0,,
EN01723,PT0503,CH048,PRG06,Project Delivery Fundamentals,Operations,Workforce Development,English,Virtual,TR11,Kuala Lumpur,2025-07-21,2025-09-15,2025-07-01,Kuala Lumpur,South,35-44,Female,Job seeker,Laptop/Desktop,Low,Organic,Digital confidence,0.875,On track,Completed,1,41.9,64.0,22.1,4.0,7.0,Not measured,0,,
EN01724,PT0210,CH048,PRG06,Project Delivery Fundamentals,Operations,Workforce Development,English,Virtual,TR11,Kuala Lumpur,2025-07-21,2025-09-15,2025-07-01,Sabah,Sandakan,25-34,Female,Employed,Laptop/Desktop,Medium,Employer,Digital confidence,0.875,On track,Completed,1,60.8,90.1,29.3,4.0,8.0,Not measured,0,,
EN01725,PT0076,CH048,PRG06,Project Delivery Fundamentals,Operations,Workforce Development,English,Virtual,TR11,Kuala Lumpur,2025-07-21,2025-09-15,2025-07-01,Sabah,Sandakan,25-34,Female,Employed,Laptop/Desktop,Medium,Community partner,Employer requirement,0.625,Watch,Completed,1,52.1,71.7,19.6,4.0,8.0,Not measured,0,,
EN01726,PT0317,CH048,PRG06,Project Delivery Fundamentals,Operations,Workforce Development,English,Virtual,TR11,Kuala Lumpur,2025-07-21,2025-09-15,2025-07-01,Selangor,Shah Alam,18-24,Male,Self-employed,Laptop/Desktop,Low,Organic,Career growth,0.875,On track,Completed,1,47.3,54.2,6.9,4.0,8.0,Not measured,1,30.4,1.0
EN01727,PT0059,CH048,PRG06,Project Delivery Fundamentals,Operations,Workforce Development,English,Virtual,TR11,Kuala Lumpur,2025-07-21,2025-09-15,2025-07-01,Sabah,Sandakan,18-24,Female,Student,Mobile,High,Community partner,Job search,0.875,On track,Completed,1,68.9,100.0,31.1,,,Not measured,1,73.6,0.0
EN01728,PT0302,CH048,PRG06,Project Delivery Fundamentals,Operations,Workforce Development,English,Virtual,TR11,Kuala Lumpur,2025-07-21,2025-09-15,2025-07-01,Johor,Muar,25-34,Male,Self-employed,Laptop/Desktop,High,Community partner,Digital confidence,1.0,On track,Completed,1,62.4,84.9,22.5,4.0,9.0,Not measured,0,,
EN01729,PT0579,CH048,PRG06,Project Delivery Fundamentals,Operations,Workforce Development,English,Virtual,TR11,Kuala Lumpur,2025-07-21,2025-09-15,2025-07-01,Selangor,Shah Alam,25-34,Female,Job seeker,Mobile,Medium,Community partner,Digital confidence,0.875,On track,Completed,1,39.3,68.8,29.5,4.0,6.0,Not measured,1,25.5,0.0
EN01730,PT0312,CH048,PRG06,Project Delivery Fundamentals,Operations,Workforce Development,English,Virtual,TR11,Kuala Lumpur,2025-07-21,2025-09-15,2025-07-01,Johor,Muar,35-44,Female,Job seeker,Laptop/Desktop,Medium,Community partner,Job search,0.625,Watch,Completed,1,25.6,51.8,26.2,,,Not measured,3,22.0,0.6667
EN01731,PT0525,CH048,PRG06,Project Delivery Fundamentals,Operations,Workforce Development,English,Virtual,TR11,Kuala Lumpur,2025-07-21,2025-09-15,2025-07-01,Selangor,Petaling,35-44,Female,Employed,Mobile,Low,Community partner,Employer requirement,0.75,On track,Completed,1,35.1,52.9,17.8,4.0,8.0,Not measured,1,20.3,1.0
EN01732,PT0097,CH048,PRG06,Project Delivery Fundamentals,Operations,Workforce Development,English,Virtual,TR11,Kuala Lumpur,2025-07-21,2025-09-15,2025-07-01,Selangor,Shah Alam,25-34,Male,Self-employed,Laptop/Desktop,High,Organic,Career growth,0.75,On track,Completed,1,76.4,91.5,15.1,,,Not measured,0,,
EN01733,PT0026,CH048,PRG06,Project Delivery Fundamentals,Operations,Workforce Development,English,Virtual,TR11,Kuala Lumpur,2025-07-21,2025-09-15,2025-07-01,Sarawak,Miri,18-24,Female,Employed,Mobile,High,Employer,Employer requirement,0.875,On track,Completed,1,63.9,88.3,24.4,4.0,7.0,Not measured,0,,
EN01734,PT0684,CH048,PRG06,Project Delivery Fundamentals,Operations,Workforce Development,English,Virtual,TR11,Kuala Lumpur,2025-07-21,2025-09-15,2025-07-01,Selangor,Shah Alam,45+,Male,Employed,Shared device,Medium,Organic,Career growth,0.875,On track,Completed,1,59.4,89.5,30.1,5.0,9.0,Not measured,1,25.9,0.0
EN01735,PT0501,CH048,PRG06,Project Delivery Fundamentals,Operations,Workforce Development,English,Virtual,TR11,Kuala Lumpur,2025-07-21,2025-09-15,2025-07-01,Sarawak,Miri,45+,Female,Student,Laptop/Desktop,High,Referral,Career growth,1.0,On track,Completed,1,55.8,78.0,22.2,,,Not measured,2,12.0,1.0
EN01736,PT0628,CH048,PRG06,Project Delivery Fundamentals,Operations,Workforce Development,English,Virtual,TR11,Kuala Lumpur,2025-07-21,2025-09-15,2025-07-01,Selangor,Klang,25-34,Male,Job seeker,Laptop/Desktop,Medium,Community partner,Digital confidence,0.75,On track,Completed,1,67.7,92.1,24.4,3.0,6.0,Not measured,0,,
EN01737,PT0780,CH048,PRG06,Project Delivery Fundamentals,Operations,Workforce Development,English,Virtual,TR11,Kuala Lumpur,2025-07-21,2025-09-15,2025-07-01,Selangor,Klang,45+,Male,Self-employed,Laptop/Desktop,High,Referral,Career growth,1.0,On track,Completed,1,65.2,96.5,31.3,4.0,9.0,Not measured,0,,
EN01738,PT0601,CH048,PRG06,Project Delivery Fundamentals,Operations,Workforce Development,English,Virtual,TR11,Kuala Lumpur,2025-07-21,2025-09-15,2025-07-01,Sarawak,Kuching,25-34,Female,Employed,Shared device,Medium,Organic,Career growth,0.375,High risk,In progress / incomplete,0,58.9,67.2,8.3,3.0,6.0,Not measured,1,30.5,0.0
EN01739,PT0354,CH048,PRG06,Project Delivery Fundamentals,Operations,Workforce Development,English,Virtual,TR11,Kuala Lumpur,2025-07-21,2025-09-15,2025-07-01,Johor,Muar,18-24,Male,Job seeker,Shared device,High,Community partner,Job search,0.875,On track,Dropped,0,68.8,100.0,31.2,,,Not measured,2,69.8,0.5
EN01740,PT0497,CH048,PRG06,Project Delivery Fundamentals,Operations,Workforce Development,English,Virtual,TR11,Kuala Lumpur,2025-07-21,2025-09-15,2025-07-01,Sabah,Kota Kinabalu,25-34,Male,Job seeker,Shared device,High,Organic,Career growth,1.0,On track,Completed,1,45.6,79.6,34.0,5.0,7.0,Not measured,1,23.4,1.0
EN01741,PT0714,CH048,PRG06,Project Delivery Fundamentals,Operations,Workforce Development,English,Virtual,TR11,Kuala Lumpur,2025-07-21,2025-09-15,2025-07-01,Kuala Lumpur,South,25-34,Male,Job seeker,Mobile,High,Organic,Job search,1.0,On track,Completed,1,64.3,83.4,19.1,4.0,7.0,Not measured,0,,
EN01742,PT0481,CH048,PRG06,Project Delivery Fundamentals,Operations,Workforce Development,English,Virtual,TR11,Kuala Lumpur,2025-07-21,2025-09-15,2025-07-01,Sarawak,Kuching,35-44,Female,Job seeker,Laptop/Desktop,Low,Organic,Career growth,0.75,On track,Completed,1,42.8,66.5,23.7,,,Not measured,0,,
EN01743,PT0578,CH048,PRG06,Project Delivery Fundamentals,Operations,Workforce Development,English,Virtual,TR11,Kuala Lumpur,2025-07-21,2025-09-15,2025-07-01,Sabah,Kota Kinabalu,25-34,Male,Job seeker,Mobile,Low,Employer,Career growth,0.75,On track,Completed,1,36.0,59.5,23.5,4.0,7.0,Not measured,0,,
EN01744,PT0123,CH048,PRG06,Project Delivery Fundamentals,Operations,Workforce Development,English,Virtual,TR11,Kuala Lumpur,2025-07-21,2025-09-15,2025-07-01,Kuala Lumpur,South,25-34,Male,Student,Mobile,Medium,Organic,Career growth,0.625,Watch,Dropped,0,49.6,58.9,9.3,4.0,9.0,Not measured,0,,
EN01745,PT0466,CH048,PRG06,Project Delivery Fundamentals,Operations,Workforce Development,English,Virtual,TR11,Kuala Lumpur,2025-07-21,2025-09-15,2025-07-01,Kuala Lumpur,Central,18-24,Male,Student,Mobile,Medium,Referral,Job search,0.875,On track,Completed,1,35.3,60.4,25.1,,,Not measured,0,,
EN01746,PT0442,CH049,PRG01,Data Foundations,Data & Digital,Career Transition,English,Virtual,TR08,Selangor,2025-08-25,2025-10-20,2025-08-01,Selangor,Shah Alam,25-34,Male,Employed,Mobile,Low,Organic,Employer requirement,0.75,On track,Completed,1,57.9,81.7,23.8,3.0,5.0,No change reported,0,,
EN01747,PT0552,CH049,PRG01,Data Foundations,Data & Digital,Career Transition,English,Virtual,TR08,Selangor,2025-08-25,2025-10-20,2025-08-01,Johor,Muar,25-34,Male,Employed,Laptop/Desktop,Low,Community partner,Digital confidence,0.625,Watch,Completed,1,49.9,64.8,14.9,3.0,7.0,No change reported,1,21.1,1.0
EN01748,PT0668,CH049,PRG01,Data Foundations,Data & Digital,Career Transition,English,Virtual,TR08,Selangor,2025-08-25,2025-10-20,2025-08-01,Penang,Seberang Perai,25-34,Female,Employed,Laptop/Desktop,High,Community partner,Job search,0.625,Watch,Completed,1,71.0,93.7,22.7,,,Interview secured,0,,
EN01749,PT0617,CH049,PRG01,Data Foundations,Data & Digital,Career Transition,English,Virtual,TR08,Selangor,2025-08-25,2025-10-20,2025-08-01,Kuala Lumpur,South,35-44,Male,Self-employed,Laptop/Desktop,Medium,Organic,Career growth,0.625,Watch,Completed,1,72.8,84.5,11.7,,,No change reported,0,,
EN01750,PT0650,CH049,PRG01,Data Foundations,Data & Digital,Career Transition,English,Virtual,TR08,Selangor,2025-08-25,2025-10-20,2025-08-01,Kuala Lumpur,North,18-24,Male,Employed,Laptop/Desktop,Medium,Referral,Employer requirement,0.625,Watch,Completed,1,63.6,85.1,21.5,4.0,9.0,No change reported,0,,
EN01751,PT0215,CH049,PRG01,Data Foundations,Data & Digital,Career Transition,English,Virtual,TR08,Selangor,2025-08-25,2025-10-20,2025-08-01,Johor,Muar,25-34,Female,Self-employed,Laptop/Desktop,High,Organic,Job search,1.0,On track,Completed,1,68.0,97.4,29.4,,,Interview secured,0,,
EN01752,PT0192,CH049,PRG01,Data Foundations,Data & Digital,Career Transition,English,Virtual,TR08,Selangor,2025-08-25,2025-10-20,2025-08-01,Selangor,Petaling,18-24,Male,Employed,Laptop/Desktop,Medium,Community partner,Career growth,0.875,On track,Completed,1,60.2,90.9,30.7,4.0,7.0,Interview secured,0,,
EN01753,PT0026,CH049,PRG01,Data Foundations,Data & Digital,Career Transition,English,Virtual,TR08,Selangor,2025-08-25,2025-10-20,2025-08-01,Sarawak,Miri,18-24,Female,Employed,Mobile,High,Community partner,Job search,0.875,On track,Completed,1,53.2,85.8,32.6,,,Interview secured,1,30.4,1.0
EN01754,PT0397,CH049,PRG01,Data Foundations,Data & Digital,Career Transition,English,Virtual,TR08,Selangor,2025-08-25,2025-10-20,2025-08-01,Selangor,Klang,45+,Female,Job seeker,Mobile,Medium,Community partner,Digital confidence,0.75,On track,Completed,1,63.0,94.0,31.0,4.0,8.0,New role,0,,
EN01755,PT0272,CH049,PRG01,Data Foundations,Data & Digital,Career Transition,English,Virtual,TR08,Selangor,2025-08-25,2025-10-20,2025-08-01,Sarawak,Kuching,35-44,Male,Employed,Laptop/Desktop,High,Employer,Job search,0.875,On track,Completed,1,56.8,83.2,26.4,,,No change reported,1,25.2,0.0
EN01756,PT0390,CH049,PRG01,Data Foundations,Data & Digital,Career Transition,English,Virtual,TR08,Selangor,2025-08-25,2025-10-20,2025-08-01,Penang,George Town,25-34,Female,Employed,Laptop/Desktop,High,Community partner,Digital confidence,1.0,On track,Completed,1,54.5,75.0,20.5,,,No change reported,0,,
EN01757,PT0259,CH049,PRG01,Data Foundations,Data & Digital,Career Transition,English,Virtual,TR08,Selangor,2025-08-25,2025-10-20,2025-08-01,Sabah,Sandakan,35-44,Female,Self-employed,Laptop/Desktop,Medium,Community partner,Career growth,0.625,Watch,Dropped,0,75.3,97.3,22.0,3.0,3.0,Not measured,1,37.4,1.0
EN01758,PT0284,CH049,PRG01,Data Foundations,Data & Digital,Career Transition,English,Virtual,TR08,Selangor,2025-08-25,2025-10-20,2025-08-01,Sarawak,Miri,25-34,Female,Employed,Mobile,High,Community partner,Career growth,1.0,On track,Completed,1,73.7,97.7,24.0,,,No change reported,0,,
EN01759,PT0127,CH049,PRG01,Data Foundations,Data & Digital,Career Transition,English,Virtual,TR08,Selangor,2025-08-25,2025-10-20,2025-08-01,Selangor,Klang,45+,Female,Employed,Mobile,Medium,Employer,Career growth,0.75,On track,In progress / incomplete,0,66.3,90.4,24.1,3.0,3.0,Not measured,0,,
EN01760,PT0273,CH049,PRG01,Data Foundations,Data & Digital,Career Transition,English,Virtual,TR08,Selangor,2025-08-25,2025-10-20,2025-08-01,Sarawak,Miri,25-34,Female,Employed,Laptop/Desktop,Medium,Employer,Job search,0.625,Watch,Dropped,0,54.2,68.1,13.9,,,Not measured,0,,
EN01761,PT0611,CH049,PRG01,Data Foundations,Data & Digital,Career Transition,English,Virtual,TR08,Selangor,2025-08-25,2025-10-20,2025-08-01,Selangor,Shah Alam,25-34,Male,Student,Mobile,Medium,Employer,Digital confidence,0.75,On track,Completed,1,46.5,69.1,22.6,4.0,9.0,No change reported,0,,
EN01762,PT0130,CH049,PRG01,Data Foundations,Data & Digital,Career Transition,English,Virtual,TR08,Selangor,2025-08-25,2025-10-20,2025-08-01,Johor,Johor Bahru,35-44,Female,Employed,Laptop/Desktop,Medium,Employer,Career growth,0.5,Watch,Completed,1,52.1,71.6,19.5,4.0,6.0,No change reported,0,,
EN01763,PT0664,CH049,PRG01,Data Foundations,Data & Digital,Career Transition,English,Virtual,TR08,Selangor,2025-08-25,2025-10-20,2025-08-01,Selangor,Klang,18-24,Female,Employed,Mobile,Medium,Community partner,Employer requirement,0.75,On track,Dropped,0,59.2,76.7,17.5,5.0,9.0,Not measured,0,,
EN01764,PT0162,CH049,PRG01,Data Foundations,Data & Digital,Career Transition,English,Virtual,TR08,Selangor,2025-08-25,2025-10-20,2025-08-01,Kuala Lumpur,Central,18-24,Female,Employed,Laptop/Desktop,Medium,Community partner,Employer requirement,0.875,On track,Completed,1,68.4,96.1,27.7,4.0,8.0,No change reported,0,,
EN01765,PT0383,CH049,PRG01,Data Foundations,Data & Digital,Career Transition,English,Virtual,TR08,Selangor,2025-08-25,2025-10-20,2025-08-01,Selangor,Shah Alam,18-24,Male,Employed,Mobile,Medium,Organic,Career growth,0.875,On track,Completed,1,53.4,86.2,32.8,4.0,7.0,No change reported,0,,
EN01766,PT0534,CH049,PRG01,Data Foundations,Data & Digital,Career Transition,English,Virtual,TR08,Selangor,2025-08-25,2025-10-20,2025-08-01,Sarawak,Miri,35-44,Female,Employed,Laptop/Desktop,Medium,Organic,Career growth,1.0,On track,Completed,1,60.9,79.6,18.7,4.0,6.0,No change reported,1,20.8,1.0
EN01767,PT0133,CH049,PRG01,Data Foundations,Data & Digital,Career Transition,English,Virtual,TR08,Selangor,2025-08-25,2025-10-20,2025-08-01,Selangor,Shah Alam,35-44,Female,Self-employed,Laptop/Desktop,Low,Referral,Employer requirement,0.5,Watch,In progress / incomplete,0,45.3,72.1,26.8,4.0,7.0,Not measured,2,7.5,1.0
EN01768,PT0691,CH049,PRG01,Data Foundations,Data & Digital,Career Transition,English,Virtual,TR08,Selangor,2025-08-25,2025-10-20,2025-08-01,Sarawak,Miri,25-34,Female,Employed,Laptop/Desktop,High,Employer,Career growth,0.75,On track,Completed,1,48.6,74.5,25.9,3.0,5.0,No change reported,0,,
EN01769,PT0182,CH049,PRG01,Data Foundations,Data & Digital,Career Transition,English,Virtual,TR08,Selangor,2025-08-25,2025-10-20,2025-08-01,Penang,George Town,25-34,Male,Job seeker,Laptop/Desktop,Low,Employer,Job search,0.875,On track,Completed,1,59.0,92.9,33.9,,,Interview secured,0,,
EN01770,PT0563,CH049,PRG01,Data Foundations,Data & Digital,Career Transition,English,Virtual,TR08,Selangor,2025-08-25,2025-10-20,2025-08-01,Selangor,Shah Alam,18-24,Female,Employed,Mobile,Low,Organic,Career growth,0.375,High risk,Completed,1,41.0,53.6,12.6,,,New role,0,,
EN01771,PT0688,CH049,PRG01,Data Foundations,Data & Digital,Career Transition,English,Virtual,TR08,Selangor,2025-08-25,2025-10-20,2025-08-01,Penang,George Town,25-34,Male,Self-employed,Mobile,Medium,Community partner,Digital confidence,1.0,On track,Completed,1,55.9,84.8,28.9,4.0,9.0,Interview secured,0,,
EN01772,PT0619,CH049,PRG01,Data Foundations,Data & Digital,Career Transition,English,Virtual,TR08,Selangor,2025-08-25,2025-10-20,2025-08-01,Selangor,Shah Alam,18-24,Female,Employed,Laptop/Desktop,High,Employer,Digital confidence,1.0,On track,Completed,1,71.1,100.0,28.9,4.0,7.0,No change reported,1,15.7,1.0
EN01773,PT0129,CH049,PRG01,Data Foundations,Data & Digital,Career Transition,English,Virtual,TR08,Selangor,2025-08-25,2025-10-20,2025-08-01,Kuala Lumpur,South,35-44,Male,Self-employed,Shared device,Low,Employer,Job search,0.75,On track,Completed,1,70.2,92.4,22.2,3.0,4.0,No change reported,2,22.2,1.0
EN01774,PT0262,CH049,PRG01,Data Foundations,Data & Digital,Career Transition,English,Virtual,TR08,Selangor,2025-08-25,2025-10-20,2025-08-01,Kuala Lumpur,North,25-34,Male,Student,Laptop/Desktop,Medium,Employer,Job search,0.875,On track,Completed,1,64.1,94.9,30.8,4.0,7.0,No change reported,0,,
EN01775,PT0261,CH049,PRG01,Data Foundations,Data & Digital,Career Transition,English,Virtual,TR08,Selangor,2025-08-25,2025-10-20,2025-08-01,Selangor,Petaling,45+,Female,Student,Mobile,Low,Community partner,Job search,0.625,Watch,Completed,1,46.9,77.5,30.6,,,Interview secured,1,12.6,1.0
EN01776,PT0759,CH049,PRG01,Data Foundations,Data & Digital,Career Transition,English,Virtual,TR08,Selangor,2025-08-25,2025-10-20,2025-08-01,Sabah,Kota Kinabalu,25-34,Male,Job seeker,Laptop/Desktop,Low,Employer,Job search,0.875,On track,Completed,1,25.4,58.5,33.1,4.0,10.0,No change reported,0,,
EN01777,PT0493,CH049,PRG01,Data Foundations,Data & Digital,Career Transition,English,Virtual,TR08,Selangor,2025-08-25,2025-10-20,2025-08-01,Kuala Lumpur,Central,35-44,Female,Employed,Mobile,Medium,Organic,Career growth,0.875,On track,Completed,1,59.5,77.2,17.7,,,New role,1,5.1,1.0
EN01778,PT0285,CH050,PRG02,Business Analytics Essentials,Data & Digital,Career Transition,English,Hybrid,TR02,Sabah,2025-09-01,2025-11-10,2025-09-01,Selangor,Petaling,25-34,Male,Employed,Mobile,Medium,Community partner,Job search,0.9,On track,Completed,1,72.6,100.0,27.4,5.0,7.0,Interview secured,0,,
EN01779,PT0731,CH050,PRG02,Business Analytics Essentials,Data & Digital,Career Transition,English,Hybrid,TR02,Sabah,2025-09-01,2025-11-10,2025-09-01,Penang,George Town,25-34,Female,Student,Shared device,High,Employer,Career growth,0.8,On track,Completed,1,44.0,68.9,24.9,5.0,10.0,New role,0,,
EN01780,PT0161,CH050,PRG02,Business Analytics Essentials,Data & Digital,Career Transition,English,Hybrid,TR02,Sabah,2025-09-01,2025-11-10,2025-09-01,Selangor,Shah Alam,35-44,Male,Job seeker,Laptop/Desktop,Medium,Referral,Job search,0.4,High risk,Completed,1,35.7,53.5,17.8,2.0,3.0,Interview secured,1,10.4,1.0
EN01781,PT0003,CH050,PRG02,Business Analytics Essentials,Data & Digital,Career Transition,English,Hybrid,TR02,Sabah,2025-09-01,2025-11-10,2025-09-01,Kuala Lumpur,Central,18-24,Female,Employed,Mobile,Medium,Referral,Employer requirement,0.7,Watch,Completed,1,50.8,67.3,16.5,,,New role,1,29.9,1.0
EN01782,PT0068,CH050,PRG02,Business Analytics Essentials,Data & Digital,Career Transition,English,Hybrid,TR02,Sabah,2025-09-01,2025-11-10,2025-09-01,Sarawak,Kuching,18-24,Male,Employed,Mobile,Medium,Community partner,Job search,0.4,High risk,Completed,1,39.5,62.2,22.7,4.0,7.0,No change reported,0,,
EN01783,PT0290,CH050,PRG02,Business Analytics Essentials,Data & Digital,Career Transition,English,Hybrid,TR02,Sabah,2025-09-01,2025-11-10,2025-09-01,Kuala Lumpur,North,25-34,Male,Employed,Shared device,High,Community partner,Digital confidence,0.5,Watch,Completed,1,41.3,69.8,28.5,3.0,4.0,Interview secured,0,,
EN01784,PT0219,CH050,PRG02,Business Analytics Essentials,Data & Digital,Career Transition,English,Hybrid,TR02,Sabah,2025-09-01,2025-11-10,2025-09-01,Selangor,Shah Alam,35-44,Female,Student,Laptop/Desktop,Low,Referral,Digital confidence,0.7,Watch,Completed,1,66.0,96.4,30.4,,,New role,2,28.6,0.5
EN01785,PT0052,CH050,PRG02,Business Analytics Essentials,Data & Digital,Career Transition,English,Hybrid,TR02,Sabah,2025-09-01,2025-11-10,2025-09-01,Selangor,Shah Alam,18-24,Male,Employed,Shared device,Medium,Community partner,Career growth,0.6,Watch,Completed,1,60.3,77.1,16.8,4.0,8.0,New role,2,22.6,0.5
EN01786,PT0558,CH050,PRG02,Business Analytics Essentials,Data & Digital,Career Transition,English,Hybrid,TR02,Sabah,2025-09-01,2025-11-10,2025-09-01,Kuala Lumpur,South,18-24,Female,Self-employed,Laptop/Desktop,Medium,Organic,Digital confidence,0.9,On track,Completed,1,49.9,75.8,25.9,4.0,7.0,Interview secured,0,,
EN01787,PT0756,CH050,PRG02,Business Analytics Essentials,Data & Digital,Career Transition,English,Hybrid,TR02,Sabah,2025-09-01,2025-11-10,2025-09-01,Kuala Lumpur,North,25-34,Female,Employed,Mobile,High,Community partner,Employer requirement,0.8,On track,Completed,1,72.5,100.0,27.5,,,No change reported,2,16.8,1.0
EN01788,PT0083,CH050,PRG02,Business Analytics Essentials,Data & Digital,Career Transition,English,Hybrid,TR02,Sabah,2025-09-01,2025-11-10,2025-09-01,Sarawak,Miri,25-34,Female,Employed,Mobile,Medium,Employer,Employer requirement,0.7,Watch,Completed,1,68.2,80.5,12.3,4.0,7.0,Interview secured,0,,
EN01789,PT0215,CH050,PRG02,Business Analytics Essentials,Data & Digital,Career Transition,English,Hybrid,TR02,Sabah,2025-09-01,2025-11-10,2025-09-01,Johor,Muar,25-34,Female,Self-employed,Laptop/Desktop,High,Organic,Job search,0.8,On track,Dropped,0,39.8,73.0,33.2,3.0,5.0,Not measured,0,,
EN01790,PT0371,CH050,PRG02,Business Analytics Essentials,Data & Digital,Career Transition,English,Hybrid,TR02,Sabah,2025-09-01,2025-11-10,2025-09-01,Kuala Lumpur,South,25-34,Male,Student,Laptop/Desktop,Medium,Community partner,Job search,0.9,On track,Completed,1,54.0,80.3,26.3,5.0,10.0,No change reported,0,,
EN01791,PT0755,CH050,PRG02,Business Analytics Essentials,Data & Digital,Career Transition,English,Hybrid,TR02,Sabah,2025-09-01,2025-11-10,2025-09-01,Johor,Muar,35-44,Male,Job seeker,Shared device,Low,Referral,Digital confidence,0.8,On track,Completed,1,33.2,58.3,25.1,4.0,8.0,No change reported,1,37.1,1.0
EN01792,PT0033,CH050,PRG02,Business Analytics Essentials,Data & Digital,Career Transition,English,Hybrid,TR02,Sabah,2025-09-01,2025-11-10,2025-09-01,Sarawak,Kuching,18-24,Female,Student,Mobile,Medium,Referral,Employer requirement,0.7,Watch,In progress / incomplete,0,49.7,83.1,33.4,,,Not measured,0,,
EN01793,PT0612,CH050,PRG02,Business Analytics Essentials,Data & Digital,Career Transition,English,Hybrid,TR02,Sabah,2025-09-01,2025-11-10,2025-09-01,Kuala Lumpur,Central,18-24,Male,Employed,Laptop/Desktop,Low,Employer,Career growth,0.8,On track,Completed,1,55.2,83.8,28.6,5.0,10.0,No change reported,0,,
EN01794,PT0624,CH050,PRG02,Business Analytics Essentials,Data & Digital,Career Transition,English,Hybrid,TR02,Sabah,2025-09-01,2025-11-10,2025-09-01,Sarawak,Kuching,25-34,Female,Self-employed,Laptop/Desktop,Medium,Employer,Job search,0.7,Watch,Completed,1,34.3,58.9,24.6,,,Interview secured,1,23.6,1.0
EN01795,PT0143,CH050,PRG02,Business Analytics Essentials,Data & Digital,Career Transition,English,Hybrid,TR02,Sabah,2025-09-01,2025-11-10,2025-09-01,Sabah,Sandakan,35-44,Male,Employed,Laptop/Desktop,Medium,Community partner,Career growth,1.0,On track,Completed,1,67.6,89.6,22.0,4.0,9.0,No change reported,1,13.3,1.0
EN01796,PT0529,CH050,PRG02,Business Analytics Essentials,Data & Digital,Career Transition,English,Hybrid,TR02,Sabah,2025-09-01,2025-11-10,2025-09-01,Sabah,Sandakan,25-34,Female,Employed,Laptop/Desktop,Medium,Organic,Career growth,0.9,On track,Completed,1,65.0,86.2,21.2,5.0,10.0,No change reported,0,,
EN01797,PT0775,CH050,PRG02,Business Analytics Essentials,Data & Digital,Career Transition,English,Hybrid,TR02,Sabah,2025-09-01,2025-11-10,2025-09-01,Penang,Seberang Perai,35-44,Male,Employed,Mobile,Low,Community partner,Digital confidence,0.6,Watch,Completed,1,34.9,55.4,20.5,4.0,10.0,No change reported,0,,
EN01798,PT0516,CH050,PRG02,Business Analytics Essentials,Data & Digital,Career Transition,English,Hybrid,TR02,Sabah,2025-09-01,2025-11-10,2025-09-01,Selangor,Shah Alam,18-24,Male,Student,Mobile,Low,Referral,Employer requirement,0.4,High risk,Dropped,0,55.6,69.3,13.7,3.0,3.0,Not measured,1,31.0,0.0
EN01799,PT0304,CH050,PRG02,Business Analytics Essentials,Data & Digital,Career Transition,English,Hybrid,TR02,Sabah,2025-09-01,2025-11-10,2025-09-01,Penang,Seberang Perai,25-34,Female,Job seeker,Mobile,Medium,Organic,Career growth,1.0,On track,Completed,1,65.8,95.3,29.5,4.0,7.0,Interview secured,0,,
EN01800,PT0139,CH050,PRG02,Business Analytics Essentials,Data & Digital,Career Transition,English,Hybrid,TR02,Sabah,2025-09-01,2025-11-10,2025-09-01,Johor,Muar,25-34,Male,Employed,Mobile,Medium,Community partner,Digital confidence,0.5,Watch,Completed,1,61.8,76.2,14.4,3.0,4.0,No change reported,1,8.3,1.0
EN01801,PT0609,CH050,PRG02,Business Analytics Essentials,Data & Digital,Career Transition,English,Hybrid,TR02,Sabah,2025-09-01,2025-11-10,2025-09-01,Johor,Johor Bahru,25-34,Male,Student,Laptop/Desktop,High,Referral,Career growth,0.9,On track,Completed,1,40.0,67.2,27.2,5.0,10.0,Interview secured,0,,
EN01802,PT0034,CH050,PRG02,Business Analytics Essentials,Data & Digital,Career Transition,English,Hybrid,TR02,Sabah,2025-09-01,2025-11-10,2025-09-01,Selangor,Shah Alam,25-34,Female,Job seeker,Laptop/Desktop,Medium,Community partner,Job search,0.5,Watch,Completed,1,46.5,69.1,22.6,,,No change reported,0,,
EN01803,PT0213,CH050,PRG02,Business Analytics Essentials,Data & Digital,Career Transition,English,Hybrid,TR02,Sabah,2025-09-01,2025-11-10,2025-09-01,Kuala Lumpur,South,18-24,Female,Employed,Mobile,Medium,Referral,Digital confidence,0.7,Watch,Completed,1,43.8,61.4,17.6,,,No change reported,0,,
EN01804,PT0280,CH050,PRG02,Business Analytics Essentials,Data & Digital,Career Transition,English,Hybrid,TR02,Sabah,2025-09-01,2025-11-10,2025-09-01,Sarawak,Miri,18-24,Female,Self-employed,Mobile,Low,Community partner,Job search,0.8,On track,Completed,1,47.5,69.3,21.8,,,Interview secured,2,17.2,0.5
EN01805,PT0699,CH050,PRG02,Business Analytics Essentials,Data & Digital,Career Transition,English,Hybrid,TR02,Sabah,2025-09-01,2025-11-10,2025-09-01,Johor,Muar,25-34,Female,Student,Laptop/Desktop,High,Community partner,Employer requirement,0.9,On track,Completed,1,49.2,68.9,19.7,3.0,7.0,No change reported,0,,
EN01806,PT0104,CH050,PRG02,Business Analytics Essentials,Data & Digital,Career Transition,English,Hybrid,TR02,Sabah,2025-09-01,2025-11-10,2025-09-01,Selangor,Shah Alam,25-34,Male,Employed,Shared device,Medium,Organic,Digital confidence,0.8,On track,Completed,1,78.4,97.3,18.9,4.0,8.0,No change reported,0,,
EN01807,PT0309,CH050,PRG02,Business Analytics Essentials,Data & Digital,Career Transition,English,Hybrid,TR02,Sabah,2025-09-01,2025-11-10,2025-09-01,Sarawak,Miri,35-44,Male,Job seeker,Mobile,High,Organic,Employer requirement,0.8,On track,Dropped,0,88.0,100.0,12.0,,,Not measured,1,11.9,1.0
EN01808,PT0006,CH050,PRG02,Business Analytics Essentials,Data & Digital,Career Transition,English,Hybrid,TR02,Sabah,2025-09-01,2025-11-10,2025-09-01,Penang,George Town,45+,Female,Self-employed,Mobile,High,Community partner,Employer requirement,1.0,On track,Completed,1,64.9,89.9,25.0,,,New role,1,32.5,1.0
EN01809,PT0277,CH050,PRG02,Business Analytics Essentials,Data & Digital,Career Transition,English,Hybrid,TR02,Sabah,2025-09-01,2025-11-10,2025-09-01,Kuala Lumpur,South,18-24,Female,Employed,Laptop/Desktop,Low,Organic,Employer requirement,0.8,On track,Dropped,0,53.9,81.0,27.1,4.0,7.0,Not measured,0,,
EN01810,PT0016,CH050,PRG02,Business Analytics Essentials,Data & Digital,Career Transition,English,Hybrid,TR02,Sabah,2025-09-01,2025-11-10,2025-09-01,Penang,George Town,25-34,Female,Student,Mobile,Medium,Employer,Employer requirement,0.9,On track,Completed,1,44.6,72.6,28.0,,,New role,0,,
EN01811,PT0060,CH050,PRG02,Business Analytics Essentials,Data & Digital,Career Transition,English,Hybrid,TR02,Sabah,2025-09-01,2025-11-10,2025-09-01,Selangor,Klang,25-34,Male,Self-employed,Laptop/Desktop,Low,Organic,Job search,0.8,On track,Completed,1,48.6,67.0,18.4,,,No change reported,1,20.7,1.0
EN01812,PT0497,CH050,PRG02,Business Analytics Essentials,Data & Digital,Career Transition,English,Hybrid,TR02,Sabah,2025-09-01,2025-11-10,2025-09-01,Sabah,Kota Kinabalu,25-34,Male,Job seeker,Shared device,High,Community partner,Job search,0.9,On track,Dropped,0,58.4,79.2,20.8,4.0,6.0,Not measured,2,9.9,1.0
EN01813,PT0367,CH051,PRG03,Digital Workplace Skills,Employability,Community Upskilling,Malay,Virtual,TR07,Sarawak,2025-09-01,2025-10-13,2025-09-01,Kuala Lumpur,North,18-24,Male,Employed,Mobile,Low,Community partner,Digital confidence,0.3333,High risk,Completed,1,38.5,44.1,5.6,2.0,3.0,Not measured,0,,
EN01814,PT0421,CH051,PRG03,Digital Workplace Skills,Employability,Community Upskilling,Malay,Virtual,TR07,Sarawak,2025-09-01,2025-10-13,2025-09-01,Selangor,Klang,18-24,Male,Self-employed,Laptop/Desktop,Medium,Community partner,Career growth,0.8333,On track,Completed,1,54.5,71.4,16.9,4.0,8.0,Not measured,0,,
EN01815,PT0594,CH051,PRG03,Digital Workplace Skills,Employability,Community Upskilling,Malay,Virtual,TR07,Sarawak,2025-09-01,2025-10-13,2025-09-01,Kuala Lumpur,Central,35-44,Male,Job seeker,Shared device,Medium,Community partner,Career growth,0.5,Watch,In progress / incomplete,0,49.0,59.6,10.6,5.0,10.0,Not measured,1,12.6,0.0
EN01816,PT0545,CH051,PRG03,Digital Workplace Skills,Employability,Community Upskilling,Malay,Virtual,TR07,Sarawak,2025-09-01,2025-10-13,2025-09-01,Kuala Lumpur,North,25-34,Female,Student,Mobile,Low,Employer,Job search,0.5,Watch,Dropped,0,61.4,76.3,14.9,4.0,6.0,Not measured,1,20.0,1.0
EN01817,PT0754,CH051,PRG03,Digital Workplace Skills,Employability,Community Upskilling,Malay,Virtual,TR07,Sarawak,2025-09-01,2025-10-13,2025-09-01,Johor,Muar,25-34,Male,Job seeker,Shared device,High,Community partner,Career growth,1.0,On track,Completed,1,55.1,84.6,29.5,4.0,9.0,Not measured,1,6.0,1.0
EN01818,PT0083,CH051,PRG03,Digital Workplace Skills,Employability,Community Upskilling,Malay,Virtual,TR07,Sarawak,2025-09-01,2025-10-13,2025-09-01,Sarawak,Miri,25-34,Female,Employed,Mobile,Medium,Organic,Employer requirement,0.8333,On track,Dropped,0,66.4,100.0,33.6,,,Not measured,1,26.3,1.0
EN01819,PT0402,CH051,PRG03,Digital Workplace Skills,Employability,Community Upskilling,Malay,Virtual,TR07,Sarawak,2025-09-01,2025-10-13,2025-09-01,Kuala Lumpur,Central,35-44,Male,Student,Mobile,High,Community partner,Career growth,0.6667,Watch,Completed,1,64.1,90.0,25.9,4.0,9.0,Not measured,0,,
EN01820,PT0273,CH051,PRG03,Digital Workplace Skills,Employability,Community Upskilling,Malay,Virtual,TR07,Sarawak,2025-09-01,2025-10-13,2025-09-01,Sarawak,Miri,25-34,Female,Employed,Laptop/Desktop,Medium,Referral,Job search,1.0,On track,Completed,1,46.5,77.4,30.9,4.0,5.0,Not measured,1,18.8,1.0
EN01821,PT0745,CH051,PRG03,Digital Workplace Skills,Employability,Community Upskilling,Malay,Virtual,TR07,Sarawak,2025-09-01,2025-10-13,2025-09-01,Penang,Seberang Perai,45+,Female,Student,Laptop/Desktop,High,Referral,Employer requirement,0.8333,On track,Completed,1,52.1,78.0,25.9,,,Not measured,0,,
EN01822,PT0626,CH051,PRG03,Digital Workplace Skills,Employability,Community Upskilling,Malay,Virtual,TR07,Sarawak,2025-09-01,2025-10-13,2025-09-01,Sabah,Kota Kinabalu,25-34,Male,Student,Shared device,High,Referral,Career growth,1.0,On track,Completed,1,50.4,73.7,23.3,4.0,9.0,Not measured,1,23.5,0.0
EN01823,PT0408,CH051,PRG03,Digital Workplace Skills,Employability,Community Upskilling,Malay,Virtual,TR07,Sarawak,2025-09-01,2025-10-13,2025-09-01,Sabah,Sandakan,18-24,Female,Self-employed,Mobile,Medium,Organic,Digital confidence,0.6667,Watch,Dropped,0,45.8,58.3,12.5,3.0,4.0,Not measured,0,,
EN01824,PT0636,CH051,PRG03,Digital Workplace Skills,Employability,Community Upskilling,Malay,Virtual,TR07,Sarawak,2025-09-01,2025-10-13,2025-09-01,Penang,George Town,25-34,Female,Employed,Mobile,High,Community partner,Employer requirement,0.1667,High risk,Completed,1,38.6,54.0,15.4,3.0,7.0,Not measured,0,,
EN01825,PT0733,CH051,PRG03,Digital Workplace Skills,Employability,Community Upskilling,Malay,Virtual,TR07,Sarawak,2025-09-01,2025-10-13,2025-09-01,Kuala Lumpur,Central,25-34,Male,Job seeker,Laptop/Desktop,Medium,Employer,Digital confidence,1.0,On track,Dropped,0,58.2,74.3,16.1,5.0,9.0,Not measured,0,,
EN01826,PT0779,CH051,PRG03,Digital Workplace Skills,Employability,Community Upskilling,Malay,Virtual,TR07,Sarawak,2025-09-01,2025-10-13,2025-09-01,Selangor,Klang,18-24,Female,Student,Mobile,Medium,Employer,Digital confidence,0.6667,Watch,Dropped,0,51.5,71.3,19.8,4.0,9.0,Not measured,0,,
EN01827,PT0483,CH051,PRG03,Digital Workplace Skills,Employability,Community Upskilling,Malay,Virtual,TR07,Sarawak,2025-09-01,2025-10-13,2025-09-01,Sabah,Kota Kinabalu,35-44,Male,Job seeker,Mobile,Medium,Referral,Digital confidence,0.8333,On track,Completed,1,78.1,100.0,21.9,4.0,8.0,Not measured,0,,
EN01828,PT0208,CH051,PRG03,Digital Workplace Skills,Employability,Community Upskilling,Malay,Virtual,TR07,Sarawak,2025-09-01,2025-10-13,2025-09-01,Johor,Johor Bahru,35-44,Female,Employed,Laptop/Desktop,Medium,Community partner,Digital confidence,0.5,Watch,Dropped,0,72.2,98.5,26.3,3.0,6.0,Not measured,0,,
EN01829,PT0582,CH051,PRG03,Digital Workplace Skills,Employability,Community Upskilling,Malay,Virtual,TR07,Sarawak,2025-09-01,2025-10-13,2025-09-01,Selangor,Petaling,35-44,Female,Self-employed,Mobile,Medium,Employer,Employer requirement,1.0,On track,Completed,1,42.7,69.1,26.4,,,Not measured,0,,
EN01830,PT0068,CH051,PRG03,Digital Workplace Skills,Employability,Community Upskilling,Malay,Virtual,TR07,Sarawak,2025-09-01,2025-10-13,2025-09-01,Sarawak,Kuching,18-24,Male,Employed,Mobile,Medium,Employer,Digital confidence,0.6667,Watch,Completed,1,52.2,66.3,14.1,5.0,10.0,Not measured,1,27.7,0.0
EN01831,PT0195,CH051,PRG03,Digital Workplace Skills,Employability,Community Upskilling,Malay,Virtual,TR07,Sarawak,2025-09-01,2025-10-13,2025-09-01,Kuala Lumpur,South,18-24,Male,Employed,Mobile,High,Employer,Employer requirement,0.3333,High risk,Completed,1,58.7,67.5,8.8,3.0,4.0,Not measured,1,17.6,1.0
EN01832,PT0694,CH051,PRG03,Digital Workplace Skills,Employability,Community Upskilling,Malay,Virtual,TR07,Sarawak,2025-09-01,2025-10-13,2025-09-01,Selangor,Petaling,18-24,Male,Employed,Mobile,Low,Community partner,Job search,0.6667,Watch,Completed,1,30.4,40.7,10.3,,,Not measured,0,,
EN01833,PT0717,CH051,PRG03,Digital Workplace Skills,Employability,Community Upskilling,Malay,Virtual,TR07,Sarawak,2025-09-01,2025-10-13,2025-09-01,Kuala Lumpur,Central,25-34,Male,Student,Mobile,Medium,Community partner,Digital confidence,1.0,On track,Completed,1,70.5,94.5,24.0,4.0,6.0,Not measured,1,8.6,1.0
EN01834,PT0753,CH051,PRG03,Digital Workplace Skills,Employability,Community Upskilling,Malay,Virtual,TR07,Sarawak,2025-09-01,2025-10-13,2025-09-01,Kuala Lumpur,North,25-34,Male,Self-employed,Laptop/Desktop,Low,Referral,Career growth,1.0,On track,Completed,1,40.0,56.6,16.6,4.0,5.0,Not measured,0,,
EN01835,PT0067,CH051,PRG03,Digital Workplace Skills,Employability,Community Upskilling,Malay,Virtual,TR07,Sarawak,2025-09-01,2025-10-13,2025-09-01,Kuala Lumpur,South,35-44,Male,Student,Laptop/Desktop,Medium,Community partner,Digital confidence,1.0,On track,Completed,1,53.5,85.7,32.2,4.0,7.0,Not measured,1,8.4,1.0
EN01836,PT0503,CH051,PRG03,Digital Workplace Skills,Employability,Community Upskilling,Malay,Virtual,TR07,Sarawak,2025-09-01,2025-10-13,2025-09-01,Kuala Lumpur,South,35-44,Female,Job seeker,Laptop/Desktop,Low,Employer,Career growth,0.8333,On track,Completed,1,45.2,70.8,25.6,4.0,7.0,Not measured,1,9.0,1.0
EN01837,PT0136,CH051,PRG03,Digital Workplace Skills,Employability,Community Upskilling,Malay,Virtual,TR07,Sarawak,2025-09-01,2025-10-13,2025-09-01,Sarawak,Miri,25-34,Non-binary / Prefer not to say,Student,Laptop/Desktop,High,Employer,Digital confidence,0.6667,Watch,Completed,1,53.2,67.1,13.9,,,Not measured,0,,
EN01838,PT0074,CH051,PRG03,Digital Workplace Skills,Employability,Community Upskilling,Malay,Virtual,TR07,Sarawak,2025-09-01,2025-10-13,2025-09-01,Sarawak,Kuching,25-34,Female,Job seeker,Laptop/Desktop,Medium,Organic,Job search,1.0,On track,Completed,1,32.6,57.6,25.0,4.0,9.0,Not measured,0,,
EN01839,PT0710,CH051,PRG03,Digital Workplace Skills,Employability,Community Upskilling,Malay,Virtual,TR07,Sarawak,2025-09-01,2025-10-13,2025-09-01,Johor,Johor Bahru,35-44,Female,Employed,Mobile,Medium,Organic,Employer requirement,0.6667,Watch,Completed,1,45.8,72.4,26.6,4.0,7.0,Not measured,1,42.6,1.0
EN01840,PT0090,CH051,PRG03,Digital Workplace Skills,Employability,Community Upskilling,Malay,Virtual,TR07,Sarawak,2025-09-01,2025-10-13,2025-09-01,Penang,Seberang Perai,25-34,Male,Job seeker,Laptop/Desktop,Medium,Organic,Employer requirement,1.0,On track,Completed,1,65.6,87.2,21.6,4.0,8.0,Not measured,1,4.1,1.0
EN01841,PT0374,CH051,PRG03,Digital Workplace Skills,Employability,Community Upskilling,Malay,Virtual,TR07,Sarawak,2025-09-01,2025-10-13,2025-09-01,Penang,Seberang Perai,45+,Female,Employed,Mobile,Low,Referral,Digital confidence,0.6667,Watch,Completed,1,55.6,81.4,25.8,3.0,5.0,Not measured,0,,
EN01842,PT0047,CH051,PRG03,Digital Workplace Skills,Employability,Community Upskilling,Malay,Virtual,TR07,Sarawak,2025-09-01,2025-10-13,2025-09-01,Johor,Muar,45+,Female,Self-employed,Mobile,Medium,Referral,Digital confidence,0.5,Watch,Dropped,0,38.2,62.9,24.7,,,Not measured,0,,
EN01843,PT0141,CH051,PRG03,Digital Workplace Skills,Employability,Community Upskilling,Malay,Virtual,TR07,Sarawak,2025-09-01,2025-10-13,2025-09-01,Kuala Lumpur,North,18-24,Male,Employed,Mobile,Medium,Organic,Career growth,0.6667,Watch,Completed,1,36.9,52.7,15.8,4.0,9.0,Not measured,2,21.5,1.0
EN01844,PT0063,CH051,PRG03,Digital Workplace Skills,Employability,Community Upskilling,Malay,Virtual,TR07,Sarawak,2025-09-01,2025-10-13,2025-09-01,Kuala Lumpur,North,25-34,Female,Employed,Laptop/Desktop,Low,Organic,Job search,0.8333,On track,Completed,1,58.0,81.6,23.6,3.0,5.0,Not measured,0,,
EN01845,PT0109,CH051,PRG03,Digital Workplace Skills,Employability,Community Upskilling,Malay,Virtual,TR07,Sarawak,2025-09-01,2025-10-13,2025-09-01,Kuala Lumpur,South,25-34,Male,Employed,Mobile,Low,Organic,Digital confidence,0.8333,On track,Completed,1,66.8,85.3,18.5,4.0,9.0,Not measured,0,,
EN01846,PT0546,CH051,PRG03,Digital Workplace Skills,Employability,Community Upskilling,Malay,Virtual,TR07,Sarawak,2025-09-01,2025-10-13,2025-09-01,Penang,George Town,35-44,Female,Student,Laptop/Desktop,Medium,Employer,Career growth,1.0,On track,Completed,1,55.3,82.8,27.5,4.0,6.0,Not measured,0,,
EN01847,PT0264,CH051,PRG03,Digital Workplace Skills,Employability,Community Upskilling,Malay,Virtual,TR07,Sarawak,2025-09-01,2025-10-13,2025-09-01,Kuala Lumpur,Central,25-34,Female,Self-employed,Mobile,Medium,Referral,Digital confidence,0.8333,On track,Completed,1,34.7,53.1,18.4,4.0,7.0,Not measured,0,,
EN01848,PT0336,CH052,PRG04,Customer Support Excellence,Operations,Workforce Development,English,Hybrid,TR12,Selangor,2025-08-18,2025-09-29,2025-08-01,Johor,Johor Bahru,25-34,Male,Self-employed,Laptop/Desktop,High,Organic,Career growth,0.8333,On track,Completed,1,57.1,88.8,31.7,4.0,8.0,Not measured,0,,
EN01849,PT0106,CH052,PRG04,Customer Support Excellence,Operations,Workforce Development,English,Hybrid,TR12,Selangor,2025-08-18,2025-09-29,2025-08-01,Selangor,Klang,35-44,Female,Job seeker,Laptop/Desktop,Medium,Community partner,Career growth,1.0,On track,Completed,1,48.1,68.7,20.6,,,Not measured,1,16.8,1.0
EN01850,PT0620,CH052,PRG04,Customer Support Excellence,Operations,Workforce Development,English,Hybrid,TR12,Selangor,2025-08-18,2025-09-29,2025-08-01,Kuala Lumpur,Central,35-44,Female,Job seeker,Laptop/Desktop,Medium,Community partner,Career growth,1.0,On track,Completed,1,45.3,71.3,26.0,5.0,10.0,Not measured,1,27.9,1.0
EN01851,PT0487,CH052,PRG04,Customer Support Excellence,Operations,Workforce Development,English,Hybrid,TR12,Selangor,2025-08-18,2025-09-29,2025-08-01,Johor,Johor Bahru,18-24,Female,Job seeker,Mobile,Medium,Referral,Career growth,0.8333,On track,Completed,1,42.8,58.4,15.6,4.0,8.0,Not measured,0,,
EN01852,PT0707,CH052,PRG04,Customer Support Excellence,Operations,Workforce Development,English,Hybrid,TR12,Selangor,2025-08-18,2025-09-29,2025-08-01,Sabah,Sandakan,35-44,Female,Student,Mobile,Medium,Organic,Career growth,0.6667,Watch,Completed,1,80.1,99.5,19.4,4.0,9.0,Not measured,1,16.0,1.0
EN01853,PT0594,CH052,PRG04,Customer Support Excellence,Operations,Workforce Development,English,Hybrid,TR12,Selangor,2025-08-18,2025-09-29,2025-08-01,Kuala Lumpur,Central,35-44,Male,Job seeker,Shared device,Medium,Employer,Job search,0.8333,On track,Completed,1,52.4,67.7,15.3,4.0,7.0,Not measured,0,,
EN01854,PT0151,CH052,PRG04,Customer Support Excellence,Operations,Workforce Development,English,Hybrid,TR12,Selangor,2025-08-18,2025-09-29,2025-08-01,Kuala Lumpur,North,25-34,Male,Employed,Laptop/Desktop,Medium,Referral,Career growth,1.0,On track,Completed,1,38.5,64.3,25.8,5.0,10.0,Not measured,0,,
EN01855,PT0588,CH052,PRG04,Customer Support Excellence,Operations,Workforce Development,English,Hybrid,TR12,Selangor,2025-08-18,2025-09-29,2025-08-01,Selangor,Petaling,18-24,Female,Self-employed,Mobile,High,Employer,Career growth,0.6667,Watch,Completed,1,70.1,98.1,28.0,5.0,10.0,Not measured,0,,
EN01856,PT0391,CH052,PRG04,Customer Support Excellence,Operations,Workforce Development,English,Hybrid,TR12,Selangor,2025-08-18,2025-09-29,2025-08-01,Kuala Lumpur,South,18-24,Female,Job seeker,Laptop/Desktop,Low,Organic,Employer requirement,0.8333,On track,Completed,1,46.5,67.0,20.5,3.0,5.0,Not measured,0,,
EN01857,PT0325,CH052,PRG04,Customer Support Excellence,Operations,Workforce Development,English,Hybrid,TR12,Selangor,2025-08-18,2025-09-29,2025-08-01,Johor,Johor Bahru,25-34,Male,Job seeker,Mobile,High,Employer,Career growth,1.0,On track,Completed,1,63.5,91.7,28.2,5.0,10.0,Not measured,0,,
EN01858,PT0547,CH052,PRG04,Customer Support Excellence,Operations,Workforce Development,English,Hybrid,TR12,Selangor,2025-08-18,2025-09-29,2025-08-01,Sarawak,Kuching,25-34,Female,Job seeker,Laptop/Desktop,Medium,Community partner,Job search,0.5,Watch,In progress / incomplete,0,63.2,87.4,24.2,3.0,5.0,Not measured,0,,
EN01859,PT0741,CH052,PRG04,Customer Support Excellence,Operations,Workforce Development,English,Hybrid,TR12,Selangor,2025-08-18,2025-09-29,2025-08-01,Johor,Muar,25-34,Male,Employed,Mobile,Medium,Organic,Job search,1.0,On track,Completed,1,70.8,100.0,29.2,5.0,10.0,Not measured,0,,
EN01860,PT0774,CH052,PRG04,Customer Support Excellence,Operations,Workforce Development,English,Hybrid,TR12,Selangor,2025-08-18,2025-09-29,2025-08-01,Selangor,Klang,35-44,Male,Job seeker,Mobile,High,Organic,Digital confidence,0.8333,On track,In progress / incomplete,0,77.6,100.0,22.4,5.0,10.0,Not measured,0,,
EN01861,PT0513,CH052,PRG04,Customer Support Excellence,Operations,Workforce Development,English,Hybrid,TR12,Selangor,2025-08-18,2025-09-29,2025-08-01,Sabah,Sandakan,25-34,Male,Job seeker,Mobile,Medium,Employer,Job search,0.6667,Watch,Dropped,0,35.1,46.8,11.7,4.0,7.0,Not measured,0,,
EN01862,PT0682,CH052,PRG04,Customer Support Excellence,Operations,Workforce Development,English,Hybrid,TR12,Selangor,2025-08-18,2025-09-29,2025-08-01,Sabah,Kota Kinabalu,45+,Male,Job seeker,Mobile,Medium,Organic,Career growth,0.8333,On track,Completed,1,43.8,66.0,22.2,,,Not measured,0,,
EN01863,PT0662,CH052,PRG04,Customer Support Excellence,Operations,Workforce Development,English,Hybrid,TR12,Selangor,2025-08-18,2025-09-29,2025-08-01,Johor,Muar,35-44,Female,Student,Mobile,Medium,Organic,Job search,0.8333,On track,Completed,1,63.0,86.0,23.0,,,Not measured,0,,
EN01864,PT0434,CH052,PRG04,Customer Support Excellence,Operations,Workforce Development,English,Hybrid,TR12,Selangor,2025-08-18,2025-09-29,2025-08-01,Selangor,Petaling,25-34,Female,Employed,Laptop/Desktop,High,Organic,Job search,1.0,On track,Completed,1,55.3,79.7,24.4,4.0,8.0,Not measured,1,27.2,0.0
EN01865,PT0204,CH052,PRG04,Customer Support Excellence,Operations,Workforce Development,English,Hybrid,TR12,Selangor,2025-08-18,2025-09-29,2025-08-01,Sabah,Kota Kinabalu,18-24,Male,Job seeker,Mobile,Medium,Community partner,Job search,0.6667,Watch,Dropped,0,48.1,69.3,21.2,4.0,6.0,Not measured,0,,
EN01866,PT0352,CH052,PRG04,Customer Support Excellence,Operations,Workforce Development,English,Hybrid,TR12,Selangor,2025-08-18,2025-09-29,2025-08-01,Kuala Lumpur,South,25-34,Female,Employed,Mobile,Low,Employer,Career growth,0.8333,On track,Completed,1,30.1,52.5,22.4,4.0,7.0,Not measured,0,,
EN01867,PT0288,CH052,PRG04,Customer Support Excellence,Operations,Workforce Development,English,Hybrid,TR12,Selangor,2025-08-18,2025-09-29,2025-08-01,Kuala Lumpur,South,18-24,Male,Employed,Mobile,Medium,Community partner,Job search,1.0,On track,Completed,1,49.4,88.8,39.4,4.0,7.0,Not measured,0,,
EN01868,PT0693,CH052,PRG04,Customer Support Excellence,Operations,Workforce Development,English,Hybrid,TR12,Selangor,2025-08-18,2025-09-29,2025-08-01,Sarawak,Miri,25-34,Male,Employed,Mobile,Medium,Employer,Digital confidence,0.6667,Watch,In progress / incomplete,0,48.9,56.0,7.1,3.0,6.0,Not measured,0,,
EN01869,PT0610,CH052,PRG04,Customer Support Excellence,Operations,Workforce Development,English,Hybrid,TR12,Selangor,2025-08-18,2025-09-29,2025-08-01,Johor,Muar,25-34,Female,Employed,Laptop/Desktop,High,Referral,Digital confidence,1.0,On track,Completed,1,80.1,100.0,19.9,4.0,5.0,Not measured,2,18.9,1.0
EN01870,PT0409,CH052,PRG04,Customer Support Excellence,Operations,Workforce Development,English,Hybrid,TR12,Selangor,2025-08-18,2025-09-29,2025-08-01,Johor,Muar,35-44,Male,Job seeker,Mobile,High,Community partner,Career growth,1.0,On track,Completed,1,53.1,81.1,28.0,4.0,8.0,Not measured,0,,
EN01871,PT0365,CH052,PRG04,Customer Support Excellence,Operations,Workforce Development,English,Hybrid,TR12,Selangor,2025-08-18,2025-09-29,2025-08-01,Johor,Johor Bahru,25-34,Male,Self-employed,Mobile,Low,Organic,Digital confidence,0.8333,On track,Completed,1,27.1,54.5,27.4,4.0,7.0,Not measured,0,,
EN01872,PT0296,CH052,PRG04,Customer Support Excellence,Operations,Workforce Development,English,Hybrid,TR12,Selangor,2025-08-18,2025-09-29,2025-08-01,Kuala Lumpur,Central,25-34,Male,Employed,Laptop/Desktop,Medium,Community partner,Career growth,1.0,On track,Completed,1,46.8,82.0,35.2,5.0,9.0,Not measured,0,,
EN01873,PT0706,CH052,PRG04,Customer Support Excellence,Operations,Workforce Development,English,Hybrid,TR12,Selangor,2025-08-18,2025-09-29,2025-08-01,Sabah,Kota Kinabalu,35-44,Female,Job seeker,Mobile,Low,Community partner,Job search,0.8333,On track,Completed,1,50.7,78.7,28.0,,,Not measured,1,25.0,0.0
EN01874,PT0240,CH052,PRG04,Customer Support Excellence,Operations,Workforce Development,English,Hybrid,TR12,Selangor,2025-08-18,2025-09-29,2025-08-01,Penang,Seberang Perai,25-34,Male,Employed,Laptop/Desktop,High,Organic,Career growth,1.0,On track,Completed,1,56.7,74.6,17.9,4.0,7.0,Not measured,0,,
EN01875,PT0504,CH052,PRG04,Customer Support Excellence,Operations,Workforce Development,English,Hybrid,TR12,Selangor,2025-08-18,2025-09-29,2025-08-01,Selangor,Petaling,35-44,Male,Job seeker,Mobile,Medium,Community partner,Career growth,0.8333,On track,Completed,1,78.6,100.0,21.4,3.0,6.0,Not measured,0,,
EN01876,PT0358,CH052,PRG04,Customer Support Excellence,Operations,Workforce Development,English,Hybrid,TR12,Selangor,2025-08-18,2025-09-29,2025-08-01,Sarawak,Miri,18-24,Male,Self-employed,Mobile,Medium,Employer,Digital confidence,0.8333,On track,Completed,1,74.8,99.7,24.9,3.0,7.0,Not measured,0,,
EN01877,PT0714,CH052,PRG04,Customer Support Excellence,Operations,Workforce Development,English,Hybrid,TR12,Selangor,2025-08-18,2025-09-29,2025-08-01,Kuala Lumpur,South,25-34,Male,Job seeker,Mobile,High,Organic,Job search,1.0,On track,Completed,1,71.0,97.0,26.0,,,Not measured,1,9.0,1.0
EN01878,PT0606,CH052,PRG04,Customer Support Excellence,Operations,Workforce Development,English,Hybrid,TR12,Selangor,2025-08-18,2025-09-29,2025-08-01,Kuala Lumpur,Central,35-44,Male,Job seeker,Mobile,Medium,Community partner,Digital confidence,1.0,On track,Completed,1,70.2,98.9,28.7,4.0,7.0,Not measured,0,,
EN01879,PT0685,CH052,PRG04,Customer Support Excellence,Operations,Workforce Development,English,Hybrid,TR12,Selangor,2025-08-18,2025-09-29,2025-08-01,Kuala Lumpur,North,25-34,Female,Student,Laptop/Desktop,High,Referral,Job search,1.0,On track,Completed,1,54.9,87.2,32.3,,,Not measured,1,11.5,1.0
EN01880,PT0199,CH052,PRG04,Customer Support Excellence,Operations,Workforce Development,English,Hybrid,TR12,Selangor,2025-08-18,2025-09-29,2025-08-01,Penang,Seberang Perai,25-34,Male,Self-employed,Laptop/Desktop,Medium,Employer,Digital confidence,1.0,On track,Completed,1,62.3,85.3,23.0,,,Not measured,0,,
EN01881,PT0120,CH052,PRG04,Customer Support Excellence,Operations,Workforce Development,English,Hybrid,TR12,Selangor,2025-08-18,2025-09-29,2025-08-01,Selangor,Petaling,45+,Non-binary / Prefer not to say,Employed,Laptop/Desktop,Medium,Referral,Job search,0.3333,High risk,Completed,1,73.4,85.2,11.8,3.0,5.0,Not measured,1,6.7,1.0
EN01882,PT0478,CH052,PRG04,Customer Support Excellence,Operations,Workforce Development,English,Hybrid,TR12,Selangor,2025-08-18,2025-09-29,2025-08-01,Kuala Lumpur,North,18-24,Female,Employed,Laptop/Desktop,Medium,Community partner,Digital confidence,0.6667,Watch,Dropped,0,65.8,78.4,12.6,3.0,5.0,Not measured,0,,
EN01883,PT0316,CH052,PRG04,Customer Support Excellence,Operations,Workforce Development,English,Hybrid,TR12,Selangor,2025-08-18,2025-09-29,2025-08-01,Kuala Lumpur,South,25-34,Male,Employed,Mobile,Medium,Community partner,Employer requirement,0.8333,On track,Dropped,0,74.3,95.5,21.2,3.0,5.0,Not measured,0,,
EN01884,PT0398,CH053,PRG05,Financial Literacy,Business,Community Upskilling,Hindi,Hybrid,TR06,Selangor,2025-09-01,2025-10-06,2025-09-01,Sarawak,Miri,45+,Male,Job seeker,Mobile,High,Employer,Career growth,0.8,On track,In progress / incomplete,0,51.9,76.8,24.9,3.0,4.0,Not measured,0,,
EN01885,PT0572,CH053,PRG05,Financial Literacy,Business,Community Upskilling,Hindi,Hybrid,TR06,Selangor,2025-09-01,2025-10-06,2025-09-01,Kuala Lumpur,Central,35-44,Female,Student,Shared device,High,Organic,Career growth,0.8,On track,Completed,1,81.7,100.0,18.3,5.0,9.0,Not measured,1,22.8,1.0
EN01886,PT0580,CH053,PRG05,Financial Literacy,Business,Community Upskilling,Hindi,Hybrid,TR06,Selangor,2025-09-01,2025-10-06,2025-09-01,Selangor,Klang,35-44,Male,Job seeker,Mobile,High,Referral,Employer requirement,1.0,On track,Completed,1,56.9,91.5,34.6,5.0,10.0,Not measured,1,55.2,0.0
EN01887,PT0760,CH053,PRG05,Financial Literacy,Business,Community Upskilling,Hindi,Hybrid,TR06,Selangor,2025-09-01,2025-10-06,2025-09-01,Penang,George Town,25-34,Female,Employed,Laptop/Desktop,Medium,Community partner,Career growth,1.0,On track,Completed,1,68.6,95.0,26.4,4.0,8.0,Not measured,0,,
EN01888,PT0159,CH053,PRG05,Financial Literacy,Business,Community Upskilling,Hindi,Hybrid,TR06,Selangor,2025-09-01,2025-10-06,2025-09-01,Selangor,Petaling,25-34,Female,Employed,Mobile,Medium,Employer,Job search,0.6,Watch,Completed,1,40.5,64.9,24.4,,,Not measured,1,32.0,1.0
EN01889,PT0262,CH053,PRG05,Financial Literacy,Business,Community Upskilling,Hindi,Hybrid,TR06,Selangor,2025-09-01,2025-10-06,2025-09-01,Kuala Lumpur,North,25-34,Male,Student,Laptop/Desktop,Medium,Community partner,Digital confidence,1.0,On track,Completed,1,74.2,100.0,25.8,5.0,10.0,Not measured,0,,
EN01890,PT0434,CH053,PRG05,Financial Literacy,Business,Community Upskilling,Hindi,Hybrid,TR06,Selangor,2025-09-01,2025-10-06,2025-09-01,Selangor,Petaling,25-34,Female,Employed,Laptop/Desktop,High,Community partner,Career growth,0.8,On track,Completed,1,63.2,86.5,23.3,5.0,10.0,Not measured,0,,
EN01891,PT0282,CH053,PRG05,Financial Literacy,Business,Community Upskilling,Hindi,Hybrid,TR06,Selangor,2025-09-01,2025-10-06,2025-09-01,Penang,George Town,25-34,Female,Job seeker,Mobile,High,Community partner,Digital confidence,0.8,On track,Completed,1,67.4,94.8,27.4,5.0,10.0,Not measured,0,,
EN01892,PT0017,CH053,PRG05,Financial Literacy,Business,Community Upskilling,Hindi,Hybrid,TR06,Selangor,2025-09-01,2025-10-06,2025-09-01,Selangor,Klang,18-24,Female,Job seeker,Laptop/Desktop,Low,Organic,Employer requirement,0.4,High risk,Dropped,0,48.0,53.9,5.9,5.0,9.0,Not measured,1,17.9,1.0
EN01893,PT0493,CH053,PRG05,Financial Literacy,Business,Community Upskilling,Hindi,Hybrid,TR06,Selangor,2025-09-01,2025-10-06,2025-09-01,Kuala Lumpur,Central,35-44,Female,Employed,Mobile,Medium,Organic,Digital confidence,0.8,On track,Completed,1,49.8,64.7,14.9,,,Not measured,0,,
EN01894,PT0152,CH053,PRG05,Financial Literacy,Business,Community Upskilling,Hindi,Hybrid,TR06,Selangor,2025-09-01,2025-10-06,2025-09-01,Penang,Seberang Perai,45+,Male,Self-employed,Laptop/Desktop,High,Organic,Job search,1.0,On track,Completed,1,50.3,79.7,29.4,4.0,8.0,Not measured,1,30.9,1.0
EN01895,PT0424,CH053,PRG05,Financial Literacy,Business,Community Upskilling,Hindi,Hybrid,TR06,Selangor,2025-09-01,2025-10-06,2025-09-01,Penang,Seberang Perai,18-24,Male,Employed,Mobile,High,Organic,Digital confidence,0.6,Watch,Dropped,0,41.5,66.4,24.9,3.0,9.0,Not measured,0,,
EN01896,PT0672,CH053,PRG05,Financial Literacy,Business,Community Upskilling,Hindi,Hybrid,TR06,Selangor,2025-09-01,2025-10-06,2025-09-01,Sarawak,Miri,18-24,Female,Employed,Mobile,Medium,Organic,Employer requirement,1.0,On track,Completed,1,51.2,80.7,29.5,4.0,7.0,Not measured,0,,
EN01897,PT0531,CH053,PRG05,Financial Literacy,Business,Community Upskilling,Hindi,Hybrid,TR06,Selangor,2025-09-01,2025-10-06,2025-09-01,Kuala Lumpur,Central,25-34,Male,Employed,Mobile,Medium,Employer,Job search,0.6,Watch,In progress / incomplete,0,50.2,74.8,24.6,3.0,7.0,Not measured,0,,
EN01898,PT0071,CH053,PRG05,Financial Literacy,Business,Community Upskilling,Hindi,Hybrid,TR06,Selangor,2025-09-01,2025-10-06,2025-09-01,Sarawak,Miri,18-24,Female,Employed,Laptop/Desktop,Medium,Referral,Job search,0.8,On track,In progress / incomplete,0,60.4,89.1,28.7,4.0,7.0,Not measured,0,,
EN01899,PT0021,CH053,PRG05,Financial Literacy,Business,Community Upskilling,Hindi,Hybrid,TR06,Selangor,2025-09-01,2025-10-06,2025-09-01,Penang,George Town,18-24,Male,Employed,Laptop/Desktop,Medium,Referral,Employer requirement,0.8,On track,Completed,1,48.9,74.1,25.2,3.0,5.0,Not measured,0,,
EN01900,PT0542,CH053,PRG05,Financial Literacy,Business,Community Upskilling,Hindi,Hybrid,TR06,Selangor,2025-09-01,2025-10-06,2025-09-01,Selangor,Klang,35-44,Female,Job seeker,Laptop/Desktop,Low,Organic,Digital confidence,0.4,High risk,Dropped,0,46.0,66.1,20.1,,,Not measured,2,33.6,1.0
EN01901,PT0235,CH053,PRG05,Financial Literacy,Business,Community Upskilling,Hindi,Hybrid,TR06,Selangor,2025-09-01,2025-10-06,2025-09-01,Sabah,Sandakan,18-24,Female,Job seeker,Mobile,Low,Community partner,Job search,0.8,On track,Completed,1,30.6,52.7,22.1,4.0,6.0,Not measured,0,,
EN01902,PT0209,CH053,PRG05,Financial Literacy,Business,Community Upskilling,Hindi,Hybrid,TR06,Selangor,2025-09-01,2025-10-06,2025-09-01,Selangor,Klang,18-24,Female,Job seeker,Mobile,Medium,Community partner,Job search,0.8,On track,Completed,1,51.2,62.3,11.1,4.0,7.0,Not measured,0,,
EN01903,PT0074,CH053,PRG05,Financial Literacy,Business,Community Upskilling,Hindi,Hybrid,TR06,Selangor,2025-09-01,2025-10-06,2025-09-01,Sarawak,Kuching,25-34,Female,Job seeker,Laptop/Desktop,Medium,Organic,Career growth,1.0,On track,Completed,1,80.7,100.0,19.3,5.0,10.0,Not measured,0,,
EN01904,PT0097,CH053,PRG05,Financial Literacy,Business,Community Upskilling,Hindi,Hybrid,TR06,Selangor,2025-09-01,2025-10-06,2025-09-01,Selangor,Shah Alam,25-34,Male,Self-employed,Laptop/Desktop,High,Community partner,Job search,0.4,High risk,Dropped,0,52.8,75.6,22.8,3.0,6.0,Not measured,0,,
EN01905,PT0278,CH053,PRG05,Financial Literacy,Business,Community Upskilling,Hindi,Hybrid,TR06,Selangor,2025-09-01,2025-10-06,2025-09-01,Selangor,Petaling,25-34,Male,Employed,Laptop/Desktop,Medium,Community partner,Digital confidence,1.0,On track,Completed,1,45.0,66.5,21.5,4.0,9.0,Not measured,0,,
EN01906,PT0197,CH053,PRG05,Financial Literacy,Business,Community Upskilling,Hindi,Hybrid,TR06,Selangor,2025-09-01,2025-10-06,2025-09-01,Kuala Lumpur,Central,18-24,Male,Employed,Laptop/Desktop,Medium,Organic,Digital confidence,1.0,On track,Completed,1,59.8,83.1,23.3,5.0,9.0,Not measured,0,,
EN01907,PT0717,CH053,PRG05,Financial Literacy,Business,Community Upskilling,Hindi,Hybrid,TR06,Selangor,2025-09-01,2025-10-06,2025-09-01,Kuala Lumpur,Central,25-34,Male,Student,Mobile,Medium,Employer,Job search,0.0,High risk,Dropped,0,52.8,70.2,17.4,2.0,2.0,Not measured,1,5.7,1.0
EN01908,PT0663,CH053,PRG05,Financial Literacy,Business,Community Upskilling,Hindi,Hybrid,TR06,Selangor,2025-09-01,2025-10-06,2025-09-01,Selangor,Petaling,25-34,Male,Job seeker,Mobile,Medium,Community partner,Digital confidence,1.0,On track,Completed,1,53.5,86.0,32.5,5.0,10.0,Not measured,0,,
EN01909,PT0027,CH053,PRG05,Financial Literacy,Business,Community Upskilling,Hindi,Hybrid,TR06,Selangor,2025-09-01,2025-10-06,2025-09-01,Sarawak,Kuching,18-24,Male,Employed,Mobile,Medium,Organic,Career growth,0.8,On track,Completed,1,56.6,72.9,16.3,3.0,4.0,Not measured,0,,
EN01910,PT0509,CH053,PRG05,Financial Literacy,Business,Community Upskilling,Hindi,Hybrid,TR06,Selangor,2025-09-01,2025-10-06,2025-09-01,Selangor,Shah Alam,25-34,Male,Job seeker,Mobile,Medium,Community partner,Career growth,1.0,On track,Completed,1,46.9,79.6,32.7,,,Not measured,1,54.7,0.0
EN01911,PT0557,CH053,PRG05,Financial Literacy,Business,Community Upskilling,Hindi,Hybrid,TR06,Selangor,2025-09-01,2025-10-06,2025-09-01,Sarawak,Kuching,45+,Female,Employed,Laptop/Desktop,Medium,Employer,Career growth,1.0,On track,Completed,1,58.9,73.9,15.0,,,Not measured,0,,
EN01912,PT0464,CH053,PRG05,Financial Literacy,Business,Community Upskilling,Hindi,Hybrid,TR06,Selangor,2025-09-01,2025-10-06,2025-09-01,Johor,Johor Bahru,35-44,Female,Student,Mobile,Medium,Community partner,Career growth,0.8,On track,Completed,1,48.1,75.1,27.0,,,Not measured,0,,
EN01913,PT0466,CH053,PRG05,Financial Literacy,Business,Community Upskilling,Hindi,Hybrid,TR06,Selangor,2025-09-01,2025-10-06,2025-09-01,Kuala Lumpur,Central,18-24,Male,Student,Mobile,Medium,Employer,Job search,1.0,On track,Completed,1,44.5,76.8,32.3,,,Not measured,1,15.5,1.0
EN01914,PT0405,CH053,PRG05,Financial Literacy,Business,Community Upskilling,Hindi,Hybrid,TR06,Selangor,2025-09-01,2025-10-06,2025-09-01,Sarawak,Miri,25-34,Female,Employed,Mobile,Low,Organic,Employer requirement,0.4,High risk,Completed,1,77.9,95.0,17.1,2.0,3.0,Not measured,1,15.3,1.0
EN01915,PT0099,CH053,PRG05,Financial Literacy,Business,Community Upskilling,Hindi,Hybrid,TR06,Selangor,2025-09-01,2025-10-06,2025-09-01,Sabah,Sandakan,25-34,Female,Self-employed,Mobile,Medium,Employer,Career growth,0.8,On track,Dropped,0,68.3,76.4,8.1,4.0,9.0,Not measured,1,15.6,1.0
EN01916,PT0719,CH053,PRG05,Financial Literacy,Business,Community Upskilling,Hindi,Hybrid,TR06,Selangor,2025-09-01,2025-10-06,2025-09-01,Penang,George Town,18-24,Male,Employed,Laptop/Desktop,Medium,Organic,Employer requirement,1.0,On track,Completed,1,35.8,56.7,20.9,,,Not measured,1,48.5,0.0
EN01917,PT0439,CH053,PRG05,Financial Literacy,Business,Community Upskilling,Hindi,Hybrid,TR06,Selangor,2025-09-01,2025-10-06,2025-09-01,Sarawak,Miri,18-24,Female,Job seeker,Mobile,Medium,Employer,Digital confidence,0.8,On track,Completed,1,61.6,77.1,15.5,4.0,10.0,Not measured,1,13.7,1.0
EN01918,PT0614,CH053,PRG05,Financial Literacy,Business,Community Upskilling,Hindi,Hybrid,TR06,Selangor,2025-09-01,2025-10-06,2025-09-01,Penang,George Town,18-24,Male,Self-employed,Laptop/Desktop,Low,Referral,Career growth,1.0,On track,Completed,1,30.5,59.1,28.6,5.0,9.0,Not measured,1,18.7,1.0
EN01919,PT0100,CH053,PRG05,Financial Literacy,Business,Community Upskilling,Hindi,Hybrid,TR06,Selangor,2025-09-01,2025-10-06,2025-09-01,Selangor,Petaling,18-24,Female,Employed,Mobile,High,Community partner,Job search,0.8,On track,Completed,1,57.8,84.2,26.4,5.0,10.0,Not measured,0,,
EN01920,PT0149,CH053,PRG05,Financial Literacy,Business,Community Upskilling,Hindi,Hybrid,TR06,Selangor,2025-09-01,2025-10-06,2025-09-01,Selangor,Klang,35-44,Male,Student,Mobile,Medium,Community partner,Digital confidence,0.8,On track,Completed,1,68.5,98.4,29.9,4.0,7.0,Not measured,0,,
EN01921,PT0555,CH053,PRG05,Financial Literacy,Business,Community Upskilling,Hindi,Hybrid,TR06,Selangor,2025-09-01,2025-10-06,2025-09-01,Selangor,Petaling,25-34,Female,Student,Laptop/Desktop,Medium,Organic,Career growth,1.0,On track,Completed,1,67.1,87.7,20.6,5.0,8.0,Not measured,0,,
EN01922,PT0181,CH054,PRG06,Project Delivery Fundamentals,Operations,Workforce Development,English,Hybrid,TR09,Selangor,2025-08-25,2025-10-20,2025-08-01,Kuala Lumpur,North,25-34,Male,Job seeker,Laptop/Desktop,Medium,Employer,Career growth,0.375,High risk,Dropped,0,64.1,84.2,20.1,,,Not measured,0,,
EN01923,PT0016,CH054,PRG06,Project Delivery Fundamentals,Operations,Workforce Development,English,Hybrid,TR09,Selangor,2025-08-25,2025-10-20,2025-08-01,Penang,George Town,25-34,Female,Student,Mobile,Medium,Referral,Career growth,0.75,On track,Dropped,0,50.0,71.5,21.5,4.0,8.0,Not measured,0,,
EN01924,PT0329,CH054,PRG06,Project Delivery Fundamentals,Operations,Workforce Development,English,Hybrid,TR09,Selangor,2025-08-25,2025-10-20,2025-08-01,Sabah,Sandakan,35-44,Male,Job seeker,Mobile,Low,Employer,Career growth,0.625,Watch,In progress / incomplete,0,49.7,65.5,15.8,4.0,6.0,Not measured,0,,
EN01925,PT0498,CH054,PRG06,Project Delivery Fundamentals,Operations,Workforce Development,English,Hybrid,TR09,Selangor,2025-08-25,2025-10-20,2025-08-01,Sarawak,Kuching,25-34,Female,Job seeker,Laptop/Desktop,High,Organic,Employer requirement,1.0,On track,Completed,1,61.9,79.0,17.1,5.0,10.0,Not measured,0,,
EN01926,PT0108,CH054,PRG06,Project Delivery Fundamentals,Operations,Workforce Development,English,Hybrid,TR09,Selangor,2025-08-25,2025-10-20,2025-08-01,Johor,Muar,25-34,Female,Student,Shared device,Low,Community partner,Employer requirement,1.0,On track,Completed,1,34.7,70.5,35.8,4.0,7.0,Not measured,0,,
EN01927,PT0040,CH054,PRG06,Project Delivery Fundamentals,Operations,Workforce Development,English,Hybrid,TR09,Selangor,2025-08-25,2025-10-20,2025-08-01,Selangor,Shah Alam,25-34,Male,Job seeker,Laptop/Desktop,Medium,Community partner,Employer requirement,1.0,On track,Completed,1,24.5,60.4,35.9,4.0,8.0,Not measured,0,,
EN01928,PT0062,CH054,PRG06,Project Delivery Fundamentals,Operations,Workforce Development,English,Hybrid,TR09,Selangor,2025-08-25,2025-10-20,2025-08-01,Selangor,Petaling,25-34,Female,Employed,Mobile,Medium,Community partner,Career growth,0.875,On track,Completed,1,35.7,59.6,23.9,4.0,7.0,Not measured,0,,
EN01929,PT0675,CH054,PRG06,Project Delivery Fundamentals,Operations,Workforce Development,English,Hybrid,TR09,Selangor,2025-08-25,2025-10-20,2025-08-01,Kuala Lumpur,South,25-34,Male,Job seeker,Mobile,High,Organic,Career growth,0.875,On track,Completed,1,44.8,77.8,33.0,3.0,5.0,Not measured,0,,
EN01930,PT0706,CH054,PRG06,Project Delivery Fundamentals,Operations,Workforce Development,English,Hybrid,TR09,Selangor,2025-08-25,2025-10-20,2025-08-01,Sabah,Kota Kinabalu,35-44,Female,Job seeker,Mobile,Low,Organic,Employer requirement,0.875,On track,Completed,1,36.2,57.1,20.9,,,Not measured,0,,
EN01931,PT0011,CH054,PRG06,Project Delivery Fundamentals,Operations,Workforce Development,English,Hybrid,TR09,Selangor,2025-08-25,2025-10-20,2025-08-01,Sarawak,Miri,25-34,Female,Student,Laptop/Desktop,Low,Employer,Job search,1.0,On track,Completed,1,44.0,77.1,33.1,,,Not measured,0,,
EN01932,PT0516,CH054,PRG06,Project Delivery Fundamentals,Operations,Workforce Development,English,Hybrid,TR09,Selangor,2025-08-25,2025-10-20,2025-08-01,Selangor,Shah Alam,18-24,Male,Student,Mobile,Low,Organic,Digital confidence,0.75,On track,In progress / incomplete,0,54.6,75.5,20.9,3.0,4.0,Not measured,0,,
EN01933,PT0360,CH054,PRG06,Project Delivery Fundamentals,Operations,Workforce Development,English,Hybrid,TR09,Selangor,2025-08-25,2025-10-20,2025-08-01,Kuala Lumpur,South,35-44,Male,Job seeker,Mobile,Low,Organic,Career growth,0.875,On track,Completed,1,63.8,97.8,34.0,5.0,10.0,Not measured,0,,
EN01934,PT0491,CH054,PRG06,Project Delivery Fundamentals,Operations,Workforce Development,English,Hybrid,TR09,Selangor,2025-08-25,2025-10-20,2025-08-01,Kuala Lumpur,South,18-24,Female,Employed,Mobile,Low,Community partner,Career growth,0.625,Watch,Completed,1,35.8,57.7,21.9,4.0,10.0,Not measured,1,15.6,0.0
EN01935,PT0232,CH054,PRG06,Project Delivery Fundamentals,Operations,Workforce Development,English,Hybrid,TR09,Selangor,2025-08-25,2025-10-20,2025-08-01,Sabah,Sandakan,18-24,Non-binary / Prefer not to say,Employed,Mobile,Low,Organic,Employer requirement,0.75,On track,Dropped,0,35.5,63.4,27.9,4.0,6.0,Not measured,1,37.2,1.0
EN01936,PT0412,CH054,PRG06,Project Delivery Fundamentals,Operations,Workforce Development,English,Hybrid,TR09,Selangor,2025-08-25,2025-10-20,2025-08-01,Penang,Seberang Perai,18-24,Non-binary / Prefer not to say,Student,Laptop/Desktop,Medium,Organic,Employer requirement,1.0,On track,Completed,1,55.3,71.2,15.9,5.0,10.0,Not measured,0,,
EN01937,PT0337,CH054,PRG06,Project Delivery Fundamentals,Operations,Workforce Development,English,Hybrid,TR09,Selangor,2025-08-25,2025-10-20,2025-08-01,Kuala Lumpur,Central,35-44,Female,Student,Laptop/Desktop,Low,Organic,Digital confidence,0.75,On track,In progress / incomplete,0,44.9,73.5,28.6,4.0,7.0,Not measured,0,,
EN01938,PT0576,CH054,PRG06,Project Delivery Fundamentals,Operations,Workforce Development,English,Hybrid,TR09,Selangor,2025-08-25,2025-10-20,2025-08-01,Johor,Johor Bahru,45+,Female,Employed,Mobile,Medium,Organic,Job search,0.875,On track,Completed,1,61.5,86.7,25.2,5.0,10.0,Not measured,0,,
EN01939,PT0462,CH054,PRG06,Project Delivery Fundamentals,Operations,Workforce Development,English,Hybrid,TR09,Selangor,2025-08-25,2025-10-20,2025-08-01,Selangor,Klang,25-34,Female,Job seeker,Mobile,Medium,Employer,Career growth,1.0,On track,Completed,1,54.1,79.0,24.9,5.0,10.0,Not measured,0,,
EN01940,PT0630,CH054,PRG06,Project Delivery Fundamentals,Operations,Workforce Development,English,Hybrid,TR09,Selangor,2025-08-25,2025-10-20,2025-08-01,Sarawak,Miri,25-34,Female,Employed,Laptop/Desktop,High,Referral,Digital confidence,0.75,On track,Completed,1,63.6,100.0,36.4,4.0,8.0,Not measured,3,13.7,1.0
EN01941,PT0549,CH054,PRG06,Project Delivery Fundamentals,Operations,Workforce Development,English,Hybrid,TR09,Selangor,2025-08-25,2025-10-20,2025-08-01,Penang,George Town,25-34,Female,Employed,Laptop/Desktop,Medium,Community partner,Employer requirement,0.75,On track,In progress / incomplete,0,58.3,77.7,19.4,5.0,10.0,Not measured,0,,
EN01942,PT0732,CH054,PRG06,Project Delivery Fundamentals,Operations,Workforce Development,English,Hybrid,TR09,Selangor,2025-08-25,2025-10-20,2025-08-01,Penang,George Town,35-44,Female,Employed,Mobile,Medium,Employer,Job search,0.75,On track,Completed,1,71.9,90.4,18.5,4.0,8.0,Not measured,0,,
EN01943,PT0334,CH054,PRG06,Project Delivery Fundamentals,Operations,Workforce Development,English,Hybrid,TR09,Selangor,2025-08-25,2025-10-20,2025-08-01,Sarawak,Kuching,18-24,Non-binary / Prefer not to say,Student,Mobile,Medium,Community partner,Career growth,0.875,On track,Completed,1,60.5,74.7,14.2,5.0,9.0,Not measured,0,,
EN01944,PT0386,CH054,PRG06,Project Delivery Fundamentals,Operations,Workforce Development,English,Hybrid,TR09,Selangor,2025-08-25,2025-10-20,2025-08-01,Penang,Seberang Perai,25-34,Female,Student,Mobile,Low,Organic,Career growth,0.875,On track,Completed,1,20.0,47.8,27.8,4.0,9.0,Not measured,1,12.4,1.0
EN01945,PT0303,CH054,PRG06,Project Delivery Fundamentals,Operations,Workforce Development,English,Hybrid,TR09,Selangor,2025-08-25,2025-10-20,2025-08-01,Kuala Lumpur,Central,35-44,Female,Employed,Shared device,Low,Community partner,Career growth,0.5,Watch,Dropped,0,38.5,42.0,3.5,3.0,4.0,Not measured,2,35.0,0.5
EN01946,PT0319,CH054,PRG06,Project Delivery Fundamentals,Operations,Workforce Development,English,Hybrid,TR09,Selangor,2025-08-25,2025-10-20,2025-08-01,Penang,Seberang Perai,35-44,Female,Student,Mobile,Low,Community partner,Career growth,0.75,On track,Completed,1,32.1,58.5,26.4,3.0,3.0,Not measured,0,,
EN01947,PT0743,CH054,PRG06,Project Delivery Fundamentals,Operations,Workforce Development,English,Hybrid,TR09,Selangor,2025-08-25,2025-10-20,2025-08-01,Selangor,Shah Alam,35-44,Male,Employed,Mobile,Medium,Community partner,Digital confidence,1.0,On track,In progress / incomplete,0,74.2,100.0,25.8,5.0,10.0,Not measured,0,,
EN01948,PT0471,CH054,PRG06,Project Delivery Fundamentals,Operations,Workforce Development,English,Hybrid,TR09,Selangor,2025-08-25,2025-10-20,2025-08-01,Kuala Lumpur,Central,25-34,Female,Employed,Laptop/Desktop,High,Organic,Career growth,1.0,On track,Completed,1,71.6,100.0,28.4,4.0,8.0,Not measured,1,24.3,0.0
EN01949,PT0652,CH054,PRG06,Project Delivery Fundamentals,Operations,Workforce Development,English,Hybrid,TR09,Selangor,2025-08-25,2025-10-20,2025-08-01,Penang,Seberang Perai,25-34,Male,Job seeker,Mobile,High,Referral,Career growth,1.0,On track,Completed,1,53.0,81.4,28.4,5.0,10.0,Not measured,1,34.1,1.0
EN01950,PT0421,CH054,PRG06,Project Delivery Fundamentals,Operations,Workforce Development,English,Hybrid,TR09,Selangor,2025-08-25,2025-10-20,2025-08-01,Selangor,Klang,18-24,Male,Self-employed,Laptop/Desktop,Medium,Organic,Career growth,1.0,On track,Completed,1,41.4,70.2,28.8,5.0,10.0,Not measured,1,14.7,1.0
EN01951,PT0668,CH054,PRG06,Project Delivery Fundamentals,Operations,Workforce Development,English,Hybrid,TR09,Selangor,2025-08-25,2025-10-20,2025-08-01,Penang,Seberang Perai,25-34,Female,Employed,Laptop/Desktop,High,Organic,Career growth,1.0,On track,Completed,1,48.3,82.4,34.1,5.0,9.0,Not measured,1,9.2,1.0
EN01952,PT0289,CH054,PRG06,Project Delivery Fundamentals,Operations,Workforce Development,English,Hybrid,TR09,Selangor,2025-08-25,2025-10-20,2025-08-01,Kuala Lumpur,South,35-44,Female,Job seeker,Mobile,Medium,Referral,Digital confidence,0.5,Watch,Dropped,0,42.2,59.4,17.2,4.0,10.0,Not measured,0,,
EN01953,PT0522,CH054,PRG06,Project Delivery Fundamentals,Operations,Workforce Development,English,Hybrid,TR09,Selangor,2025-08-25,2025-10-20,2025-08-01,Kuala Lumpur,North,35-44,Male,Self-employed,Laptop/Desktop,Low,Employer,Job search,0.75,On track,Completed,1,66.2,91.2,25.0,4.0,8.0,Not measured,2,19.0,0.5
EN01954,PT0253,CH054,PRG06,Project Delivery Fundamentals,Operations,Workforce Development,English,Hybrid,TR09,Selangor,2025-08-25,2025-10-20,2025-08-01,Johor,Muar,25-34,Male,Self-employed,Mobile,Medium,Employer,Career growth,0.75,On track,Completed,1,63.0,90.7,27.7,3.0,4.0,Not measured,1,54.5,0.0
EN01955,PT0118,CH054,PRG06,Project Delivery Fundamentals,Operations,Workforce Development,English,Hybrid,TR09,Selangor,2025-08-25,2025-10-20,2025-08-01,Penang,George Town,25-34,Female,Employed,Mobile,High,Employer,Digital confidence,0.875,On track,Completed,1,47.6,77.5,29.9,4.0,8.0,Not measured,1,22.9,1.0
EN01956,PT0269,CH054,PRG06,Project Delivery Fundamentals,Operations,Workforce Development,English,Hybrid,TR09,Selangor,2025-08-25,2025-10-20,2025-08-01,Sarawak,Miri,18-24,Female,Job seeker,Laptop/Desktop,Medium,Referral,Career growth,0.875,On track,Completed,1,44.9,65.5,20.6,,,Not measured,1,23.5,1.0
EN01957,PT0530,CH055,PRG01,Data Foundations,Data & Digital,Career Transition,English,Virtual,TR03,Johor,2025-09-15,2025-11-10,2025-09-01,Johor,Muar,45+,Female,Student,Mobile,Medium,Organic,Career growth,0.75,On track,In progress / incomplete,0,69.2,100.0,30.8,4.0,7.0,Not measured,1,11.0,1.0
EN01958,PT0061,CH055,PRG01,Data Foundations,Data & Digital,Career Transition,English,Virtual,TR03,Johor,2025-09-15,2025-11-10,2025-09-01,Penang,George Town,35-44,Female,Employed,Mobile,High,Employer,Career growth,0.875,On track,Completed,1,61.7,84.1,22.4,4.0,6.0,No change reported,0,,
EN01959,PT0079,CH055,PRG01,Data Foundations,Data & Digital,Career Transition,English,Virtual,TR03,Johor,2025-09-15,2025-11-10,2025-09-01,Selangor,Petaling,25-34,Male,Self-employed,Laptop/Desktop,Medium,Employer,Digital confidence,0.75,On track,Completed,1,58.4,77.3,18.9,,,Interview secured,0,,
EN01960,PT0684,CH055,PRG01,Data Foundations,Data & Digital,Career Transition,English,Virtual,TR03,Johor,2025-09-15,2025-11-10,2025-09-01,Selangor,Shah Alam,45+,Male,Employed,Shared device,Medium,Community partner,Career growth,0.625,Watch,Completed,1,43.8,68.3,24.5,5.0,10.0,Interview secured,0,,
EN01961,PT0181,CH055,PRG01,Data Foundations,Data & Digital,Career Transition,English,Virtual,TR03,Johor,2025-09-15,2025-11-10,2025-09-01,Kuala Lumpur,North,25-34,Male,Job seeker,Laptop/Desktop,Medium,Community partner,Job search,1.0,On track,Completed,1,46.0,80.7,34.7,5.0,10.0,No change reported,0,,
EN01962,PT0546,CH055,PRG01,Data Foundations,Data & Digital,Career Transition,English,Virtual,TR03,Johor,2025-09-15,2025-11-10,2025-09-01,Penang,George Town,35-44,Female,Student,Laptop/Desktop,Medium,Organic,Employer requirement,1.0,On track,Completed,1,48.4,76.8,28.4,4.0,8.0,New role,1,63.2,0.0
EN01963,PT0723,CH055,PRG01,Data Foundations,Data & Digital,Career Transition,English,Virtual,TR03,Johor,2025-09-15,2025-11-10,2025-09-01,Sarawak,Miri,25-34,Female,Student,Laptop/Desktop,Medium,Referral,Job search,0.75,On track,Completed,1,50.2,70.8,20.6,,,No change reported,0,,
EN01964,PT0198,CH055,PRG01,Data Foundations,Data & Digital,Career Transition,English,Virtual,TR03,Johor,2025-09-15,2025-11-10,2025-09-01,Sarawak,Kuching,35-44,Female,Employed,Mobile,Low,Organic,Career growth,0.75,On track,Completed,1,50.2,77.0,26.8,4.0,10.0,No change reported,0,,
EN01965,PT0205,CH055,PRG01,Data Foundations,Data & Digital,Career Transition,English,Virtual,TR03,Johor,2025-09-15,2025-11-10,2025-09-01,Selangor,Petaling,45+,Female,Student,Mobile,Low,Community partner,Career growth,1.0,On track,Completed,1,55.6,81.8,26.2,4.0,7.0,No change reported,0,,
EN01966,PT0755,CH055,PRG01,Data Foundations,Data & Digital,Career Transition,English,Virtual,TR03,Johor,2025-09-15,2025-11-10,2025-09-01,Johor,Muar,35-44,Male,Job seeker,Shared device,Low,Employer,Job search,0.75,On track,Dropped,0,45.7,63.2,17.5,4.0,6.0,Not measured,0,,
EN01967,PT0548,CH055,PRG01,Data Foundations,Data & Digital,Career Transition,English,Virtual,TR03,Johor,2025-09-15,2025-11-10,2025-09-01,Sarawak,Kuching,25-34,Female,Employed,Mobile,Medium,Organic,Job search,0.75,On track,Completed,1,58.2,81.5,23.3,4.0,9.0,New role,0,,
EN01968,PT0191,CH055,PRG01,Data Foundations,Data & Digital,Career Transition,English,Virtual,TR03,Johor,2025-09-15,2025-11-10,2025-09-01,Sarawak,Kuching,25-34,Male,Employed,Mobile,Low,Community partner,Digital confidence,0.75,On track,Completed,1,35.6,57.0,21.4,4.0,7.0,Interview secured,0,,
EN01969,PT0437,CH055,PRG01,Data Foundations,Data & Digital,Career Transition,English,Virtual,TR03,Johor,2025-09-15,2025-11-10,2025-09-01,Selangor,Petaling,35-44,Female,Employed,Mobile,Medium,Employer,Job search,0.875,On track,Completed,1,70.7,86.9,16.2,3.0,6.0,No change reported,0,,
EN01970,PT0165,CH055,PRG01,Data Foundations,Data & Digital,Career Transition,English,Virtual,TR03,Johor,2025-09-15,2025-11-10,2025-09-01,Johor,Johor Bahru,25-34,Male,Job seeker,Laptop/Desktop,Low,Employer,Career growth,0.75,On track,Completed,1,24.6,52.8,28.2,4.0,7.0,Interview secured,1,8.8,1.0
EN01971,PT0751,CH055,PRG01,Data Foundations,Data & Digital,Career Transition,English,Virtual,TR03,Johor,2025-09-15,2025-11-10,2025-09-01,Johor,Muar,25-34,Female,Student,Laptop/Desktop,Low,Community partner,Digital confidence,0.875,On track,Completed,1,61.1,83.6,22.5,5.0,10.0,No change reported,0,,
EN01972,PT0520,CH055,PRG01,Data Foundations,Data & Digital,Career Transition,English,Virtual,TR03,Johor,2025-09-15,2025-11-10,2025-09-01,Selangor,Petaling,35-44,Female,Student,Laptop/Desktop,Medium,Community partner,Career growth,0.75,On track,Completed,1,46.4,64.1,17.7,3.0,4.0,Interview secured,0,,
EN01973,PT0686,CH055,PRG01,Data Foundations,Data & Digital,Career Transition,English,Virtual,TR03,Johor,2025-09-15,2025-11-10,2025-09-01,Johor,Muar,45+,Female,Job seeker,Shared device,Medium,Referral,Employer requirement,0.75,On track,Completed,1,62.2,73.9,11.7,,,Interview secured,0,,
EN01974,PT0251,CH055,PRG01,Data Foundations,Data & Digital,Career Transition,English,Virtual,TR03,Johor,2025-09-15,2025-11-10,2025-09-01,Penang,George Town,25-34,Male,Student,Mobile,Low,Referral,Digital confidence,0.625,Watch,Completed,1,41.4,61.6,20.2,4.0,10.0,No change reported,0,,
EN01975,PT0215,CH055,PRG01,Data Foundations,Data & Digital,Career Transition,English,Virtual,TR03,Johor,2025-09-15,2025-11-10,2025-09-01,Johor,Muar,25-34,Female,Self-employed,Laptop/Desktop,High,Employer,Digital confidence,0.75,On track,Completed,1,54.4,71.0,16.6,,,No change reported,0,,
EN01976,PT0348,CH055,PRG01,Data Foundations,Data & Digital,Career Transition,English,Virtual,TR03,Johor,2025-09-15,2025-11-10,2025-09-01,Penang,Seberang Perai,35-44,Male,Employed,Mobile,Medium,Organic,Career growth,0.75,On track,Completed,1,47.4,64.2,16.8,4.0,8.0,Interview secured,2,25.8,1.0
EN01977,PT0127,CH055,PRG01,Data Foundations,Data & Digital,Career Transition,English,Virtual,TR03,Johor,2025-09-15,2025-11-10,2025-09-01,Selangor,Klang,45+,Female,Employed,Mobile,Medium,Referral,Job search,0.5,Watch,Completed,1,53.6,64.8,11.2,3.0,5.0,Interview secured,0,,
EN01978,PT0293,CH055,PRG01,Data Foundations,Data & Digital,Career Transition,English,Virtual,TR03,Johor,2025-09-15,2025-11-10,2025-09-01,Sarawak,Kuching,25-34,Female,Job seeker,Mobile,Medium,Referral,Career growth,0.75,On track,Completed,1,65.4,94.6,29.2,3.0,5.0,New role,0,,
EN01979,PT0178,CH055,PRG01,Data Foundations,Data & Digital,Career Transition,English,Virtual,TR03,Johor,2025-09-15,2025-11-10,2025-09-01,Sarawak,Kuching,45+,Male,Job seeker,Mobile,Medium,Community partner,Job search,1.0,On track,Completed,1,47.3,78.6,31.3,4.0,8.0,No change reported,0,,
EN01980,PT0473,CH055,PRG01,Data Foundations,Data & Digital,Career Transition,English,Virtual,TR03,Johor,2025-09-15,2025-11-10,2025-09-01,Selangor,Petaling,25-34,Male,Job seeker,Mobile,High,Community partner,Career growth,0.625,Watch,Dropped,0,88.0,100.0,12.0,3.0,3.0,Not measured,1,49.4,0.0
EN01981,PT0100,CH055,PRG01,Data Foundations,Data & Digital,Career Transition,English,Virtual,TR03,Johor,2025-09-15,2025-11-10,2025-09-01,Selangor,Petaling,18-24,Female,Employed,Mobile,High,Community partner,Digital confidence,0.75,On track,Completed,1,88.0,100.0,12.0,,,No change reported,0,,
EN01982,PT0582,CH055,PRG01,Data Foundations,Data & Digital,Career Transition,English,Virtual,TR03,Johor,2025-09-15,2025-11-10,2025-09-01,Selangor,Petaling,35-44,Female,Self-employed,Mobile,Medium,Organic,Employer requirement,0.875,On track,Completed,1,62.9,86.0,23.1,5.0,9.0,Interview secured,0,,
EN01983,PT0635,CH055,PRG01,Data Foundations,Data & Digital,Career Transition,English,Virtual,TR03,Johor,2025-09-15,2025-11-10,2025-09-01,Kuala Lumpur,South,25-34,Female,Self-employed,Mobile,Medium,Community partner,Career growth,0.875,On track,In progress / incomplete,0,52.7,73.4,20.7,,,Not measured,1,65.2,0.0
EN01984,PT0117,CH055,PRG01,Data Foundations,Data & Digital,Career Transition,English,Virtual,TR03,Johor,2025-09-15,2025-11-10,2025-09-01,Penang,Seberang Perai,25-34,Male,Student,Laptop/Desktop,Medium,Organic,Career growth,1.0,On track,Completed,1,59.0,90.7,31.7,4.0,7.0,New role,0,,
EN01985,PT0233,CH055,PRG01,Data Foundations,Data & Digital,Career Transition,English,Virtual,TR03,Johor,2025-09-15,2025-11-10,2025-09-01,Sarawak,Miri,35-44,Female,Employed,Mobile,High,Community partner,Employer requirement,1.0,On track,Completed,1,46.9,74.0,27.1,5.0,10.0,No change reported,0,,
EN01986,PT0222,CH055,PRG01,Data Foundations,Data & Digital,Career Transition,English,Virtual,TR03,Johor,2025-09-15,2025-11-10,2025-09-01,Kuala Lumpur,South,18-24,Male,Employed,Mobile,High,Community partner,Career growth,1.0,On track,Completed,1,63.4,90.1,26.7,5.0,10.0,No change reported,0,,
EN01987,PT0225,CH055,PRG01,Data Foundations,Data & Digital,Career Transition,English,Virtual,TR03,Johor,2025-09-15,2025-11-10,2025-09-01,Sabah,Kota Kinabalu,18-24,Male,Job seeker,Mobile,High,Referral,Job search,0.375,High risk,Completed,1,40.8,62.1,21.3,4.0,9.0,Interview secured,0,,
EN01988,PT0180,CH055,PRG01,Data Foundations,Data & Digital,Career Transition,English,Virtual,TR03,Johor,2025-09-15,2025-11-10,2025-09-01,Kuala Lumpur,North,35-44,Female,Employed,Laptop/Desktop,Medium,Community partner,Digital confidence,0.75,On track,Completed,1,50.6,82.1,31.5,,,New role,0,,
EN01989,PT0240,CH055,PRG01,Data Foundations,Data & Digital,Career Transition,English,Virtual,TR03,Johor,2025-09-15,2025-11-10,2025-09-01,Penang,Seberang Perai,25-34,Male,Employed,Laptop/Desktop,High,Organic,Job search,0.875,On track,Completed,1,70.7,99.0,28.3,,,No change reported,1,10.6,1.0
EN01990,PT0348,CH056,PRG02,Business Analytics Essentials,Data & Digital,Career Transition,English,Virtual,TR03,Kuala Lumpur,2025-09-29,2025-12-08,2025-09-01,Penang,Seberang Perai,35-44,Male,Employed,Mobile,Medium,Referral,Job search,0.6,Watch,In progress / incomplete,0,66.6,80.7,14.1,4.0,10.0,Not measured,0,,
EN01991,PT0653,CH056,PRG02,Business Analytics Essentials,Data & Digital,Career Transition,English,Virtual,TR03,Kuala Lumpur,2025-09-29,2025-12-08,2025-09-01,Johor,Johor Bahru,35-44,Female,Student,Laptop/Desktop,Medium,Employer,Career growth,0.9,On track,Completed,1,55.5,81.1,25.6,5.0,10.0,New role,1,41.9,0.0
EN01992,PT0113,CH056,PRG02,Business Analytics Essentials,Data & Digital,Career Transition,English,Virtual,TR03,Kuala Lumpur,2025-09-29,2025-12-08,2025-09-01,Johor,Johor Bahru,35-44,Female,Job seeker,Mobile,High,Employer,Digital confidence,1.0,On track,Completed,1,67.7,100.0,32.3,,,New role,0,,
EN01993,PT0060,CH056,PRG02,Business Analytics Essentials,Data & Digital,Career Transition,English,Virtual,TR03,Kuala Lumpur,2025-09-29,2025-12-08,2025-09-01,Selangor,Klang,25-34,Male,Self-employed,Laptop/Desktop,Low,Community partner,Employer requirement,0.5,Watch,Completed,1,59.3,77.5,18.2,,,New role,1,43.9,1.0
EN01994,PT0475,CH056,PRG02,Business Analytics Essentials,Data & Digital,Career Transition,English,Virtual,TR03,Kuala Lumpur,2025-09-29,2025-12-08,2025-09-01,Penang,Seberang Perai,25-34,Female,Student,Mobile,Low,Community partner,Career growth,0.5,Watch,Completed,1,55.5,66.3,10.8,,,Interview secured,1,16.5,1.0
EN01995,PT0770,CH056,PRG02,Business Analytics Essentials,Data & Digital,Career Transition,English,Virtual,TR03,Kuala Lumpur,2025-09-29,2025-12-08,2025-09-01,Johor,Johor Bahru,45+,Male,Job seeker,Laptop/Desktop,High,Referral,Career growth,1.0,On track,Completed,1,55.0,91.3,36.3,5.0,8.0,New role,1,40.7,1.0
EN01996,PT0771,CH056,PRG02,Business Analytics Essentials,Data & Digital,Career Transition,English,Virtual,TR03,Kuala Lumpur,2025-09-29,2025-12-08,2025-09-01,Kuala Lumpur,South,18-24,Male,Student,Mobile,Medium,Referral,Career growth,0.9,On track,Completed,1,49.4,64.8,15.4,,,No change reported,0,,
EN01997,PT0673,CH056,PRG02,Business Analytics Essentials,Data & Digital,Career Transition,English,Virtual,TR03,Kuala Lumpur,2025-09-29,2025-12-08,2025-09-01,Kuala Lumpur,South,25-34,Male,Employed,Laptop/Desktop,Medium,Organic,Digital confidence,0.6,Watch,Completed,1,75.3,100.0,24.7,,,Interview secured,0,,
EN01998,PT0178,CH056,PRG02,Business Analytics Essentials,Data & Digital,Career Transition,English,Virtual,TR03,Kuala Lumpur,2025-09-29,2025-12-08,2025-09-01,Sarawak,Kuching,45+,Male,Job seeker,Mobile,Medium,Organic,Employer requirement,0.8,On track,Completed,1,20.0,30.0,10.0,4.0,8.0,No change reported,0,,
EN01999,PT0706,CH056,PRG02,Business Analytics Essentials,Data & Digital,Career Transition,English,Virtual,TR03,Kuala Lumpur,2025-09-29,2025-12-08,2025-09-01,Sabah,Kota Kinabalu,35-44,Female,Job seeker,Mobile,Low,Community partner,Career growth,0.3,High risk,Dropped,0,50.5,51.7,1.2,3.0,5.0,Not measured,0,,
EN02000,PT0135,CH056,PRG02,Business Analytics Essentials,Data & Digital,Career Transition,English,Virtual,TR03,Kuala Lumpur,2025-09-29,2025-12-08,2025-09-01,Kuala Lumpur,South,25-34,Female,Self-employed,Mobile,High,Employer,Career growth,0.9,On track,Completed,1,52.3,73.2,20.9,4.0,8.0,New role,0,,
EN02001,PT0433,CH056,PRG02,Business Analytics Essentials,Data & Digital,Career Transition,English,Virtual,TR03,Kuala Lumpur,2025-09-29,2025-12-08,2025-09-01,Selangor,Petaling,25-34,Male,Employed,Laptop/Desktop,Medium,Community partner,Job search,0.7,Watch,Completed,1,77.4,94.2,16.8,3.0,4.0,Interview secured,0,,
EN02002,PT0523,CH056,PRG02,Business Analytics Essentials,Data & Digital,Career Transition,English,Virtual,TR03,Kuala Lumpur,2025-09-29,2025-12-08,2025-09-01,Sabah,Kota Kinabalu,25-34,Female,Employed,Laptop/Desktop,Medium,Organic,Digital confidence,0.9,On track,Completed,1,52.8,74.3,21.5,5.0,8.0,No change reported,1,16.3,1.0
EN02003,PT0067,CH056,PRG02,Business Analytics Essentials,Data & Digital,Career Transition,English,Virtual,TR03,Kuala Lumpur,2025-09-29,2025-12-08,2025-09-01,Kuala Lumpur,South,35-44,Male,Student,Laptop/Desktop,Medium,Employer,Career growth,1.0,On track,Completed,1,59.9,91.5,31.6,4.0,8.0,No change reported,0,,
EN02004,PT0605,CH056,PRG02,Business Analytics Essentials,Data & Digital,Career Transition,English,Virtual,TR03,Kuala Lumpur,2025-09-29,2025-12-08,2025-09-01,Johor,Johor Bahru,35-44,Male,Self-employed,Shared device,High,Community partner,Digital confidence,0.6,Watch,Completed,1,47.5,69.1,21.6,4.0,6.0,Interview secured,1,13.4,1.0
EN02005,PT0613,CH056,PRG02,Business Analytics Essentials,Data & Digital,Career Transition,English,Virtual,TR03,Kuala Lumpur,2025-09-29,2025-12-08,2025-09-01,Penang,George Town,18-24,Female,Employed,Mobile,Medium,Community partner,Employer requirement,0.7,Watch,Completed,1,78.9,96.8,17.9,4.0,9.0,No change reported,1,23.0,1.0
EN02006,PT0115,CH056,PRG02,Business Analytics Essentials,Data & Digital,Career Transition,English,Virtual,TR03,Kuala Lumpur,2025-09-29,2025-12-08,2025-09-01,Selangor,Petaling,35-44,Female,Job seeker,Mobile,Medium,Employer,Job search,0.7,Watch,Completed,1,36.7,56.2,19.5,4.0,8.0,New role,0,,
EN02007,PT0158,CH056,PRG02,Business Analytics Essentials,Data & Digital,Career Transition,English,Virtual,TR03,Kuala Lumpur,2025-09-29,2025-12-08,2025-09-01,Penang,George Town,18-24,Male,Employed,Mobile,Low,Employer,Career growth,0.8,On track,Completed,1,60.2,92.2,32.0,4.0,7.0,New role,0,,
EN02008,PT0105,CH056,PRG02,Business Analytics Essentials,Data & Digital,Career Transition,English,Virtual,TR03,Kuala Lumpur,2025-09-29,2025-12-08,2025-09-01,Sabah,Kota Kinabalu,25-34,Male,Self-employed,Mobile,High,Organic,Career growth,0.8,On track,Completed,1,62.0,86.8,24.8,,,Interview secured,0,,
EN02009,PT0085,CH056,PRG02,Business Analytics Essentials,Data & Digital,Career Transition,English,Virtual,TR03,Kuala Lumpur,2025-09-29,2025-12-08,2025-09-01,Selangor,Shah Alam,45+,Male,Job seeker,Shared device,High,Organic,Digital confidence,0.5,Watch,Completed,1,42.2,54.9,12.7,3.0,5.0,New role,0,,
EN02010,PT0098,CH056,PRG02,Business Analytics Essentials,Data & Digital,Career Transition,English,Virtual,TR03,Kuala Lumpur,2025-09-29,2025-12-08,2025-09-01,Kuala Lumpur,South,18-24,Male,Job seeker,Mobile,Medium,Organic,Career growth,0.8,On track,Completed,1,53.5,66.9,13.4,4.0,6.0,No change reported,0,,
EN02011,PT0701,CH056,PRG02,Business Analytics Essentials,Data & Digital,Career Transition,English,Virtual,TR03,Kuala Lumpur,2025-09-29,2025-12-08,2025-09-01,Sarawak,Miri,18-24,Male,Student,Mobile,High,Community partner,Career growth,0.8,On track,Completed,1,67.1,88.4,21.3,5.0,10.0,No change reported,0,,
EN02012,PT0188,CH056,PRG02,Business Analytics Essentials,Data & Digital,Career Transition,English,Virtual,TR03,Kuala Lumpur,2025-09-29,2025-12-08,2025-09-01,Kuala Lumpur,South,35-44,Female,Employed,Mobile,High,Community partner,Digital confidence,0.5,Watch,Dropped,0,41.2,56.8,15.6,3.0,6.0,Not measured,0,,
EN02013,PT0733,CH056,PRG02,Business Analytics Essentials,Data & Digital,Career Transition,English,Virtual,TR03,Kuala Lumpur,2025-09-29,2025-12-08,2025-09-01,Kuala Lumpur,Central,25-34,Male,Job seeker,Laptop/Desktop,Medium,Employer,Job search,0.5,Watch,In progress / incomplete,0,29.5,47.5,18.0,3.0,6.0,Not measured,1,25.6,1.0
EN02014,PT0570,CH056,PRG02,Business Analytics Essentials,Data & Digital,Career Transition,English,Virtual,TR03,Kuala Lumpur,2025-09-29,2025-12-08,2025-09-01,Sarawak,Kuching,35-44,Male,Employed,Mobile,Medium,Community partner,Job search,0.7,Watch,Completed,1,61.5,80.4,18.9,3.0,4.0,No change reported,1,17.4,1.0
EN02015,PT0296,CH056,PRG02,Business Analytics Essentials,Data & Digital,Career Transition,English,Virtual,TR03,Kuala Lumpur,2025-09-29,2025-12-08,2025-09-01,Kuala Lumpur,Central,25-34,Male,Employed,Laptop/Desktop,Medium,Organic,Job search,0.4,High risk,Completed,1,48.9,63.7,14.8,,,Interview secured,1,8.6,1.0
EN02016,PT0038,CH056,PRG02,Business Analytics Essentials,Data & Digital,Career Transition,English,Virtual,TR03,Kuala Lumpur,2025-09-29,2025-12-08,2025-09-01,Selangor,Shah Alam,25-34,Male,Job seeker,Mobile,Low,Referral,Career growth,0.8,On track,Completed,1,43.7,63.5,19.8,5.0,10.0,No change reported,0,,
EN02017,PT0344,CH056,PRG02,Business Analytics Essentials,Data & Digital,Career Transition,English,Virtual,TR03,Kuala Lumpur,2025-09-29,2025-12-08,2025-09-01,Selangor,Shah Alam,25-34,Male,Self-employed,Laptop/Desktop,High,Organic,Digital confidence,0.9,On track,Completed,1,64.7,76.4,11.7,4.0,8.0,No change reported,0,,
EN02018,PT0607,CH056,PRG02,Business Analytics Essentials,Data & Digital,Career Transition,English,Virtual,TR03,Kuala Lumpur,2025-09-29,2025-12-08,2025-09-01,Selangor,Shah Alam,25-34,Female,Employed,Shared device,Medium,Employer,Career growth,0.5,Watch,Dropped,0,62.7,86.9,24.2,,,Not measured,2,17.1,0.0
EN02019,PT0688,CH056,PRG02,Business Analytics Essentials,Data & Digital,Career Transition,English,Virtual,TR03,Kuala Lumpur,2025-09-29,2025-12-08,2025-09-01,Penang,George Town,25-34,Male,Self-employed,Mobile,Medium,Community partner,Employer requirement,0.9,On track,Completed,1,43.9,64.8,20.9,5.0,10.0,Interview secured,1,43.0,1.0
EN02020,PT0261,CH057,PRG03,Digital Workplace Skills,Employability,Community Upskilling,Malay,Hybrid,TR04,Kuala Lumpur,2025-09-29,2025-11-10,2025-09-01,Selangor,Petaling,45+,Female,Student,Mobile,Low,Community partner,Career growth,0.8333,On track,Completed,1,44.1,54.0,9.9,4.0,8.0,Not measured,0,,
EN02021,PT0692,CH057,PRG03,Digital Workplace Skills,Employability,Community Upskilling,Malay,Hybrid,TR04,Kuala Lumpur,2025-09-29,2025-11-10,2025-09-01,Selangor,Klang,25-34,Male,Self-employed,Mobile,Medium,Community partner,Employer requirement,0.8333,On track,Dropped,0,66.0,85.8,19.8,5.0,9.0,Not measured,0,,
EN02022,PT0467,CH057,PRG03,Digital Workplace Skills,Employability,Community Upskilling,Malay,Hybrid,TR04,Kuala Lumpur,2025-09-29,2025-11-10,2025-09-01,Kuala Lumpur,South,25-34,Female,Job seeker,Mobile,Medium,Referral,Digital confidence,0.8333,On track,Completed,1,52.1,73.0,20.9,4.0,9.0,Not measured,0,,
EN02023,PT0430,CH057,PRG03,Digital Workplace Skills,Employability,Community Upskilling,Malay,Hybrid,TR04,Kuala Lumpur,2025-09-29,2025-11-10,2025-09-01,Johor,Muar,35-44,Male,Job seeker,Mobile,Medium,Community partner,Digital confidence,1.0,On track,Completed,1,40.0,70.6,30.6,5.0,9.0,Not measured,0,,
EN02024,PT0175,CH057,PRG03,Digital Workplace Skills,Employability,Community Upskilling,Malay,Hybrid,TR04,Kuala Lumpur,2025-09-29,2025-11-10,2025-09-01,Kuala Lumpur,South,18-24,Male,Job seeker,Mobile,High,Organic,Career growth,1.0,On track,Completed,1,63.8,99.7,35.9,4.0,8.0,Not measured,1,10.0,1.0
EN02025,PT0596,CH057,PRG03,Digital Workplace Skills,Employability,Community Upskilling,Malay,Hybrid,TR04,Kuala Lumpur,2025-09-29,2025-11-10,2025-09-01,Kuala Lumpur,North,25-34,Female,Job seeker,Mobile,Medium,Community partner,Job search,1.0,On track,Completed,1,58.8,89.5,30.7,4.0,8.0,Not measured,0,,
EN02026,PT0660,CH057,PRG03,Digital Workplace Skills,Employability,Community Upskilling,Malay,Hybrid,TR04,Kuala Lumpur,2025-09-29,2025-11-10,2025-09-01,Sarawak,Kuching,45+,Female,Employed,Mobile,High,Employer,Career growth,1.0,On track,Completed,1,74.9,100.0,25.1,4.0,8.0,Not measured,0,,
EN02027,PT0091,CH057,PRG03,Digital Workplace Skills,Employability,Community Upskilling,Malay,Hybrid,TR04,Kuala Lumpur,2025-09-29,2025-11-10,2025-09-01,Sabah,Sandakan,18-24,Female,Job seeker,Mobile,High,Community partner,Employer requirement,0.8333,On track,Completed,1,42.0,69.4,27.4,,,Not measured,1,14.6,1.0
EN02028,PT0293,CH057,PRG03,Digital Workplace Skills,Employability,Community Upskilling,Malay,Hybrid,TR04,Kuala Lumpur,2025-09-29,2025-11-10,2025-09-01,Sarawak,Kuching,25-34,Female,Job seeker,Mobile,Medium,Organic,Job search,0.5,Watch,Dropped,0,44.4,60.3,15.9,4.0,8.0,Not measured,0,,
EN02029,PT0502,CH057,PRG03,Digital Workplace Skills,Employability,Community Upskilling,Malay,Hybrid,TR04,Kuala Lumpur,2025-09-29,2025-11-10,2025-09-01,Kuala Lumpur,South,25-34,Male,Employed,Mobile,High,Community partner,Employer requirement,0.6667,Watch,Dropped,0,45.4,70.3,24.9,,,Not measured,1,5.2,1.0
EN02030,PT0008,CH057,PRG03,Digital Workplace Skills,Employability,Community Upskilling,Malay,Hybrid,TR04,Kuala Lumpur,2025-09-29,2025-11-10,2025-09-01,Sabah,Kota Kinabalu,25-34,Female,Job seeker,Mobile,High,Community partner,Career growth,1.0,On track,Completed,1,36.0,75.0,39.0,5.0,10.0,Not measured,0,,
EN02031,PT0491,CH057,PRG03,Digital Workplace Skills,Employability,Community Upskilling,Malay,Hybrid,TR04,Kuala Lumpur,2025-09-29,2025-11-10,2025-09-01,Kuala Lumpur,South,18-24,Female,Employed,Mobile,Low,Community partner,Job search,0.8333,On track,Completed,1,45.8,63.4,17.6,5.0,10.0,Not measured,0,,
EN02032,PT0346,CH057,PRG03,Digital Workplace Skills,Employability,Community Upskilling,Malay,Hybrid,TR04,Kuala Lumpur,2025-09-29,2025-11-10,2025-09-01,Johor,Muar,18-24,Male,Self-employed,Laptop/Desktop,High,Community partner,Employer requirement,1.0,On track,Completed,1,58.1,82.5,24.4,5.0,9.0,Not measured,1,13.7,0.0
EN02033,PT0454,CH057,PRG03,Digital Workplace Skills,Employability,Community Upskilling,Malay,Hybrid,TR04,Kuala Lumpur,2025-09-29,2025-11-10,2025-09-01,Selangor,Klang,25-34,Female,Self-employed,Laptop/Desktop,High,Employer,Career growth,1.0,On track,Completed,1,65.1,86.5,21.4,4.0,9.0,Not measured,0,,
EN02034,PT0760,CH057,PRG03,Digital Workplace Skills,Employability,Community Upskilling,Malay,Hybrid,TR04,Kuala Lumpur,2025-09-29,2025-11-10,2025-09-01,Penang,George Town,25-34,Female,Employed,Laptop/Desktop,Medium,Employer,Career growth,0.6667,Watch,Dropped,0,71.0,88.8,17.8,,,Not measured,0,,
EN02035,PT0493,CH057,PRG03,Digital Workplace Skills,Employability,Community Upskilling,Malay,Hybrid,TR04,Kuala Lumpur,2025-09-29,2025-11-10,2025-09-01,Kuala Lumpur,Central,35-44,Female,Employed,Mobile,Medium,Organic,Employer requirement,0.5,Watch,Completed,1,26.6,44.1,17.5,,,Not measured,0,,
EN02036,PT0755,CH057,PRG03,Digital Workplace Skills,Employability,Community Upskilling,Malay,Hybrid,TR04,Kuala Lumpur,2025-09-29,2025-11-10,2025-09-01,Johor,Muar,35-44,Male,Job seeker,Shared device,Low,Referral,Job search,0.1667,High risk,In progress / incomplete,0,62.9,78.3,15.4,2.0,5.0,Not measured,0,,
EN02037,PT0287,CH057,PRG03,Digital Workplace Skills,Employability,Community Upskilling,Malay,Hybrid,TR04,Kuala Lumpur,2025-09-29,2025-11-10,2025-09-01,Selangor,Klang,25-34,Male,Student,Laptop/Desktop,High,Organic,Career growth,1.0,On track,Completed,1,53.0,76.5,23.5,4.0,8.0,Not measured,0,,
EN02038,PT0298,CH057,PRG03,Digital Workplace Skills,Employability,Community Upskilling,Malay,Hybrid,TR04,Kuala Lumpur,2025-09-29,2025-11-10,2025-09-01,Johor,Muar,45+,Male,Job seeker,Mobile,Medium,Employer,Job search,0.8333,On track,Completed,1,41.7,56.8,15.1,4.0,8.0,Not measured,0,,
EN02039,PT0586,CH057,PRG03,Digital Workplace Skills,Employability,Community Upskilling,Malay,Hybrid,TR04,Kuala Lumpur,2025-09-29,2025-11-10,2025-09-01,Johor,Johor Bahru,25-34,Female,Employed,Laptop/Desktop,Low,Referral,Job search,0.6667,Watch,Dropped,0,46.4,70.6,24.2,3.0,8.0,Not measured,0,,
EN02040,PT0102,CH057,PRG03,Digital Workplace Skills,Employability,Community Upskilling,Malay,Hybrid,TR04,Kuala Lumpur,2025-09-29,2025-11-10,2025-09-01,Selangor,Klang,35-44,Male,Employed,Mobile,Medium,Community partner,Employer requirement,0.6667,Watch,Completed,1,57.5,79.3,21.8,5.0,10.0,Not measured,0,,
EN02041,PT0639,CH057,PRG03,Digital Workplace Skills,Employability,Community Upskilling,Malay,Hybrid,TR04,Kuala Lumpur,2025-09-29,2025-11-10,2025-09-01,Selangor,Shah Alam,25-34,Female,Employed,Mobile,Medium,Organic,Digital confidence,0.8333,On track,Completed,1,58.1,72.2,14.1,4.0,7.0,Not measured,0,,
EN02042,PT0724,CH057,PRG03,Digital Workplace Skills,Employability,Community Upskilling,Malay,Hybrid,TR04,Kuala Lumpur,2025-09-29,2025-11-10,2025-09-01,Selangor,Klang,25-34,Female,Job seeker,Mobile,Medium,Referral,Job search,0.6667,Watch,Completed,1,64.2,88.9,24.7,,,Not measured,1,99.7,0.0
EN02043,PT0021,CH057,PRG03,Digital Workplace Skills,Employability,Community Upskilling,Malay,Hybrid,TR04,Kuala Lumpur,2025-09-29,2025-11-10,2025-09-01,Penang,George Town,18-24,Male,Employed,Laptop/Desktop,Medium,Organic,Job search,1.0,On track,Completed,1,47.5,72.0,24.5,5.0,9.0,Not measured,0,,
EN02044,PT0160,CH057,PRG03,Digital Workplace Skills,Employability,Community Upskilling,Malay,Hybrid,TR04,Kuala Lumpur,2025-09-29,2025-11-10,2025-09-01,Kuala Lumpur,Central,35-44,Female,Employed,Laptop/Desktop,High,Community partner,Employer requirement,0.8333,On track,Completed,1,42.3,62.1,19.8,4.0,9.0,Not measured,0,,
EN02045,PT0281,CH057,PRG03,Digital Workplace Skills,Employability,Community Upskilling,Malay,Hybrid,TR04,Kuala Lumpur,2025-09-29,2025-11-10,2025-09-01,Sabah,Sandakan,25-34,Male,Employed,Laptop/Desktop,High,Referral,Employer requirement,1.0,On track,Completed,1,73.8,100.0,26.2,4.0,6.0,Not measured,1,9.1,1.0
EN02046,PT0716,CH057,PRG03,Digital Workplace Skills,Employability,Community Upskilling,Malay,Hybrid,TR04,Kuala Lumpur,2025-09-29,2025-11-10,2025-09-01,Kuala Lumpur,North,25-34,Male,Job seeker,Mobile,Medium,Organic,Job search,1.0,On track,Completed,1,64.1,84.3,20.2,5.0,8.0,Not measured,0,,
EN02047,PT0409,CH057,PRG03,Digital Workplace Skills,Employability,Community Upskilling,Malay,Hybrid,TR04,Kuala Lumpur,2025-09-29,2025-11-10,2025-09-01,Johor,Muar,35-44,Male,Job seeker,Mobile,High,Organic,Job search,1.0,On track,Completed,1,73.5,92.4,18.9,,,Not measured,1,8.7,1.0
EN02048,PT0578,CH057,PRG03,Digital Workplace Skills,Employability,Community Upskilling,Malay,Hybrid,TR04,Kuala Lumpur,2025-09-29,2025-11-10,2025-09-01,Sabah,Kota Kinabalu,25-34,Male,Job seeker,Mobile,Low,Organic,Employer requirement,0.8333,On track,Completed,1,39.9,61.9,22.0,4.0,8.0,Not measured,1,10.3,1.0
EN02049,PT0506,CH057,PRG03,Digital Workplace Skills,Employability,Community Upskilling,Malay,Hybrid,TR04,Kuala Lumpur,2025-09-29,2025-11-10,2025-09-01,Penang,George Town,45+,Male,Employed,Mobile,Medium,Employer,Job search,0.8333,On track,Completed,1,67.7,82.4,14.7,4.0,9.0,Not measured,1,10.0,1.0
EN02050,PT0484,CH057,PRG03,Digital Workplace Skills,Employability,Community Upskilling,Malay,Hybrid,TR04,Kuala Lumpur,2025-09-29,2025-11-10,2025-09-01,Selangor,Shah Alam,45+,Female,Student,Mobile,Medium,Employer,Career growth,1.0,On track,Completed,1,77.4,100.0,22.6,,,Not measured,1,11.5,1.0
EN02051,PT0420,CH057,PRG03,Digital Workplace Skills,Employability,Community Upskilling,Malay,Hybrid,TR04,Kuala Lumpur,2025-09-29,2025-11-10,2025-09-01,Johor,Johor Bahru,25-34,Male,Job seeker,Mobile,Medium,Employer,Career growth,1.0,On track,Completed,1,54.9,90.7,35.8,,,Not measured,0,,
EN02052,PT0294,CH057,PRG03,Digital Workplace Skills,Employability,Community Upskilling,Malay,Hybrid,TR04,Kuala Lumpur,2025-09-29,2025-11-10,2025-09-01,Sarawak,Kuching,25-34,Female,Self-employed,Laptop/Desktop,Low,Community partner,Career growth,0.8333,On track,Completed,1,41.1,69.7,28.6,5.0,10.0,Not measured,0,,
EN02053,PT0526,CH057,PRG03,Digital Workplace Skills,Employability,Community Upskilling,Malay,Hybrid,TR04,Kuala Lumpur,2025-09-29,2025-11-10,2025-09-01,Kuala Lumpur,Central,18-24,Male,Employed,Laptop/Desktop,Medium,Organic,Digital confidence,0.8333,On track,Completed,1,57.0,79.0,22.0,4.0,6.0,Not measured,0,,
EN02054,PT0718,CH057,PRG03,Digital Workplace Skills,Employability,Community Upskilling,Malay,Hybrid,TR04,Kuala Lumpur,2025-09-29,2025-11-10,2025-09-01,Kuala Lumpur,South,18-24,Non-binary / Prefer not to say,Job seeker,Mobile,Medium,Community partner,Career growth,0.8333,On track,Completed,1,31.3,56.7,25.4,3.0,5.0,Not measured,0,,
EN02055,PT0010,CH057,PRG03,Digital Workplace Skills,Employability,Community Upskilling,Malay,Hybrid,TR04,Kuala Lumpur,2025-09-29,2025-11-10,2025-09-01,Penang,Seberang Perai,45+,Female,Job seeker,Laptop/Desktop,High,Employer,Career growth,0.8333,On track,Completed,1,59.1,82.2,23.1,4.0,7.0,Not measured,1,15.3,1.0
EN02056,PT0146,CH057,PRG03,Digital Workplace Skills,Employability,Community Upskilling,Malay,Hybrid,TR04,Kuala Lumpur,2025-09-29,2025-11-10,2025-09-01,Penang,Seberang Perai,25-34,Non-binary / Prefer not to say,Student,Mobile,Medium,Referral,Employer requirement,0.5,Watch,Completed,1,59.1,68.6,9.5,3.0,6.0,Not measured,0,,
EN02057,PT0118,CH057,PRG03,Digital Workplace Skills,Employability,Community Upskilling,Malay,Hybrid,TR04,Kuala Lumpur,2025-09-29,2025-11-10,2025-09-01,Penang,George Town,25-34,Female,Employed,Mobile,High,Community partner,Career growth,0.8333,On track,Completed,1,69.9,83.7,13.8,4.0,7.0,Not measured,1,5.9,1.0
EN02058,PT0643,CH057,PRG03,Digital Workplace Skills,Employability,Community Upskilling,Malay,Hybrid,TR04,Kuala Lumpur,2025-09-29,2025-11-10,2025-09-01,Penang,George Town,25-34,Female,Employed,Laptop/Desktop,Medium,Employer,Career growth,0.6667,Watch,Completed,1,48.4,70.7,22.3,4.0,9.0,Not measured,0,,
EN02059,PT0527,CH057,PRG03,Digital Workplace Skills,Employability,Community Upskilling,Malay,Hybrid,TR04,Kuala Lumpur,2025-09-29,2025-11-10,2025-09-01,Kuala Lumpur,Central,25-34,Male,Employed,Mobile,High,Community partner,Digital confidence,1.0,On track,Completed,1,46.1,71.7,25.6,4.0,7.0,Not measured,0,,
EN02060,PT0104,CH058,PRG04,Customer Support Excellence,Operations,Workforce Development,English,In-person,TR11,Johor,2025-09-15,2025-10-27,2025-09-01,Selangor,Shah Alam,25-34,Male,Employed,Shared device,Medium,Community partner,Digital confidence,0.5,Watch,Dropped,0,50.5,65.4,14.9,3.0,5.0,Not measured,0,,
EN02061,PT0342,CH058,PRG04,Customer Support Excellence,Operations,Workforce Development,English,In-person,TR11,Johor,2025-09-15,2025-10-27,2025-09-01,Kuala Lumpur,Central,18-24,Female,Job seeker,Laptop/Desktop,Low,Employer,Career growth,0.8333,On track,Completed,1,68.8,88.9,20.1,3.0,7.0,Not measured,0,,
EN02062,PT0391,CH058,PRG04,Customer Support Excellence,Operations,Workforce Development,English,In-person,TR11,Johor,2025-09-15,2025-10-27,2025-09-01,Kuala Lumpur,South,18-24,Female,Job seeker,Laptop/Desktop,Low,Community partner,Career growth,0.6667,Watch,Completed,1,69.3,94.6,25.3,4.0,6.0,Not measured,0,,
EN02063,PT0611,CH058,PRG04,Customer Support Excellence,Operations,Workforce Development,English,In-person,TR11,Johor,2025-09-15,2025-10-27,2025-09-01,Selangor,Shah Alam,25-34,Male,Student,Mobile,Medium,Employer,Digital confidence,0.8333,On track,Completed,1,49.9,67.8,17.9,5.0,10.0,Not measured,0,,
EN02064,PT0623,CH058,PRG04,Customer Support Excellence,Operations,Workforce Development,English,In-person,TR11,Johor,2025-09-15,2025-10-27,2025-09-01,Penang,George Town,25-34,Male,Job seeker,Mobile,Medium,Referral,Employer requirement,1.0,On track,Completed,1,38.8,68.1,29.3,5.0,8.0,Not measured,0,,
EN02065,PT0715,CH058,PRG04,Customer Support Excellence,Operations,Workforce Development,English,In-person,TR11,Johor,2025-09-15,2025-10-27,2025-09-01,Penang,Seberang Perai,25-34,Female,Job seeker,Mobile,High,Community partner,Career growth,1.0,On track,Completed,1,64.6,90.0,25.4,5.0,8.0,Not measured,0,,
EN02066,PT0544,CH058,PRG04,Customer Support Excellence,Operations,Workforce Development,English,In-person,TR11,Johor,2025-09-15,2025-10-27,2025-09-01,Johor,Muar,25-34,Female,Job seeker,Laptop/Desktop,Medium,Employer,Career growth,1.0,On track,Completed,1,40.8,74.2,33.4,5.0,10.0,Not measured,0,,
EN02067,PT0576,CH058,PRG04,Customer Support Excellence,Operations,Workforce Development,English,In-person,TR11,Johor,2025-09-15,2025-10-27,2025-09-01,Johor,Johor Bahru,45+,Female,Employed,Mobile,Medium,Referral,Employer requirement,1.0,On track,Completed,1,29.8,54.4,24.6,,,Not measured,0,,
EN02068,PT0607,CH058,PRG04,Customer Support Excellence,Operations,Workforce Development,English,In-person,TR11,Johor,2025-09-15,2025-10-27,2025-09-01,Selangor,Shah Alam,25-34,Female,Employed,Shared device,Medium,Community partner,Employer requirement,0.6667,Watch,In progress / incomplete,0,58.2,79.6,21.4,4.0,7.0,Not measured,0,,
EN02069,PT0747,CH058,PRG04,Customer Support Excellence,Operations,Workforce Development,English,In-person,TR11,Johor,2025-09-15,2025-10-27,2025-09-01,Sabah,Sandakan,18-24,Male,Employed,Laptop/Desktop,High,Organic,Employer requirement,1.0,On track,Completed,1,53.4,84.5,31.1,4.0,8.0,Not measured,0,,
EN02070,PT0373,CH058,PRG04,Customer Support Excellence,Operations,Workforce Development,English,In-person,TR11,Johor,2025-09-15,2025-10-27,2025-09-01,Johor,Johor Bahru,25-34,Male,Job seeker,Mobile,Medium,Community partner,Employer requirement,0.8333,On track,Completed,1,69.0,94.1,25.1,3.0,6.0,Not measured,1,40.5,1.0
EN02071,PT0194,CH058,PRG04,Customer Support Excellence,Operations,Workforce Development,English,In-person,TR11,Johor,2025-09-15,2025-10-27,2025-09-01,Selangor,Petaling,18-24,Female,Employed,Mobile,Medium,Referral,Employer requirement,0.8333,On track,Completed,1,56.7,81.0,24.3,5.0,10.0,Not measured,0,,
EN02072,PT0774,CH058,PRG04,Customer Support Excellence,Operations,Workforce Development,English,In-person,TR11,Johor,2025-09-15,2025-10-27,2025-09-01,Selangor,Klang,35-44,Male,Job seeker,Mobile,High,Referral,Job search,0.8333,On track,Completed,1,64.8,96.0,31.2,,,Not measured,0,,
EN02073,PT0736,CH058,PRG04,Customer Support Excellence,Operations,Workforce Development,English,In-person,TR11,Johor,2025-09-15,2025-10-27,2025-09-01,Kuala Lumpur,South,18-24,Female,Employed,Mobile,High,Referral,Career growth,1.0,On track,Completed,1,39.5,68.9,29.4,4.0,7.0,Not measured,2,10.6,1.0
EN02074,PT0549,CH058,PRG04,Customer Support Excellence,Operations,Workforce Development,English,In-person,TR11,Johor,2025-09-15,2025-10-27,2025-09-01,Penang,George Town,25-34,Female,Employed,Laptop/Desktop,Medium,Community partner,Job search,0.8333,On track,Completed,1,59.6,93.5,33.9,4.0,8.0,Not measured,0,,
EN02075,PT0700,CH058,PRG04,Customer Support Excellence,Operations,Workforce Development,English,In-person,TR11,Johor,2025-09-15,2025-10-27,2025-09-01,Selangor,Petaling,25-34,Female,Self-employed,Mobile,Medium,Employer,Career growth,1.0,On track,Completed,1,67.4,94.2,26.8,,,Not measured,0,,
EN02076,PT0220,CH058,PRG04,Customer Support Excellence,Operations,Workforce Development,English,In-person,TR11,Johor,2025-09-15,2025-10-27,2025-09-01,Selangor,Klang,18-24,Male,Employed,Mobile,Low,Employer,Digital confidence,0.6667,Watch,Completed,1,43.7,73.5,29.8,4.0,6.0,Not measured,0,,
EN02077,PT0207,CH058,PRG04,Customer Support Excellence,Operations,Workforce Development,English,In-person,TR11,Johor,2025-09-15,2025-10-27,2025-09-01,Kuala Lumpur,North,25-34,Male,Job seeker,Laptop/Desktop,Medium,Employer,Career growth,1.0,On track,Completed,1,40.3,66.0,25.7,5.0,10.0,Not measured,0,,
EN02078,PT0371,CH058,PRG04,Customer Support Excellence,Operations,Workforce Development,English,In-person,TR11,Johor,2025-09-15,2025-10-27,2025-09-01,Kuala Lumpur,South,25-34,Male,Student,Laptop/Desktop,Medium,Organic,Job search,1.0,On track,Completed,1,62.7,86.9,24.2,4.0,8.0,Not measured,0,,
EN02079,PT0300,CH058,PRG04,Customer Support Excellence,Operations,Workforce Development,English,In-person,TR11,Johor,2025-09-15,2025-10-27,2025-09-01,Kuala Lumpur,North,18-24,Female,Student,Laptop/Desktop,Medium,Employer,Digital confidence,0.8333,On track,In progress / incomplete,0,46.5,54.2,7.7,,,Not measured,2,24.2,1.0
EN02080,PT0372,CH058,PRG04,Customer Support Excellence,Operations,Workforce Development,English,In-person,TR11,Johor,2025-09-15,2025-10-27,2025-09-01,Kuala Lumpur,South,18-24,Female,Job seeker,Shared device,Low,Employer,Digital confidence,0.6667,Watch,Completed,1,45.5,54.6,9.1,4.0,7.0,Not measured,1,24.1,0.0
EN02081,PT0128,CH058,PRG04,Customer Support Excellence,Operations,Workforce Development,English,In-person,TR11,Johor,2025-09-15,2025-10-27,2025-09-01,Kuala Lumpur,North,35-44,Male,Job seeker,Mobile,Medium,Organic,Career growth,1.0,On track,Completed,1,54.7,74.6,19.9,5.0,10.0,Not measured,0,,
EN02082,PT0454,CH058,PRG04,Customer Support Excellence,Operations,Workforce Development,English,In-person,TR11,Johor,2025-09-15,2025-10-27,2025-09-01,Selangor,Klang,25-34,Female,Self-employed,Laptop/Desktop,High,Community partner,Career growth,0.8333,On track,Completed,1,42.1,55.0,12.9,5.0,10.0,Not measured,0,,
EN02083,PT0427,CH058,PRG04,Customer Support Excellence,Operations,Workforce Development,English,In-person,TR11,Johor,2025-09-15,2025-10-27,2025-09-01,Kuala Lumpur,South,35-44,Female,Job seeker,Mobile,High,Referral,Career growth,1.0,On track,Completed,1,72.3,100.0,27.7,,,Not measured,3,11.1,1.0
EN02084,PT0518,CH058,PRG04,Customer Support Excellence,Operations,Workforce Development,English,In-person,TR11,Johor,2025-09-15,2025-10-27,2025-09-01,Kuala Lumpur,Central,35-44,Female,Employed,Laptop/Desktop,Medium,Referral,Employer requirement,1.0,On track,Completed,1,72.7,97.1,24.4,,,Not measured,0,,
EN02085,PT0558,CH058,PRG04,Customer Support Excellence,Operations,Workforce Development,English,In-person,TR11,Johor,2025-09-15,2025-10-27,2025-09-01,Kuala Lumpur,South,18-24,Female,Self-employed,Laptop/Desktop,Medium,Organic,Employer requirement,1.0,On track,Completed,1,49.8,70.6,20.8,4.0,7.0,Not measured,0,,
EN02086,PT0019,CH058,PRG04,Customer Support Excellence,Operations,Workforce Development,English,In-person,TR11,Johor,2025-09-15,2025-10-27,2025-09-01,Selangor,Shah Alam,25-34,Female,Job seeker,Mobile,Medium,Community partner,Job search,0.8333,On track,In progress / incomplete,0,22.9,45.0,22.1,5.0,10.0,Not measured,0,,
EN02087,PT0078,CH058,PRG04,Customer Support Excellence,Operations,Workforce Development,English,In-person,TR11,Johor,2025-09-15,2025-10-27,2025-09-01,Johor,Johor Bahru,45+,Female,Job seeker,Laptop/Desktop,Medium,Referral,Career growth,1.0,On track,Completed,1,57.7,87.0,29.3,,,Not measured,0,,
EN02088,PT0559,CH058,PRG04,Customer Support Excellence,Operations,Workforce Development,English,In-person,TR11,Johor,2025-09-15,2025-10-27,2025-09-01,Kuala Lumpur,South,25-34,Female,Student,Mobile,Low,Community partner,Job search,0.6667,Watch,In progress / incomplete,0,42.1,67.2,25.1,4.0,7.0,Not measured,0,,
EN02089,PT0568,CH058,PRG04,Customer Support Excellence,Operations,Workforce Development,English,In-person,TR11,Johor,2025-09-15,2025-10-27,2025-09-01,Johor,Johor Bahru,25-34,Female,Employed,Laptop/Desktop,Low,Community partner,Digital confidence,0.3333,High risk,In progress / incomplete,0,53.1,69.9,16.8,3.0,2.0,Not measured,0,,
EN02090,PT0476,CH058,PRG04,Customer Support Excellence,Operations,Workforce Development,English,In-person,TR11,Johor,2025-09-15,2025-10-27,2025-09-01,Selangor,Shah Alam,25-34,Female,Self-employed,Laptop/Desktop,High,Community partner,Digital confidence,1.0,On track,Completed,1,67.0,100.0,33.0,5.0,9.0,Not measured,0,,
EN02091,PT0488,CH058,PRG04,Customer Support Excellence,Operations,Workforce Development,English,In-person,TR11,Johor,2025-09-15,2025-10-27,2025-09-01,Sabah,Sandakan,25-34,Female,Self-employed,Laptop/Desktop,Medium,Referral,Employer requirement,1.0,On track,Completed,1,49.0,78.6,29.6,,,Not measured,1,10.5,1.0
EN02092,PT0561,CH058,PRG04,Customer Support Excellence,Operations,Workforce Development,English,In-person,TR11,Johor,2025-09-15,2025-10-27,2025-09-01,Sarawak,Kuching,35-44,Female,Employed,Mobile,Medium,Community partner,Career growth,0.3333,High risk,Completed,1,44.5,53.9,9.4,,,Not measured,2,36.9,0.5
EN02093,PT0656,CH058,PRG04,Customer Support Excellence,Operations,Workforce Development,English,In-person,TR11,Johor,2025-09-15,2025-10-27,2025-09-01,Sabah,Kota Kinabalu,25-34,Female,Self-employed,Mobile,Medium,Community partner,Career growth,1.0,On track,Completed,1,61.8,88.2,26.4,5.0,10.0,Not measured,0,,
EN02094,PT0540,CH058,PRG04,Customer Support Excellence,Operations,Workforce Development,English,In-person,TR11,Johor,2025-09-15,2025-10-27,2025-09-01,Kuala Lumpur,Central,25-34,Male,Student,Laptop/Desktop,Medium,Referral,Job search,1.0,On track,Completed,1,60.1,85.3,25.2,,,Not measured,0,,
EN02095,PT0179,CH058,PRG04,Customer Support Excellence,Operations,Workforce Development,English,In-person,TR11,Johor,2025-09-15,2025-10-27,2025-09-01,Selangor,Shah Alam,25-34,Female,Job seeker,Mobile,Low,Referral,Career growth,1.0,On track,Completed,1,51.0,75.2,24.2,5.0,10.0,Not measured,0,,
EN02096,PT0758,CH058,PRG04,Customer Support Excellence,Operations,Workforce Development,English,In-person,TR11,Johor,2025-09-15,2025-10-27,2025-09-01,Kuala Lumpur,South,25-34,Male,Job seeker,Laptop/Desktop,Medium,Community partner,Career growth,1.0,On track,Completed,1,50.9,81.2,30.3,4.0,8.0,Not measured,1,72.8,0.0
EN02097,PT0466,CH058,PRG04,Customer Support Excellence,Operations,Workforce Development,English,In-person,TR11,Johor,2025-09-15,2025-10-27,2025-09-01,Kuala Lumpur,Central,18-24,Male,Student,Mobile,Medium,Community partner,Employer requirement,0.6667,Watch,Completed,1,38.4,59.1,20.7,4.0,7.0,Not measured,0,,
EN02098,PT0171,CH058,PRG04,Customer Support Excellence,Operations,Workforce Development,English,In-person,TR11,Johor,2025-09-15,2025-10-27,2025-09-01,Johor,Muar,35-44,Female,Self-employed,Mobile,Medium,Organic,Career growth,1.0,On track,Completed,1,81.4,100.0,18.6,,,Not measured,0,,
EN02099,PT0356,CH058,PRG04,Customer Support Excellence,Operations,Workforce Development,English,In-person,TR11,Johor,2025-09-15,2025-10-27,2025-09-01,Sarawak,Miri,25-34,Male,Employed,Mobile,Medium,Organic,Employer requirement,0.6667,Watch,Dropped,0,57.5,78.6,21.1,,,Not measured,0,,
EN02100,PT0710,CH058,PRG04,Customer Support Excellence,Operations,Workforce Development,English,In-person,TR11,Johor,2025-09-15,2025-10-27,2025-09-01,Johor,Johor Bahru,35-44,Female,Employed,Mobile,Medium,Organic,Employer requirement,1.0,On track,Completed,1,56.2,80.4,24.2,,,Not measured,0,,
EN02101,PT0335,CH058,PRG04,Customer Support Excellence,Operations,Workforce Development,English,In-person,TR11,Johor,2025-09-15,2025-10-27,2025-09-01,Sabah,Sandakan,18-24,Male,Self-employed,Mobile,Medium,Community partner,Career growth,0.6667,Watch,Completed,1,59.7,83.7,24.0,4.0,9.0,Not measured,0,,
EN02102,PT0210,CH058,PRG04,Customer Support Excellence,Operations,Workforce Development,English,In-person,TR11,Johor,2025-09-15,2025-10-27,2025-09-01,Sabah,Sandakan,25-34,Female,Employed,Laptop/Desktop,Medium,Employer,Career growth,0.8333,On track,Completed,1,64.2,98.9,34.7,5.0,10.0,Not measured,0,,
EN02103,PT0672,CH058,PRG04,Customer Support Excellence,Operations,Workforce Development,English,In-person,TR11,Johor,2025-09-15,2025-10-27,2025-09-01,Sarawak,Miri,18-24,Female,Employed,Mobile,Medium,Employer,Employer requirement,0.1667,High risk,In progress / incomplete,0,60.6,81.3,20.7,2.0,4.0,Not measured,0,,
EN02104,PT0662,CH058,PRG04,Customer Support Excellence,Operations,Workforce Development,English,In-person,TR11,Johor,2025-09-15,2025-10-27,2025-09-01,Johor,Muar,35-44,Female,Student,Mobile,Medium,Community partner,Job search,1.0,On track,Completed,1,49.0,64.6,15.6,4.0,6.0,Not measured,0,,
EN02105,PT0137,CH059,PRG05,Financial Literacy,Business,Community Upskilling,Hindi,Hybrid,TR08,Penang,2025-09-15,2025-10-20,2025-09-01,Sarawak,Miri,35-44,Non-binary / Prefer not to say,Student,Mobile,Low,Employer,Career growth,0.6,Watch,Dropped,0,23.3,32.3,9.0,3.0,5.0,Not measured,0,,
EN02106,PT0370,CH059,PRG05,Financial Literacy,Business,Community Upskilling,Hindi,Hybrid,TR08,Penang,2025-09-15,2025-10-20,2025-09-01,Kuala Lumpur,South,45+,Male,Job seeker,Laptop/Desktop,High,Organic,Job search,0.8,On track,Dropped,0,53.0,85.0,32.0,4.0,8.0,Not measured,0,,
EN02107,PT0217,CH059,PRG05,Financial Literacy,Business,Community Upskilling,Hindi,Hybrid,TR08,Penang,2025-09-15,2025-10-20,2025-09-01,Selangor,Petaling,35-44,Female,Job seeker,Laptop/Desktop,Medium,Community partner,Job search,1.0,On track,Completed,1,58.3,69.1,10.8,,,Not measured,0,,
EN02108,PT0481,CH059,PRG05,Financial Literacy,Business,Community Upskilling,Hindi,Hybrid,TR08,Penang,2025-09-15,2025-10-20,2025-09-01,Sarawak,Kuching,35-44,Female,Job seeker,Laptop/Desktop,Low,Organic,Career growth,0.6,Watch,Dropped,0,43.4,55.8,12.4,4.0,6.0,Not measured,0,,
EN02109,PT0019,CH059,PRG05,Financial Literacy,Business,Community Upskilling,Hindi,Hybrid,TR08,Penang,2025-09-15,2025-10-20,2025-09-01,Selangor,Shah Alam,25-34,Female,Job seeker,Mobile,Medium,Organic,Digital confidence,0.8,On track,Completed,1,60.7,90.4,29.7,,,Not measured,0,,
EN02110,PT0597,CH059,PRG05,Financial Literacy,Business,Community Upskilling,Hindi,Hybrid,TR08,Penang,2025-09-15,2025-10-20,2025-09-01,Sarawak,Kuching,35-44,Male,Employed,Laptop/Desktop,Medium,Community partner,Career growth,0.6,Watch,In progress / incomplete,0,45.9,59.9,14.0,3.0,6.0,Not measured,0,,
EN02111,PT0424,CH059,PRG05,Financial Literacy,Business,Community Upskilling,Hindi,Hybrid,TR08,Penang,2025-09-15,2025-10-20,2025-09-01,Penang,Seberang Perai,18-24,Male,Employed,Mobile,High,Community partner,Digital confidence,0.8,On track,Completed,1,54.7,75.4,20.7,4.0,7.0,Not measured,0,,
EN02112,PT0302,CH059,PRG05,Financial Literacy,Business,Community Upskilling,Hindi,Hybrid,TR08,Penang,2025-09-15,2025-10-20,2025-09-01,Johor,Muar,25-34,Male,Self-employed,Laptop/Desktop,High,Referral,Employer requirement,1.0,On track,Completed,1,61.4,85.5,24.1,5.0,10.0,Not measured,0,,
EN02113,PT0305,CH059,PRG05,Financial Literacy,Business,Community Upskilling,Hindi,Hybrid,TR08,Penang,2025-09-15,2025-10-20,2025-09-01,Penang,George Town,18-24,Non-binary / Prefer not to say,Job seeker,Mobile,Medium,Organic,Career growth,0.6,Watch,Completed,1,56.0,66.5,10.5,3.0,4.0,Not measured,0,,
EN02114,PT0591,CH059,PRG05,Financial Literacy,Business,Community Upskilling,Hindi,Hybrid,TR08,Penang,2025-09-15,2025-10-20,2025-09-01,Selangor,Klang,25-34,Male,Employed,Mobile,High,Referral,Job search,0.8,On track,Completed,1,35.6,52.3,16.7,4.0,7.0,Not measured,0,,
EN02115,PT0716,CH059,PRG05,Financial Literacy,Business,Community Upskilling,Hindi,Hybrid,TR08,Penang,2025-09-15,2025-10-20,2025-09-01,Kuala Lumpur,North,25-34,Male,Job seeker,Mobile,Medium,Community partner,Career growth,0.4,High risk,Completed,1,39.5,56.6,17.1,,,Not measured,0,,
EN02116,PT0646,CH059,PRG05,Financial Literacy,Business,Community Upskilling,Hindi,Hybrid,TR08,Penang,2025-09-15,2025-10-20,2025-09-01,Johor,Johor Bahru,18-24,Male,Employed,Mobile,High,Organic,Job search,1.0,On track,Completed,1,67.2,98.1,30.9,5.0,9.0,Not measured,0,,
EN02117,PT0356,CH059,PRG05,Financial Literacy,Business,Community Upskilling,Hindi,Hybrid,TR08,Penang,2025-09-15,2025-10-20,2025-09-01,Sarawak,Miri,25-34,Male,Employed,Mobile,Medium,Organic,Job search,0.8,On track,Completed,1,58.5,75.4,16.9,5.0,10.0,Not measured,0,,
EN02118,PT0605,CH059,PRG05,Financial Literacy,Business,Community Upskilling,Hindi,Hybrid,TR08,Penang,2025-09-15,2025-10-20,2025-09-01,Johor,Johor Bahru,35-44,Male,Self-employed,Shared device,High,Community partner,Digital confidence,0.6,Watch,Completed,1,62.6,90.3,27.7,4.0,9.0,Not measured,1,13.1,1.0
EN02119,PT0331,CH059,PRG05,Financial Literacy,Business,Community Upskilling,Hindi,Hybrid,TR08,Penang,2025-09-15,2025-10-20,2025-09-01,Penang,George Town,25-34,Male,Student,Mobile,High,Referral,Digital confidence,0.8,On track,Completed,1,46.3,78.1,31.8,,,Not measured,0,,
EN02120,PT0460,CH059,PRG05,Financial Literacy,Business,Community Upskilling,Hindi,Hybrid,TR08,Penang,2025-09-15,2025-10-20,2025-09-01,Kuala Lumpur,North,18-24,Male,Job seeker,Mobile,Low,Organic,Job search,0.6,Watch,In progress / incomplete,0,34.0,44.0,10.0,4.0,9.0,Not measured,1,36.2,1.0
EN02121,PT0230,CH059,PRG05,Financial Literacy,Business,Community Upskilling,Hindi,Hybrid,TR08,Penang,2025-09-15,2025-10-20,2025-09-01,Kuala Lumpur,South,25-34,Female,Self-employed,Mobile,Medium,Community partner,Digital confidence,0.8,On track,Completed,1,56.8,77.9,21.1,4.0,6.0,Not measured,1,34.0,0.0
EN02122,PT0203,CH059,PRG05,Financial Literacy,Business,Community Upskilling,Hindi,Hybrid,TR08,Penang,2025-09-15,2025-10-20,2025-09-01,Selangor,Klang,25-34,Male,Job seeker,Mobile,Medium,Employer,Digital confidence,1.0,On track,Completed,1,35.1,49.1,14.0,4.0,9.0,Not measured,1,13.3,1.0
EN02123,PT0153,CH059,PRG05,Financial Literacy,Business,Community Upskilling,Hindi,Hybrid,TR08,Penang,2025-09-15,2025-10-20,2025-09-01,Kuala Lumpur,South,35-44,Male,Student,Laptop/Desktop,High,Organic,Employer requirement,1.0,On track,Completed,1,60.7,78.2,17.5,4.0,9.0,Not measured,0,,
EN02124,PT0487,CH059,PRG05,Financial Literacy,Business,Community Upskilling,Hindi,Hybrid,TR08,Penang,2025-09-15,2025-10-20,2025-09-01,Johor,Johor Bahru,18-24,Female,Job seeker,Mobile,Medium,Employer,Job search,0.6,Watch,Completed,1,53.3,64.9,11.6,4.0,6.0,Not measured,0,,
EN02125,PT0420,CH059,PRG05,Financial Literacy,Business,Community Upskilling,Hindi,Hybrid,TR08,Penang,2025-09-15,2025-10-20,2025-09-01,Johor,Johor Bahru,25-34,Male,Job seeker,Mobile,Medium,Community partner,Digital confidence,1.0,On track,Completed,1,47.7,78.1,30.4,5.0,9.0,Not measured,0,,
EN02126,PT0341,CH059,PRG05,Financial Literacy,Business,Community Upskilling,Hindi,Hybrid,TR08,Penang,2025-09-15,2025-10-20,2025-09-01,Selangor,Shah Alam,45+,Male,Employed,Mobile,Low,Employer,Employer requirement,0.8,On track,Completed,1,61.4,85.7,24.3,4.0,9.0,Not measured,0,,
EN02127,PT0491,CH059,PRG05,Financial Literacy,Business,Community Upskilling,Hindi,Hybrid,TR08,Penang,2025-09-15,2025-10-20,2025-09-01,Kuala Lumpur,South,18-24,Female,Employed,Mobile,Low,Employer,Digital confidence,0.4,High risk,Completed,1,25.8,37.1,11.3,4.0,8.0,Not measured,1,15.3,1.0
EN02128,PT0371,CH059,PRG05,Financial Literacy,Business,Community Upskilling,Hindi,Hybrid,TR08,Penang,2025-09-15,2025-10-20,2025-09-01,Kuala Lumpur,South,25-34,Male,Student,Laptop/Desktop,Medium,Employer,Job search,1.0,On track,Completed,1,53.8,87.3,33.5,5.0,10.0,Not measured,0,,
EN02129,PT0255,CH059,PRG05,Financial Literacy,Business,Community Upskilling,Hindi,Hybrid,TR08,Penang,2025-09-15,2025-10-20,2025-09-01,Selangor,Petaling,35-44,Female,Job seeker,Mobile,Medium,Community partner,Job search,1.0,On track,Completed,1,51.7,79.3,27.6,5.0,10.0,Not measured,0,,
EN02130,PT0049,CH059,PRG05,Financial Literacy,Business,Community Upskilling,Hindi,Hybrid,TR08,Penang,2025-09-15,2025-10-20,2025-09-01,Selangor,Shah Alam,18-24,Female,Job seeker,Laptop/Desktop,High,Employer,Career growth,0.6,Watch,Dropped,0,65.8,100.0,34.2,2.0,3.0,Not measured,0,,
EN02131,PT0045,CH059,PRG05,Financial Literacy,Business,Community Upskilling,Hindi,Hybrid,TR08,Penang,2025-09-15,2025-10-20,2025-09-01,Selangor,Shah Alam,25-34,Male,Job seeker,Mobile,Medium,Organic,Employer requirement,0.8,On track,Completed,1,70.4,93.5,23.1,5.0,10.0,Not measured,1,35.3,1.0
EN02132,PT0086,CH059,PRG05,Financial Literacy,Business,Community Upskilling,Hindi,Hybrid,TR08,Penang,2025-09-15,2025-10-20,2025-09-01,Sabah,Kota Kinabalu,35-44,Male,Employed,Shared device,Low,Employer,Career growth,1.0,On track,Completed,1,50.0,88.8,38.8,,,Not measured,3,19.0,1.0
EN02133,PT0357,CH059,PRG05,Financial Literacy,Business,Community Upskilling,Hindi,Hybrid,TR08,Penang,2025-09-15,2025-10-20,2025-09-01,Selangor,Shah Alam,45+,Female,Student,Mobile,High,Community partner,Employer requirement,0.4,High risk,In progress / incomplete,0,52.5,54.9,2.4,3.0,5.0,Not measured,0,,
EN02134,PT0441,CH059,PRG05,Financial Literacy,Business,Community Upskilling,Hindi,Hybrid,TR08,Penang,2025-09-15,2025-10-20,2025-09-01,Johor,Johor Bahru,25-34,Female,Self-employed,Laptop/Desktop,Medium,Community partner,Career growth,1.0,On track,Completed,1,40.9,59.2,18.3,5.0,10.0,Not measured,0,,
EN02135,PT0438,CH059,PRG05,Financial Literacy,Business,Community Upskilling,Hindi,Hybrid,TR08,Penang,2025-09-15,2025-10-20,2025-09-01,Sabah,Sandakan,25-34,Male,Job seeker,Laptop/Desktop,Medium,Community partner,Job search,1.0,On track,Completed,1,45.1,68.1,23.0,4.0,5.0,Not measured,0,,
EN02136,PT0696,CH059,PRG05,Financial Literacy,Business,Community Upskilling,Hindi,Hybrid,TR08,Penang,2025-09-15,2025-10-20,2025-09-01,Sarawak,Kuching,25-34,Female,Employed,Laptop/Desktop,Medium,Community partner,Career growth,1.0,On track,Completed,1,60.7,81.7,21.0,,,Not measured,0,,
EN02137,PT0479,CH060,PRG06,Project Delivery Fundamentals,Operations,Workforce Development,English,Virtual,TR07,Penang,2025-09-22,2025-11-17,2025-09-01,Sabah,Kota Kinabalu,25-34,Female,Job seeker,Mobile,Medium,Community partner,Career growth,1.0,On track,Completed,1,54.9,80.9,26.0,,,Not measured,0,,
EN02138,PT0666,CH060,PRG06,Project Delivery Fundamentals,Operations,Workforce Development,English,Virtual,TR07,Penang,2025-09-22,2025-11-17,2025-09-01,Selangor,Shah Alam,35-44,Female,Student,Mobile,Medium,Organic,Career growth,0.875,On track,Completed,1,59.6,89.5,29.9,4.0,6.0,Not measured,1,10.4,1.0
EN02139,PT0605,CH060,PRG06,Project Delivery Fundamentals,Operations,Workforce Development,English,Virtual,TR07,Penang,2025-09-22,2025-11-17,2025-09-01,Johor,Johor Bahru,35-44,Male,Self-employed,Shared device,High,Community partner,Job search,0.625,Watch,Dropped,0,44.6,61.2,16.6,3.0,6.0,Not measured,2,42.2,0.0
EN02140,PT0242,CH060,PRG06,Project Delivery Fundamentals,Operations,Workforce Development,English,Virtual,TR07,Penang,2025-09-22,2025-11-17,2025-09-01,Kuala Lumpur,South,45+,Male,Employed,Mobile,Low,Employer,Career growth,0.625,Watch,Completed,1,43.5,66.2,22.7,4.0,4.0,Not measured,1,36.9,1.0
EN02141,PT0733,CH060,PRG06,Project Delivery Fundamentals,Operations,Workforce Development,English,Virtual,TR07,Penang,2025-09-22,2025-11-17,2025-09-01,Kuala Lumpur,Central,25-34,Male,Job seeker,Laptop/Desktop,Medium,Organic,Digital confidence,1.0,On track,Completed,1,56.6,89.9,33.3,4.0,7.0,Not measured,0,,
EN02142,PT0069,CH060,PRG06,Project Delivery Fundamentals,Operations,Workforce Development,English,Virtual,TR07,Penang,2025-09-22,2025-11-17,2025-09-01,Kuala Lumpur,Central,35-44,Male,Self-employed,Shared device,Medium,Organic,Digital confidence,0.625,Watch,Completed,1,44.5,64.0,19.5,4.0,8.0,Not measured,1,15.7,1.0
EN02143,PT0147,CH060,PRG06,Project Delivery Fundamentals,Operations,Workforce Development,English,Virtual,TR07,Penang,2025-09-22,2025-11-17,2025-09-01,Sabah,Sandakan,35-44,Female,Employed,Laptop/Desktop,Medium,Community partner,Career growth,0.875,On track,Completed,1,50.1,77.1,27.0,,,Not measured,0,,
EN02144,PT0212,CH060,PRG06,Project Delivery Fundamentals,Operations,Workforce Development,English,Virtual,TR07,Penang,2025-09-22,2025-11-17,2025-09-01,Penang,Seberang Perai,35-44,Female,Employed,Mobile,Medium,Community partner,Career growth,0.375,High risk,In progress / incomplete,0,36.2,51.3,15.1,,,Not measured,0,,
EN02145,PT0166,CH060,PRG06,Project Delivery Fundamentals,Operations,Workforce Development,English,Virtual,TR07,Penang,2025-09-22,2025-11-17,2025-09-01,Selangor,Shah Alam,18-24,Male,Student,Mobile,Medium,Community partner,Digital confidence,1.0,On track,Completed,1,37.5,66.2,28.7,4.0,7.0,Not measured,0,,
EN02146,PT0083,CH060,PRG06,Project Delivery Fundamentals,Operations,Workforce Development,English,Virtual,TR07,Penang,2025-09-22,2025-11-17,2025-09-01,Sarawak,Miri,25-34,Female,Employed,Mobile,Medium,Community partner,Job search,0.5,Watch,Dropped,0,41.2,56.9,15.7,3.0,5.0,Not measured,0,,
EN02147,PT0401,CH060,PRG06,Project Delivery Fundamentals,Operations,Workforce Development,English,Virtual,TR07,Penang,2025-09-22,2025-11-17,2025-09-01,Kuala Lumpur,South,35-44,Female,Job seeker,Mobile,Low,Organic,Employer requirement,0.75,On track,Completed,1,34.4,51.4,17.0,,,Not measured,0,,
EN02148,PT0191,CH060,PRG06,Project Delivery Fundamentals,Operations,Workforce Development,English,Virtual,TR07,Penang,2025-09-22,2025-11-17,2025-09-01,Sarawak,Kuching,25-34,Male,Employed,Mobile,Low,Employer,Digital confidence,0.375,High risk,In progress / incomplete,0,69.7,75.5,5.8,,,Not measured,0,,
EN02149,PT0525,CH060,PRG06,Project Delivery Fundamentals,Operations,Workforce Development,English,Virtual,TR07,Penang,2025-09-22,2025-11-17,2025-09-01,Selangor,Petaling,35-44,Female,Employed,Mobile,Low,Organic,Digital confidence,0.75,On track,Completed,1,52.5,84.7,32.2,4.0,6.0,Not measured,0,,
EN02150,PT0662,CH060,PRG06,Project Delivery Fundamentals,Operations,Workforce Development,English,Virtual,TR07,Penang,2025-09-22,2025-11-17,2025-09-01,Johor,Muar,35-44,Female,Student,Mobile,Medium,Referral,Digital confidence,0.625,Watch,Completed,1,57.6,91.2,33.6,,,Not measured,1,21.0,1.0
EN02151,PT0607,CH060,PRG06,Project Delivery Fundamentals,Operations,Workforce Development,English,Virtual,TR07,Penang,2025-09-22,2025-11-17,2025-09-01,Selangor,Shah Alam,25-34,Female,Employed,Shared device,Medium,Employer,Career growth,0.5,Watch,Completed,1,43.7,54.8,11.1,4.0,10.0,Not measured,1,11.3,1.0
EN02152,PT0643,CH060,PRG06,Project Delivery Fundamentals,Operations,Workforce Development,English,Virtual,TR07,Penang,2025-09-22,2025-11-17,2025-09-01,Penang,George Town,25-34,Female,Employed,Laptop/Desktop,Medium,Community partner,Digital confidence,0.875,On track,Completed,1,53.2,84.3,31.1,4.0,8.0,Not measured,0,,
EN02153,PT0014,CH060,PRG06,Project Delivery Fundamentals,Operations,Workforce Development,English,Virtual,TR07,Penang,2025-09-22,2025-11-17,2025-09-01,Selangor,Petaling,35-44,Male,Self-employed,Mobile,Low,Organic,Digital confidence,0.75,On track,Completed,1,39.5,67.4,27.9,,,Not measured,1,22.7,1.0
EN02154,PT0061,CH060,PRG06,Project Delivery Fundamentals,Operations,Workforce Development,English,Virtual,TR07,Penang,2025-09-22,2025-11-17,2025-09-01,Penang,George Town,35-44,Female,Employed,Mobile,High,Community partner,Job search,0.75,On track,In progress / incomplete,0,61.7,77.8,16.1,4.0,6.0,Not measured,1,12.7,0.0
EN02155,PT0482,CH060,PRG06,Project Delivery Fundamentals,Operations,Workforce Development,English,Virtual,TR07,Penang,2025-09-22,2025-11-17,2025-09-01,Johor,Muar,35-44,Female,Employed,Mobile,Medium,Community partner,Career growth,0.875,On track,Completed,1,46.9,68.9,22.0,4.0,7.0,Not measured,0,,
EN02156,PT0035,CH060,PRG06,Project Delivery Fundamentals,Operations,Workforce Development,English,Virtual,TR07,Penang,2025-09-22,2025-11-17,2025-09-01,Selangor,Petaling,18-24,Female,Job seeker,Mobile,Medium,Organic,Career growth,1.0,On track,Completed,1,32.9,59.2,26.3,5.0,10.0,Not measured,3,28.8,0.3333
EN02157,PT0579,CH060,PRG06,Project Delivery Fundamentals,Operations,Workforce Development,English,Virtual,TR07,Penang,2025-09-22,2025-11-17,2025-09-01,Selangor,Shah Alam,25-34,Female,Job seeker,Mobile,Medium,Community partner,Digital confidence,0.875,On track,Completed,1,70.6,97.5,26.9,,,Not measured,0,,
EN02158,PT0690,CH060,PRG06,Project Delivery Fundamentals,Operations,Workforce Development,English,Virtual,TR07,Penang,2025-09-22,2025-11-17,2025-09-01,Kuala Lumpur,South,25-34,Female,Student,Laptop/Desktop,Medium,Community partner,Job search,0.875,On track,Completed,1,45.6,69.2,23.6,4.0,7.0,Not measured,0,,
EN02159,PT0107,CH060,PRG06,Project Delivery Fundamentals,Operations,Workforce Development,English,Virtual,TR07,Penang,2025-09-22,2025-11-17,2025-09-01,Selangor,Klang,18-24,Female,Employed,Mobile,Medium,Referral,Career growth,0.875,On track,Completed,1,42.1,66.4,24.3,4.0,9.0,Not measured,0,,
EN02160,PT0779,CH060,PRG06,Project Delivery Fundamentals,Operations,Workforce Development,English,Virtual,TR07,Penang,2025-09-22,2025-11-17,2025-09-01,Selangor,Klang,18-24,Female,Student,Mobile,Medium,Employer,Digital confidence,0.625,Watch,Completed,1,78.4,100.0,21.6,4.0,9.0,Not measured,1,22.2,1.0
EN02161,PT0689,CH060,PRG06,Project Delivery Fundamentals,Operations,Workforce Development,English,Virtual,TR07,Penang,2025-09-22,2025-11-17,2025-09-01,Kuala Lumpur,North,35-44,Non-binary / Prefer not to say,Job seeker,Mobile,Medium,Community partner,Career growth,0.875,On track,Completed,1,52.0,70.9,18.9,4.0,6.0,Not measured,0,,
EN02162,PT0396,CH060,PRG06,Project Delivery Fundamentals,Operations,Workforce Development,English,Virtual,TR07,Penang,2025-09-22,2025-11-17,2025-09-01,Kuala Lumpur,North,18-24,Female,Employed,Laptop/Desktop,Medium,Organic,Job search,0.625,Watch,Completed,1,74.1,90.2,16.1,3.0,4.0,Not measured,1,15.6,1.0
EN02163,PT0235,CH060,PRG06,Project Delivery Fundamentals,Operations,Workforce Development,English,Virtual,TR07,Penang,2025-09-22,2025-11-17,2025-09-01,Sabah,Sandakan,18-24,Female,Job seeker,Mobile,Low,Community partner,Career growth,0.75,On track,Dropped,0,72.3,95.4,23.1,5.0,10.0,Not measured,0,,
EN02164,PT0631,CH060,PRG06,Project Delivery Fundamentals,Operations,Workforce Development,English,Virtual,TR07,Penang,2025-09-22,2025-11-17,2025-09-01,Sabah,Kota Kinabalu,25-34,Male,Job seeker,Laptop/Desktop,Medium,Organic,Career growth,1.0,On track,Completed,1,68.9,81.6,12.7,5.0,10.0,Not measured,0,,
EN02165,PT0670,CH060,PRG06,Project Delivery Fundamentals,Operations,Workforce Development,English,Virtual,TR07,Penang,2025-09-22,2025-11-17,2025-09-01,Sabah,Sandakan,18-24,Female,Student,Laptop/Desktop,Medium,Referral,Career growth,1.0,On track,Completed,1,53.1,68.5,15.4,5.0,8.0,Not measured,0,,
EN02166,PT0231,CH060,PRG06,Project Delivery Fundamentals,Operations,Workforce Development,English,Virtual,TR07,Penang,2025-09-22,2025-11-17,2025-09-01,Kuala Lumpur,Central,18-24,Female,Self-employed,Laptop/Desktop,Low,Community partner,Job search,0.875,On track,Completed,1,47.7,60.0,12.3,,,Not measured,1,13.1,0.0
EN02167,PT0254,CH060,PRG06,Project Delivery Fundamentals,Operations,Workforce Development,English,Virtual,TR07,Penang,2025-09-22,2025-11-17,2025-09-01,Selangor,Petaling,25-34,Male,Student,Mobile,High,Community partner,Career growth,0.875,On track,Completed,1,61.6,90.6,29.0,5.0,9.0,Not measured,0,,
EN02168,PT0040,CH060,PRG06,Project Delivery Fundamentals,Operations,Workforce Development,English,Virtual,TR07,Penang,2025-09-22,2025-11-17,2025-09-01,Selangor,Shah Alam,25-34,Male,Job seeker,Laptop/Desktop,Medium,Organic,Digital confidence,1.0,On track,Completed,1,51.3,74.9,23.6,,,Not measured,0,,
EN02169,PT0609,CH060,PRG06,Project Delivery Fundamentals,Operations,Workforce Development,English,Virtual,TR07,Penang,2025-09-22,2025-11-17,2025-09-01,Johor,Johor Bahru,25-34,Male,Student,Laptop/Desktop,High,Organic,Job search,0.875,On track,Completed,1,72.7,91.7,19.0,4.0,9.0,Not measured,0,,
EN02170,PT0067,CH060,PRG06,Project Delivery Fundamentals,Operations,Workforce Development,English,Virtual,TR07,Penang,2025-09-22,2025-11-17,2025-09-01,Kuala Lumpur,South,35-44,Male,Student,Laptop/Desktop,Medium,Employer,Job search,0.5,Watch,Completed,1,40.4,65.8,25.4,4.0,5.0,Not measured,0,,
EN02171,PT0594,CH060,PRG06,Project Delivery Fundamentals,Operations,Workforce Development,English,Virtual,TR07,Penang,2025-09-22,2025-11-17,2025-09-01,Kuala Lumpur,Central,35-44,Male,Job seeker,Shared device,Medium,Organic,Digital confidence,0.625,Watch,Completed,1,50.8,69.7,18.9,,,Not measured,1,15.2,1.0
EN02172,PT0602,CH060,PRG06,Project Delivery Fundamentals,Operations,Workforce Development,English,Virtual,TR07,Penang,2025-09-22,2025-11-17,2025-09-01,Kuala Lumpur,Central,35-44,Male,Employed,Mobile,High,Community partner,Job search,0.875,On track,Completed,1,54.4,79.2,24.8,,,Not measured,2,24.5,0.5
EN02173,PT0543,CH061,PRG01,Data Foundations,Data & Digital,Career Transition,English,Hybrid,TR07,Kuala Lumpur,2025-10-13,2025-12-08,2025-10-01,Selangor,Klang,25-34,Female,Job seeker,Mobile,Medium,Organic,Job search,1.0,On track,Completed,1,27.6,54.6,27.0,4.0,7.0,New role,0,,
EN02174,PT0254,CH061,PRG01,Data Foundations,Data & Digital,Career Transition,English,Hybrid,TR07,Kuala Lumpur,2025-10-13,2025-12-08,2025-10-01,Selangor,Petaling,25-34,Male,Student,Mobile,High,Community partner,Career growth,0.625,Watch,Dropped,0,46.0,73.3,27.3,4.0,8.0,Not measured,0,,
EN02175,PT0023,CH061,PRG01,Data Foundations,Data & Digital,Career Transition,English,Hybrid,TR07,Kuala Lumpur,2025-10-13,2025-12-08,2025-10-01,Sabah,Kota Kinabalu,35-44,Female,Employed,Laptop/Desktop,High,Community partner,Career growth,1.0,On track,Completed,1,78.1,100.0,21.9,,,No change reported,0,,
EN02176,PT0095,CH061,PRG01,Data Foundations,Data & Digital,Career Transition,English,Hybrid,TR07,Kuala Lumpur,2025-10-13,2025-12-08,2025-10-01,Kuala Lumpur,South,35-44,Male,Employed,Laptop/Desktop,Medium,Employer,Digital confidence,0.875,On track,Completed,1,22.4,45.6,23.2,4.0,7.0,Interview secured,0,,
EN02177,PT0482,CH061,PRG01,Data Foundations,Data & Digital,Career Transition,English,Hybrid,TR07,Kuala Lumpur,2025-10-13,2025-12-08,2025-10-01,Johor,Muar,35-44,Female,Employed,Mobile,Medium,Employer,Digital confidence,0.625,Watch,Completed,1,58.0,80.3,22.3,3.0,7.0,Interview secured,0,,
EN02178,PT0141,CH061,PRG01,Data Foundations,Data & Digital,Career Transition,English,Hybrid,TR07,Kuala Lumpur,2025-10-13,2025-12-08,2025-10-01,Kuala Lumpur,North,18-24,Male,Employed,Mobile,Medium,Community partner,Job search,0.625,Watch,Dropped,0,44.4,64.5,20.1,,,Not measured,0,,
EN02179,PT0566,CH061,PRG01,Data Foundations,Data & Digital,Career Transition,English,Hybrid,TR07,Kuala Lumpur,2025-10-13,2025-12-08,2025-10-01,Selangor,Petaling,35-44,Female,Self-employed,Laptop/Desktop,High,Organic,Job search,1.0,On track,Completed,1,46.3,70.8,24.5,4.0,8.0,No change reported,0,,
EN02180,PT0528,CH061,PRG01,Data Foundations,Data & Digital,Career Transition,English,Hybrid,TR07,Kuala Lumpur,2025-10-13,2025-12-08,2025-10-01,Penang,George Town,45+,Female,Job seeker,Mobile,Low,Community partner,Job search,0.875,On track,Completed,1,70.1,86.6,16.5,4.0,8.0,Interview secured,1,34.6,0.0
EN02181,PT0237,CH061,PRG01,Data Foundations,Data & Digital,Career Transition,English,Hybrid,TR07,Kuala Lumpur,2025-10-13,2025-12-08,2025-10-01,Sarawak,Miri,45+,Male,Student,Mobile,Low,Community partner,Job search,0.75,On track,Completed,1,36.7,54.6,17.9,4.0,10.0,New role,1,21.2,1.0
EN02182,PT0544,CH061,PRG01,Data Foundations,Data & Digital,Career Transition,English,Hybrid,TR07,Kuala Lumpur,2025-10-13,2025-12-08,2025-10-01,Johor,Muar,25-34,Female,Job seeker,Laptop/Desktop,Medium,Employer,Career growth,1.0,On track,Completed,1,56.3,81.4,25.1,5.0,9.0,New role,2,35.0,0.5
EN02183,PT0335,CH061,PRG01,Data Foundations,Data & Digital,Career Transition,English,Hybrid,TR07,Kuala Lumpur,2025-10-13,2025-12-08,2025-10-01,Sabah,Sandakan,18-24,Male,Self-employed,Mobile,Medium,Organic,Career growth,0.75,On track,Completed,1,33.0,55.3,22.3,3.0,3.0,No change reported,0,,
EN02184,PT0487,CH061,PRG01,Data Foundations,Data & Digital,Career Transition,English,Hybrid,TR07,Kuala Lumpur,2025-10-13,2025-12-08,2025-10-01,Johor,Johor Bahru,18-24,Female,Job seeker,Mobile,Medium,Community partner,Job search,0.875,On track,Completed,1,71.8,96.2,24.4,4.0,8.0,No change reported,0,,
EN02185,PT0751,CH061,PRG01,Data Foundations,Data & Digital,Career Transition,English,Hybrid,TR07,Kuala Lumpur,2025-10-13,2025-12-08,2025-10-01,Johor,Muar,25-34,Female,Student,Laptop/Desktop,Low,Community partner,Digital confidence,0.75,On track,Completed,1,23.2,49.4,26.2,4.0,9.0,No change reported,0,,
EN02186,PT0639,CH061,PRG01,Data Foundations,Data & Digital,Career Transition,English,Hybrid,TR07,Kuala Lumpur,2025-10-13,2025-12-08,2025-10-01,Selangor,Shah Alam,25-34,Female,Employed,Mobile,Medium,Employer,Digital confidence,0.75,On track,Dropped,0,52.6,78.8,26.2,4.0,7.0,Not measured,0,,
EN02187,PT0617,CH061,PRG01,Data Foundations,Data & Digital,Career Transition,English,Hybrid,TR07,Kuala Lumpur,2025-10-13,2025-12-08,2025-10-01,Kuala Lumpur,South,35-44,Male,Self-employed,Laptop/Desktop,Medium,Community partner,Job search,1.0,On track,Completed,1,65.6,83.3,17.7,4.0,8.0,No change reported,0,,
EN02188,PT0271,CH061,PRG01,Data Foundations,Data & Digital,Career Transition,English,Hybrid,TR07,Kuala Lumpur,2025-10-13,2025-12-08,2025-10-01,Selangor,Shah Alam,18-24,Male,Job seeker,Mobile,Medium,Organic,Employer requirement,0.625,Watch,Completed,1,63.8,78.7,14.9,4.0,7.0,Interview secured,0,,
EN02189,PT0762,CH061,PRG01,Data Foundations,Data & Digital,Career Transition,English,Hybrid,TR07,Kuala Lumpur,2025-10-13,2025-12-08,2025-10-01,Penang,Seberang Perai,25-34,Female,Employed,Mobile,Medium,Community partner,Career growth,0.875,On track,Completed,1,77.0,100.0,23.0,5.0,10.0,No change reported,1,45.5,1.0
EN02190,PT0130,CH061,PRG01,Data Foundations,Data & Digital,Career Transition,English,Hybrid,TR07,Kuala Lumpur,2025-10-13,2025-12-08,2025-10-01,Johor,Johor Bahru,35-44,Female,Employed,Laptop/Desktop,Medium,Employer,Job search,0.75,On track,Completed,1,27.4,53.3,25.9,4.0,8.0,Interview secured,0,,
EN02191,PT0745,CH061,PRG01,Data Foundations,Data & Digital,Career Transition,English,Hybrid,TR07,Kuala Lumpur,2025-10-13,2025-12-08,2025-10-01,Penang,Seberang Perai,45+,Female,Student,Laptop/Desktop,High,Community partner,Digital confidence,1.0,On track,Completed,1,41.3,63.1,21.8,4.0,8.0,New role,1,42.8,1.0
EN02192,PT0298,CH061,PRG01,Data Foundations,Data & Digital,Career Transition,English,Hybrid,TR07,Kuala Lumpur,2025-10-13,2025-12-08,2025-10-01,Johor,Muar,45+,Male,Job seeker,Mobile,Medium,Community partner,Job search,1.0,On track,Completed,1,66.9,100.0,33.1,5.0,10.0,Interview secured,0,,
EN02193,PT0754,CH061,PRG01,Data Foundations,Data & Digital,Career Transition,English,Hybrid,TR07,Kuala Lumpur,2025-10-13,2025-12-08,2025-10-01,Johor,Muar,25-34,Male,Job seeker,Shared device,High,Organic,Job search,1.0,On track,Completed,1,78.3,100.0,21.7,5.0,10.0,New role,1,49.3,0.0
EN02194,PT0408,CH061,PRG01,Data Foundations,Data & Digital,Career Transition,English,Hybrid,TR07,Kuala Lumpur,2025-10-13,2025-12-08,2025-10-01,Sabah,Sandakan,18-24,Female,Self-employed,Mobile,Medium,Community partner,Career growth,0.875,On track,Completed,1,61.5,85.8,24.3,,,No change reported,0,,
EN02195,PT0493,CH061,PRG01,Data Foundations,Data & Digital,Career Transition,English,Hybrid,TR07,Kuala Lumpur,2025-10-13,2025-12-08,2025-10-01,Kuala Lumpur,Central,35-44,Female,Employed,Mobile,Medium,Employer,Job search,0.75,On track,Completed,1,51.8,81.6,29.8,4.0,8.0,No change reported,1,6.6,1.0
EN02196,PT0030,CH061,PRG01,Data Foundations,Data & Digital,Career Transition,English,Hybrid,TR07,Kuala Lumpur,2025-10-13,2025-12-08,2025-10-01,Johor,Johor Bahru,25-34,Female,Job seeker,Laptop/Desktop,Medium,Employer,Career growth,0.875,On track,Completed,1,52.9,74.5,21.6,4.0,7.0,New role,0,,
EN02197,PT0270,CH061,PRG01,Data Foundations,Data & Digital,Career Transition,English,Hybrid,TR07,Kuala Lumpur,2025-10-13,2025-12-08,2025-10-01,Sabah,Sandakan,18-24,Female,Job seeker,Mobile,High,Community partner,Employer requirement,0.875,On track,Completed,1,65.3,94.5,29.2,4.0,7.0,No change reported,0,,
EN02198,PT0704,CH061,PRG01,Data Foundations,Data & Digital,Career Transition,English,Hybrid,TR07,Kuala Lumpur,2025-10-13,2025-12-08,2025-10-01,Kuala Lumpur,Central,35-44,Female,Employed,Mobile,Medium,Referral,Digital confidence,0.875,On track,Completed,1,70.6,91.8,21.2,3.0,4.0,No change reported,0,,
EN02199,PT0148,CH061,PRG01,Data Foundations,Data & Digital,Career Transition,English,Hybrid,TR07,Kuala Lumpur,2025-10-13,2025-12-08,2025-10-01,Sabah,Kota Kinabalu,25-34,Male,Student,Mobile,Medium,Organic,Digital confidence,0.375,High risk,Dropped,0,63.0,74.1,11.1,3.0,5.0,Not measured,0,,
EN02200,PT0016,CH061,PRG01,Data Foundations,Data & Digital,Career Transition,English,Hybrid,TR07,Kuala Lumpur,2025-10-13,2025-12-08,2025-10-01,Penang,George Town,25-34,Female,Student,Mobile,Medium,Organic,Job search,0.75,On track,Completed,1,65.9,93.0,27.1,4.0,8.0,New role,1,23.4,1.0
EN02201,PT0354,CH061,PRG01,Data Foundations,Data & Digital,Career Transition,English,Hybrid,TR07,Kuala Lumpur,2025-10-13,2025-12-08,2025-10-01,Johor,Muar,18-24,Male,Job seeker,Shared device,High,Community partner,Digital confidence,0.875,On track,Completed,1,64.2,87.8,23.6,3.0,7.0,Interview secured,0,,
EN02202,PT0458,CH061,PRG01,Data Foundations,Data & Digital,Career Transition,English,Hybrid,TR07,Kuala Lumpur,2025-10-13,2025-12-08,2025-10-01,Sarawak,Miri,25-34,Male,Self-employed,Mobile,Low,Community partner,Career growth,0.75,On track,Dropped,0,50.2,83.5,33.3,3.0,5.0,Not measured,0,,
EN02203,PT0651,CH062,PRG02,Business Analytics Essentials,Data & Digital,Career Transition,English,Hybrid,TR12,Sabah,2025-10-20,2025-12-29,2025-10-01,Johor,Muar,45+,Male,Employed,Laptop/Desktop,Low,Employer,Career growth,0.9,On track,Completed,1,41.4,71.0,29.6,4.0,9.0,Interview secured,1,5.1,1.0
EN02204,PT0026,CH062,PRG02,Business Analytics Essentials,Data & Digital,Career Transition,English,Hybrid,TR12,Sabah,2025-10-20,2025-12-29,2025-10-01,Sarawak,Miri,18-24,Female,Employed,Mobile,High,Referral,Employer requirement,0.6,Watch,Completed,1,45.4,56.8,11.4,4.0,8.0,No change reported,1,22.4,1.0
EN02205,PT0119,CH062,PRG02,Business Analytics Essentials,Data & Digital,Career Transition,English,Hybrid,TR12,Sabah,2025-10-20,2025-12-29,2025-10-01,Kuala Lumpur,Central,25-34,Male,Job seeker,Mobile,High,Organic,Job search,0.9,On track,Completed,1,47.2,67.5,20.3,,,Interview secured,0,,
EN02206,PT0304,CH062,PRG02,Business Analytics Essentials,Data & Digital,Career Transition,English,Hybrid,TR12,Sabah,2025-10-20,2025-12-29,2025-10-01,Penang,Seberang Perai,25-34,Female,Job seeker,Mobile,Medium,Community partner,Job search,0.9,On track,Completed,1,38.4,60.7,22.3,4.0,5.0,Interview secured,0,,
EN02207,PT0255,CH062,PRG02,Business Analytics Essentials,Data & Digital,Career Transition,English,Hybrid,TR12,Sabah,2025-10-20,2025-12-29,2025-10-01,Selangor,Petaling,35-44,Female,Job seeker,Mobile,Medium,Community partner,Career growth,0.7,Watch,Completed,1,55.1,67.2,12.1,,,Interview secured,0,,
EN02208,PT0097,CH062,PRG02,Business Analytics Essentials,Data & Digital,Career Transition,English,Hybrid,TR12,Sabah,2025-10-20,2025-12-29,2025-10-01,Selangor,Shah Alam,25-34,Male,Self-employed,Laptop/Desktop,High,Employer,Digital confidence,0.9,On track,Completed,1,88.0,100.0,12.0,4.0,5.0,No change reported,0,,
EN02209,PT0023,CH062,PRG02,Business Analytics Essentials,Data & Digital,Career Transition,English,Hybrid,TR12,Sabah,2025-10-20,2025-12-29,2025-10-01,Sabah,Kota Kinabalu,35-44,Female,Employed,Laptop/Desktop,High,Employer,Career growth,0.9,On track,Dropped,0,67.9,90.9,23.0,4.0,6.0,Not measured,0,,
EN02210,PT0046,CH062,PRG02,Business Analytics Essentials,Data & Digital,Career Transition,English,Hybrid,TR12,Sabah,2025-10-20,2025-12-29,2025-10-01,Selangor,Shah Alam,35-44,Female,Self-employed,Mobile,Medium,Organic,Job search,0.9,On track,Dropped,0,45.1,68.0,22.9,5.0,10.0,Not measured,0,,
EN02211,PT0721,CH062,PRG02,Business Analytics Essentials,Data & Digital,Career Transition,English,Hybrid,TR12,Sabah,2025-10-20,2025-12-29,2025-10-01,Kuala Lumpur,North,25-34,Male,Job seeker,Mobile,Medium,Organic,Career growth,0.8,On track,Completed,1,60.0,81.2,21.2,5.0,10.0,Interview secured,1,19.8,1.0
EN02212,PT0111,CH062,PRG02,Business Analytics Essentials,Data & Digital,Career Transition,English,Hybrid,TR12,Sabah,2025-10-20,2025-12-29,2025-10-01,Kuala Lumpur,South,25-34,Male,Job seeker,Mobile,Medium,Community partner,Career growth,0.8,On track,Completed,1,66.8,89.0,22.2,4.0,7.0,No change reported,0,,
EN02213,PT0507,CH062,PRG02,Business Analytics Essentials,Data & Digital,Career Transition,English,Hybrid,TR12,Sabah,2025-10-20,2025-12-29,2025-10-01,Penang,George Town,35-44,Male,Employed,Shared device,Medium,Employer,Digital confidence,0.6,Watch,In progress / incomplete,0,43.6,62.1,18.5,,,Not measured,2,19.0,1.0
EN02214,PT0390,CH062,PRG02,Business Analytics Essentials,Data & Digital,Career Transition,English,Hybrid,TR12,Sabah,2025-10-20,2025-12-29,2025-10-01,Penang,George Town,25-34,Female,Employed,Laptop/Desktop,High,Employer,Job search,0.9,On track,Completed,1,60.7,98.4,37.7,5.0,10.0,No change reported,2,21.8,1.0
EN02215,PT0082,CH062,PRG02,Business Analytics Essentials,Data & Digital,Career Transition,English,Hybrid,TR12,Sabah,2025-10-20,2025-12-29,2025-10-01,Johor,Johor Bahru,25-34,Female,Job seeker,Mobile,Medium,Organic,Employer requirement,0.8,On track,In progress / incomplete,0,28.8,56.7,27.9,,,Not measured,0,,
EN02216,PT0287,CH062,PRG02,Business Analytics Essentials,Data & Digital,Career Transition,English,Hybrid,TR12,Sabah,2025-10-20,2025-12-29,2025-10-01,Selangor,Klang,25-34,Male,Student,Laptop/Desktop,High,Community partner,Career growth,0.9,On track,Dropped,0,48.1,70.3,22.2,,,Not measured,2,26.4,1.0
EN02217,PT0485,CH062,PRG02,Business Analytics Essentials,Data & Digital,Career Transition,English,Hybrid,TR12,Sabah,2025-10-20,2025-12-29,2025-10-01,Kuala Lumpur,North,35-44,Female,Employed,Mobile,Medium,Referral,Digital confidence,0.4,High risk,Completed,1,47.1,56.3,9.2,,,Interview secured,0,,
EN02218,PT0496,CH062,PRG02,Business Analytics Essentials,Data & Digital,Career Transition,English,Hybrid,TR12,Sabah,2025-10-20,2025-12-29,2025-10-01,Penang,Seberang Perai,18-24,Male,Student,Mobile,Low,Organic,Digital confidence,0.6,Watch,Completed,1,70.9,85.7,14.8,4.0,8.0,No change reported,2,27.2,1.0
EN02219,PT0242,CH062,PRG02,Business Analytics Essentials,Data & Digital,Career Transition,English,Hybrid,TR12,Sabah,2025-10-20,2025-12-29,2025-10-01,Kuala Lumpur,South,45+,Male,Employed,Mobile,Low,Organic,Digital confidence,0.5,Watch,Completed,1,40.1,48.5,8.4,4.0,8.0,New role,0,,
EN02220,PT0503,CH062,PRG02,Business Analytics Essentials,Data & Digital,Career Transition,English,Hybrid,TR12,Sabah,2025-10-20,2025-12-29,2025-10-01,Kuala Lumpur,South,35-44,Female,Job seeker,Laptop/Desktop,Low,Organic,Job search,0.8,On track,Completed,1,49.7,68.4,18.7,3.0,4.0,No change reported,0,,
EN02221,PT0331,CH062,PRG02,Business Analytics Essentials,Data & Digital,Career Transition,English,Hybrid,TR12,Sabah,2025-10-20,2025-12-29,2025-10-01,Penang,George Town,25-34,Male,Student,Mobile,High,Organic,Career growth,0.9,On track,Completed,1,44.2,71.8,27.6,4.0,7.0,No change reported,0,,
EN02222,PT0226,CH062,PRG02,Business Analytics Essentials,Data & Digital,Career Transition,English,Hybrid,TR12,Sabah,2025-10-20,2025-12-29,2025-10-01,Kuala Lumpur,North,45+,Female,Self-employed,Mobile,Low,Community partner,Employer requirement,0.5,Watch,Completed,1,47.6,60.2,12.6,3.0,5.0,New role,2,20.9,0.5
EN02223,PT0100,CH062,PRG02,Business Analytics Essentials,Data & Digital,Career Transition,English,Hybrid,TR12,Sabah,2025-10-20,2025-12-29,2025-10-01,Selangor,Petaling,18-24,Female,Employed,Mobile,High,Organic,Job search,0.8,On track,Completed,1,49.2,71.6,22.4,4.0,10.0,Interview secured,0,,
EN02224,PT0319,CH062,PRG02,Business Analytics Essentials,Data & Digital,Career Transition,English,Hybrid,TR12,Sabah,2025-10-20,2025-12-29,2025-10-01,Penang,Seberang Perai,35-44,Female,Student,Mobile,Low,Referral,Career growth,0.7,Watch,Completed,1,51.5,72.8,21.3,4.0,8.0,Interview secured,0,,
EN02225,PT0700,CH062,PRG02,Business Analytics Essentials,Data & Digital,Career Transition,English,Hybrid,TR12,Sabah,2025-10-20,2025-12-29,2025-10-01,Selangor,Petaling,25-34,Female,Self-employed,Mobile,Medium,Referral,Employer requirement,0.7,Watch,Completed,1,39.6,62.6,23.0,4.0,7.0,No change reported,0,,
EN02226,PT0392,CH062,PRG02,Business Analytics Essentials,Data & Digital,Career Transition,English,Hybrid,TR12,Sabah,2025-10-20,2025-12-29,2025-10-01,Kuala Lumpur,Central,35-44,Male,Student,Mobile,Medium,Organic,Career growth,0.7,Watch,Completed,1,50.4,73.5,23.1,4.0,7.0,New role,0,,
EN02227,PT0521,CH062,PRG02,Business Analytics Essentials,Data & Digital,Career Transition,English,Hybrid,TR12,Sabah,2025-10-20,2025-12-29,2025-10-01,Penang,George Town,35-44,Female,Employed,Laptop/Desktop,High,Community partner,Job search,1.0,On track,Completed,1,55.9,76.6,20.7,,,New role,0,,
EN02228,PT0068,CH062,PRG02,Business Analytics Essentials,Data & Digital,Career Transition,English,Hybrid,TR12,Sabah,2025-10-20,2025-12-29,2025-10-01,Sarawak,Kuching,18-24,Male,Employed,Mobile,Medium,Employer,Digital confidence,0.5,Watch,Completed,1,83.7,100.0,16.3,,,Interview secured,0,,
EN02229,PT0163,CH062,PRG02,Business Analytics Essentials,Data & Digital,Career Transition,English,Hybrid,TR12,Sabah,2025-10-20,2025-12-29,2025-10-01,Sabah,Kota Kinabalu,25-34,Female,Job seeker,Mobile,Medium,Employer,Job search,0.7,Watch,Completed,1,20.0,36.4,16.4,4.0,7.0,Interview secured,0,,
EN02230,PT0624,CH062,PRG02,Business Analytics Essentials,Data & Digital,Career Transition,English,Hybrid,TR12,Sabah,2025-10-20,2025-12-29,2025-10-01,Sarawak,Kuching,25-34,Female,Self-employed,Laptop/Desktop,Medium,Organic,Job search,0.8,On track,Completed,1,66.3,89.0,22.7,4.0,7.0,No change reported,0,,
EN02231,PT0083,CH062,PRG02,Business Analytics Essentials,Data & Digital,Career Transition,English,Hybrid,TR12,Sabah,2025-10-20,2025-12-29,2025-10-01,Sarawak,Miri,25-34,Female,Employed,Mobile,Medium,Employer,Career growth,0.8,On track,Completed,1,64.8,92.7,27.9,3.0,7.0,No change reported,0,,
EN02232,PT0669,CH062,PRG02,Business Analytics Essentials,Data & Digital,Career Transition,English,Hybrid,TR12,Sabah,2025-10-20,2025-12-29,2025-10-01,Johor,Johor Bahru,45+,Female,Self-employed,Mobile,Low,Community partner,Job search,0.5,Watch,In progress / incomplete,0,55.3,68.3,13.0,,,Not measured,1,59.9,0.0
EN02233,PT0362,CH062,PRG02,Business Analytics Essentials,Data & Digital,Career Transition,English,Hybrid,TR12,Sabah,2025-10-20,2025-12-29,2025-10-01,Sarawak,Kuching,25-34,Male,Student,Mobile,Medium,Community partner,Digital confidence,1.0,On track,Completed,1,46.1,80.1,34.0,,,Interview secured,0,,
EN02234,PT0310,CH062,PRG02,Business Analytics Essentials,Data & Digital,Career Transition,English,Hybrid,TR12,Sabah,2025-10-20,2025-12-29,2025-10-01,Penang,Seberang Perai,25-34,Female,Employed,Laptop/Desktop,High,Employer,Job search,0.9,On track,Completed,1,45.4,76.1,30.7,5.0,10.0,Interview secured,0,,
EN02235,PT0727,CH062,PRG02,Business Analytics Essentials,Data & Digital,Career Transition,English,Hybrid,TR12,Sabah,2025-10-20,2025-12-29,2025-10-01,Kuala Lumpur,North,35-44,Female,Employed,Laptop/Desktop,Medium,Referral,Career growth,0.9,On track,In progress / incomplete,0,60.8,86.9,26.1,5.0,10.0,Not measured,0,,
EN02236,PT0413,CH062,PRG02,Business Analytics Essentials,Data & Digital,Career Transition,English,Hybrid,TR12,Sabah,2025-10-20,2025-12-29,2025-10-01,Sabah,Sandakan,18-24,Female,Job seeker,Mobile,Low,Employer,Career growth,0.7,Watch,Completed,1,72.0,89.5,17.5,4.0,10.0,No change reported,0,,
EN02237,PT0165,CH063,PRG03,Digital Workplace Skills,Employability,Community Upskilling,Malay,In-person,TR05,Sabah,2025-10-13,2025-11-24,2025-10-01,Johor,Johor Bahru,25-34,Male,Job seeker,Laptop/Desktop,Low,Organic,Digital confidence,0.5,Watch,Completed,1,39.8,57.0,17.2,3.0,4.0,Not measured,1,69.7,0.0
EN02238,PT0743,CH063,PRG03,Digital Workplace Skills,Employability,Community Upskilling,Malay,In-person,TR05,Sabah,2025-10-13,2025-11-24,2025-10-01,Selangor,Shah Alam,35-44,Male,Employed,Mobile,Medium,Organic,Career growth,0.6667,Watch,Completed,1,37.8,50.4,12.6,3.0,5.0,Not measured,0,,
EN02239,PT0538,CH063,PRG03,Digital Workplace Skills,Employability,Community Upskilling,Malay,In-person,TR05,Sabah,2025-10-13,2025-11-24,2025-10-01,Kuala Lumpur,North,45+,Female,Job seeker,Mobile,Medium,Referral,Digital confidence,0.8333,On track,Completed,1,52.8,72.0,19.2,4.0,10.0,Not measured,1,3.8,1.0
EN02240,PT0188,CH063,PRG03,Digital Workplace Skills,Employability,Community Upskilling,Malay,In-person,TR05,Sabah,2025-10-13,2025-11-24,2025-10-01,Kuala Lumpur,South,35-44,Female,Employed,Mobile,High,Referral,Job search,1.0,On track,Completed,1,68.5,90.6,22.1,4.0,8.0,Not measured,0,,
EN02241,PT0008,CH063,PRG03,Digital Workplace Skills,Employability,Community Upskilling,Malay,In-person,TR05,Sabah,2025-10-13,2025-11-24,2025-10-01,Sabah,Kota Kinabalu,25-34,Female,Job seeker,Mobile,High,Organic,Job search,1.0,On track,Completed,1,57.7,88.7,31.0,5.0,9.0,Not measured,0,,
EN02242,PT0084,CH063,PRG03,Digital Workplace Skills,Employability,Community Upskilling,Malay,In-person,TR05,Sabah,2025-10-13,2025-11-24,2025-10-01,Sarawak,Kuching,18-24,Male,Job seeker,Shared device,Medium,Community partner,Job search,0.5,Watch,Completed,1,50.6,64.6,14.0,3.0,6.0,Not measured,0,,
EN02243,PT0470,CH063,PRG03,Digital Workplace Skills,Employability,Community Upskilling,Malay,In-person,TR05,Sabah,2025-10-13,2025-11-24,2025-10-01,Kuala Lumpur,Central,18-24,Male,Student,Laptop/Desktop,Medium,Community partner,Job search,1.0,On track,Completed,1,53.4,71.0,17.6,4.0,7.0,Not measured,0,,
EN02244,PT0135,CH063,PRG03,Digital Workplace Skills,Employability,Community Upskilling,Malay,In-person,TR05,Sabah,2025-10-13,2025-11-24,2025-10-01,Kuala Lumpur,South,25-34,Female,Self-employed,Mobile,High,Community partner,Career growth,0.3333,High risk,Completed,1,60.2,86.5,26.3,3.0,5.0,Not measured,0,,
EN02245,PT0674,CH063,PRG03,Digital Workplace Skills,Employability,Community Upskilling,Malay,In-person,TR05,Sabah,2025-10-13,2025-11-24,2025-10-01,Kuala Lumpur,South,18-24,Female,Student,Mobile,High,Referral,Career growth,1.0,On track,Completed,1,64.7,94.7,30.0,,,Not measured,1,9.3,1.0
EN02246,PT0260,CH063,PRG03,Digital Workplace Skills,Employability,Community Upskilling,Malay,In-person,TR05,Sabah,2025-10-13,2025-11-24,2025-10-01,Kuala Lumpur,North,35-44,Male,Self-employed,Laptop/Desktop,Low,Community partner,Job search,0.8333,On track,Completed,1,53.7,85.4,31.7,5.0,10.0,Not measured,1,35.8,0.0
EN02247,PT0569,CH063,PRG03,Digital Workplace Skills,Employability,Community Upskilling,Malay,In-person,TR05,Sabah,2025-10-13,2025-11-24,2025-10-01,Sarawak,Miri,35-44,Female,Employed,Mobile,High,Organic,Career growth,1.0,On track,Completed,1,62.6,84.2,21.6,4.0,7.0,Not measured,0,,
EN02248,PT0751,CH063,PRG03,Digital Workplace Skills,Employability,Community Upskilling,Malay,In-person,TR05,Sabah,2025-10-13,2025-11-24,2025-10-01,Johor,Muar,25-34,Female,Student,Laptop/Desktop,Low,Community partner,Employer requirement,0.8333,On track,Completed,1,51.0,76.1,25.1,4.0,7.0,Not measured,1,27.7,0.0
EN02249,PT0413,CH063,PRG03,Digital Workplace Skills,Employability,Community Upskilling,Malay,In-person,TR05,Sabah,2025-10-13,2025-11-24,2025-10-01,Sabah,Sandakan,18-24,Female,Job seeker,Mobile,Low,Referral,Career growth,0.8333,On track,Completed,1,39.2,62.2,23.0,4.0,7.0,Not measured,0,,
EN02250,PT0267,CH063,PRG03,Digital Workplace Skills,Employability,Community Upskilling,Malay,In-person,TR05,Sabah,2025-10-13,2025-11-24,2025-10-01,Sarawak,Miri,35-44,Male,Employed,Laptop/Desktop,Low,Organic,Digital confidence,0.3333,High risk,Completed,1,40.9,57.2,16.3,4.0,7.0,Not measured,1,14.3,1.0
EN02251,PT0772,CH063,PRG03,Digital Workplace Skills,Employability,Community Upskilling,Malay,In-person,TR05,Sabah,2025-10-13,2025-11-24,2025-10-01,Selangor,Petaling,18-24,Female,Employed,Mobile,Low,Community partner,Career growth,1.0,On track,Completed,1,55.3,81.3,26.0,4.0,8.0,Not measured,0,,
EN02252,PT0448,CH063,PRG03,Digital Workplace Skills,Employability,Community Upskilling,Malay,In-person,TR05,Sabah,2025-10-13,2025-11-24,2025-10-01,Sabah,Kota Kinabalu,18-24,Male,Employed,Mobile,High,Referral,Job search,0.6667,Watch,In progress / incomplete,0,60.9,75.3,14.4,4.0,10.0,Not measured,0,,
EN02253,PT0431,CH063,PRG03,Digital Workplace Skills,Employability,Community Upskilling,Malay,In-person,TR05,Sabah,2025-10-13,2025-11-24,2025-10-01,Penang,Seberang Perai,45+,Female,Student,Laptop/Desktop,Medium,Employer,Career growth,1.0,On track,Completed,1,52.0,71.7,19.7,5.0,10.0,Not measured,0,,
EN02254,PT0577,CH063,PRG03,Digital Workplace Skills,Employability,Community Upskilling,Malay,In-person,TR05,Sabah,2025-10-13,2025-11-24,2025-10-01,Sarawak,Kuching,35-44,Female,Job seeker,Mobile,Medium,Organic,Digital confidence,0.5,Watch,Dropped,0,66.7,86.7,20.0,4.0,8.0,Not measured,1,12.4,1.0
EN02255,PT0244,CH063,PRG03,Digital Workplace Skills,Employability,Community Upskilling,Malay,In-person,TR05,Sabah,2025-10-13,2025-11-24,2025-10-01,Kuala Lumpur,South,35-44,Male,Employed,Mobile,Medium,Organic,Digital confidence,0.8333,On track,In progress / incomplete,0,50.8,78.8,28.0,,,Not measured,1,4.4,1.0
EN02256,PT0741,CH063,PRG03,Digital Workplace Skills,Employability,Community Upskilling,Malay,In-person,TR05,Sabah,2025-10-13,2025-11-24,2025-10-01,Johor,Muar,25-34,Male,Employed,Mobile,Medium,Community partner,Digital confidence,0.8333,On track,Completed,1,37.2,68.8,31.6,4.0,8.0,Not measured,0,,
EN02257,PT0023,CH063,PRG03,Digital Workplace Skills,Employability,Community Upskilling,Malay,In-person,TR05,Sabah,2025-10-13,2025-11-24,2025-10-01,Sabah,Kota Kinabalu,35-44,Female,Employed,Laptop/Desktop,High,Referral,Employer requirement,1.0,On track,Completed,1,65.6,99.6,34.0,4.0,7.0,Not measured,0,,
EN02258,PT0114,CH063,PRG03,Digital Workplace Skills,Employability,Community Upskilling,Malay,In-person,TR05,Sabah,2025-10-13,2025-11-24,2025-10-01,Sarawak,Kuching,18-24,Female,Self-employed,Mobile,Low,Community partner,Digital confidence,0.6667,Watch,Completed,1,72.8,89.0,16.2,,,Not measured,1,32.2,0.0
EN02259,PT0468,CH063,PRG03,Digital Workplace Skills,Employability,Community Upskilling,Malay,In-person,TR05,Sabah,2025-10-13,2025-11-24,2025-10-01,Penang,George Town,18-24,Male,Employed,Mobile,High,Organic,Job search,1.0,On track,Completed,1,39.2,57.5,18.3,,,Not measured,0,,
EN02260,PT0173,CH063,PRG03,Digital Workplace Skills,Employability,Community Upskilling,Malay,In-person,TR05,Sabah,2025-10-13,2025-11-24,2025-10-01,Sabah,Kota Kinabalu,35-44,Male,Job seeker,Mobile,Medium,Employer,Employer requirement,0.8333,On track,Dropped,0,37.3,53.8,16.5,4.0,8.0,Not measured,1,16.0,0.0
EN02261,PT0533,CH063,PRG03,Digital Workplace Skills,Employability,Community Upskilling,Malay,In-person,TR05,Sabah,2025-10-13,2025-11-24,2025-10-01,Sarawak,Kuching,25-34,Female,Employed,Mobile,High,Organic,Career growth,0.6667,Watch,Completed,1,56.6,74.5,17.9,3.0,5.0,Not measured,1,31.2,0.0
EN02262,PT0109,CH063,PRG03,Digital Workplace Skills,Employability,Community Upskilling,Malay,In-person,TR05,Sabah,2025-10-13,2025-11-24,2025-10-01,Kuala Lumpur,South,25-34,Male,Employed,Mobile,Low,Community partner,Job search,0.5,Watch,Completed,1,77.8,83.3,5.5,2.0,1.0,Not measured,0,,
EN02263,PT0525,CH063,PRG03,Digital Workplace Skills,Employability,Community Upskilling,Malay,In-person,TR05,Sabah,2025-10-13,2025-11-24,2025-10-01,Selangor,Petaling,35-44,Female,Employed,Mobile,Low,Organic,Career growth,0.8333,On track,Completed,1,51.6,76.8,25.2,4.0,6.0,Not measured,0,,
EN02264,PT0247,CH063,PRG03,Digital Workplace Skills,Employability,Community Upskilling,Malay,In-person,TR05,Sabah,2025-10-13,2025-11-24,2025-10-01,Sabah,Sandakan,18-24,Male,Job seeker,Shared device,Low,Community partner,Job search,0.5,Watch,Dropped,0,24.1,44.2,20.1,3.0,6.0,Not measured,0,,
EN02265,PT0426,CH063,PRG03,Digital Workplace Skills,Employability,Community Upskilling,Malay,In-person,TR05,Sabah,2025-10-13,2025-11-24,2025-10-01,Sabah,Kota Kinabalu,18-24,Female,Job seeker,Laptop/Desktop,High,Community partner,Job search,1.0,On track,Completed,1,45.0,68.1,23.1,,,Not measured,1,12.6,1.0
EN02266,PT0582,CH063,PRG03,Digital Workplace Skills,Employability,Community Upskilling,Malay,In-person,TR05,Sabah,2025-10-13,2025-11-24,2025-10-01,Selangor,Petaling,35-44,Female,Self-employed,Mobile,Medium,Employer,Career growth,0.8333,On track,Completed,1,20.0,48.1,28.1,4.0,7.0,Not measured,0,,
EN02267,PT0709,CH063,PRG03,Digital Workplace Skills,Employability,Community Upskilling,Malay,In-person,TR05,Sabah,2025-10-13,2025-11-24,2025-10-01,Penang,Seberang Perai,35-44,Male,Job seeker,Mobile,Medium,Organic,Career growth,1.0,On track,Completed,1,54.3,78.2,23.9,4.0,8.0,Not measured,0,,
EN02268,PT0691,CH063,PRG03,Digital Workplace Skills,Employability,Community Upskilling,Malay,In-person,TR05,Sabah,2025-10-13,2025-11-24,2025-10-01,Sarawak,Miri,25-34,Female,Employed,Laptop/Desktop,High,Community partner,Career growth,1.0,On track,Completed,1,76.3,100.0,23.7,5.0,10.0,Not measured,0,,
EN02269,PT0509,CH063,PRG03,Digital Workplace Skills,Employability,Community Upskilling,Malay,In-person,TR05,Sabah,2025-10-13,2025-11-24,2025-10-01,Selangor,Shah Alam,25-34,Male,Job seeker,Mobile,Medium,Organic,Career growth,0.8333,On track,Completed,1,49.4,83.6,34.2,5.0,9.0,Not measured,0,,
EN02270,PT0070,CH063,PRG03,Digital Workplace Skills,Employability,Community Upskilling,Malay,In-person,TR05,Sabah,2025-10-13,2025-11-24,2025-10-01,Selangor,Petaling,25-34,Male,Employed,Laptop/Desktop,Medium,Organic,Job search,0.8333,On track,Completed,1,67.0,86.3,19.3,4.0,6.0,Not measured,1,27.2,0.0
EN02271,PT0125,CH063,PRG03,Digital Workplace Skills,Employability,Community Upskilling,Malay,In-person,TR05,Sabah,2025-10-13,2025-11-24,2025-10-01,Sabah,Kota Kinabalu,35-44,Male,Student,Laptop/Desktop,Medium,Community partner,Job search,1.0,On track,Completed,1,44.3,47.6,3.3,5.0,10.0,Not measured,0,,
EN02272,PT0451,CH063,PRG03,Digital Workplace Skills,Employability,Community Upskilling,Malay,In-person,TR05,Sabah,2025-10-13,2025-11-24,2025-10-01,Selangor,Petaling,18-24,Male,Self-employed,Mobile,Low,Referral,Digital confidence,0.6667,Watch,Completed,1,62.8,92.1,29.3,5.0,10.0,Not measured,1,9.4,1.0
EN02273,PT0191,CH064,PRG04,Customer Support Excellence,Operations,Workforce Development,English,Virtual,TR01,Kuala Lumpur,2025-10-13,2025-11-24,2025-10-01,Sarawak,Kuching,25-34,Male,Employed,Mobile,Low,Community partner,Job search,0.6667,Watch,Completed,1,48.7,60.9,12.2,5.0,10.0,Not measured,1,46.1,1.0
EN02274,PT0318,CH064,PRG04,Customer Support Excellence,Operations,Workforce Development,English,Virtual,TR01,Kuala Lumpur,2025-10-13,2025-11-24,2025-10-01,Sabah,Sandakan,18-24,Female,Job seeker,Laptop/Desktop,Medium,Employer,Career growth,0.6667,Watch,Completed,1,67.1,93.2,26.1,3.0,5.0,Not measured,0,,
EN02275,PT0262,CH064,PRG04,Customer Support Excellence,Operations,Workforce Development,English,Virtual,TR01,Kuala Lumpur,2025-10-13,2025-11-24,2025-10-01,Kuala Lumpur,North,25-34,Male,Student,Laptop/Desktop,Medium,Referral,Job search,0.8333,On track,Completed,1,48.9,70.1,21.2,5.0,10.0,Not measured,0,,
EN02276,PT0147,CH064,PRG04,Customer Support Excellence,Operations,Workforce Development,English,Virtual,TR01,Kuala Lumpur,2025-10-13,2025-11-24,2025-10-01,Sabah,Sandakan,35-44,Female,Employed,Laptop/Desktop,Medium,Employer,Digital confidence,0.8333,On track,Completed,1,27.4,52.5,25.1,,,Not measured,2,15.4,1.0
EN02277,PT0455,CH064,PRG04,Customer Support Excellence,Operations,Workforce Development,English,Virtual,TR01,Kuala Lumpur,2025-10-13,2025-11-24,2025-10-01,Selangor,Klang,18-24,Male,Job seeker,Mobile,Medium,Referral,Career growth,0.5,Watch,Completed,1,45.8,73.5,27.7,3.0,4.0,Not measured,0,,
EN02278,PT0664,CH064,PRG04,Customer Support Excellence,Operations,Workforce Development,English,Virtual,TR01,Kuala Lumpur,2025-10-13,2025-11-24,2025-10-01,Selangor,Klang,18-24,Female,Employed,Mobile,Medium,Employer,Job search,0.8333,On track,Completed,1,66.5,91.2,24.7,5.0,8.0,Not measured,0,,
EN02279,PT0105,CH064,PRG04,Customer Support Excellence,Operations,Workforce Development,English,Virtual,TR01,Kuala Lumpur,2025-10-13,2025-11-24,2025-10-01,Sabah,Kota Kinabalu,25-34,Male,Self-employed,Mobile,High,Employer,Digital confidence,0.6667,Watch,In progress / incomplete,0,59.0,78.8,19.8,,,Not measured,1,32.0,1.0
EN02280,PT0707,CH064,PRG04,Customer Support Excellence,Operations,Workforce Development,English,Virtual,TR01,Kuala Lumpur,2025-10-13,2025-11-24,2025-10-01,Sabah,Sandakan,35-44,Female,Student,Mobile,Medium,Employer,Job search,0.8333,On track,Completed,1,56.2,83.8,27.6,5.0,10.0,Not measured,0,,
EN02281,PT0673,CH064,PRG04,Customer Support Excellence,Operations,Workforce Development,English,Virtual,TR01,Kuala Lumpur,2025-10-13,2025-11-24,2025-10-01,Kuala Lumpur,South,25-34,Male,Employed,Laptop/Desktop,Medium,Community partner,Digital confidence,0.3333,High risk,Dropped,0,68.5,85.3,16.8,4.0,7.0,Not measured,1,31.5,0.0
EN02282,PT0644,CH064,PRG04,Customer Support Excellence,Operations,Workforce Development,English,Virtual,TR01,Kuala Lumpur,2025-10-13,2025-11-24,2025-10-01,Kuala Lumpur,North,18-24,Male,Employed,Mobile,Low,Organic,Job search,0.6667,Watch,Completed,1,41.9,53.9,12.0,2.0,1.0,Not measured,0,,
EN02283,PT0256,CH064,PRG04,Customer Support Excellence,Operations,Workforce Development,English,Virtual,TR01,Kuala Lumpur,2025-10-13,2025-11-24,2025-10-01,Kuala Lumpur,North,25-34,Female,Employed,Mobile,Low,Employer,Career growth,0.6667,Watch,Completed,1,69.7,92.8,23.1,3.0,5.0,Not measured,0,,
EN02284,PT0724,CH064,PRG04,Customer Support Excellence,Operations,Workforce Development,English,Virtual,TR01,Kuala Lumpur,2025-10-13,2025-11-24,2025-10-01,Selangor,Klang,25-34,Female,Job seeker,Mobile,Medium,Referral,Employer requirement,1.0,On track,Completed,1,44.6,70.7,26.1,5.0,9.0,Not measured,0,,
EN02285,PT0028,CH064,PRG04,Customer Support Excellence,Operations,Workforce Development,English,Virtual,TR01,Kuala Lumpur,2025-10-13,2025-11-24,2025-10-01,Sarawak,Miri,45+,Male,Student,Laptop/Desktop,High,Referral,Career growth,1.0,On track,Completed,1,48.8,61.5,12.7,5.0,9.0,Not measured,1,38.1,1.0
EN02286,PT0270,CH064,PRG04,Customer Support Excellence,Operations,Workforce Development,English,Virtual,TR01,Kuala Lumpur,2025-10-13,2025-11-24,2025-10-01,Sabah,Sandakan,18-24,Female,Job seeker,Mobile,High,Employer,Employer requirement,1.0,On track,Completed,1,31.8,62.8,31.0,,,Not measured,0,,
EN02287,PT0180,CH064,PRG04,Customer Support Excellence,Operations,Workforce Development,English,Virtual,TR01,Kuala Lumpur,2025-10-13,2025-11-24,2025-10-01,Kuala Lumpur,North,35-44,Female,Employed,Laptop/Desktop,Medium,Community partner,Digital confidence,0.5,Watch,Completed,1,42.6,62.0,19.4,,,Not measured,0,,
EN02288,PT0261,CH064,PRG04,Customer Support Excellence,Operations,Workforce Development,English,Virtual,TR01,Kuala Lumpur,2025-10-13,2025-11-24,2025-10-01,Selangor,Petaling,45+,Female,Student,Mobile,Low,Organic,Career growth,0.6667,Watch,Dropped,0,33.5,59.7,26.2,4.0,6.0,Not measured,1,13.8,1.0
EN02289,PT0341,CH064,PRG04,Customer Support Excellence,Operations,Workforce Development,English,Virtual,TR01,Kuala Lumpur,2025-10-13,2025-11-24,2025-10-01,Selangor,Shah Alam,45+,Male,Employed,Mobile,Low,Community partner,Digital confidence,0.5,Watch,Dropped,0,68.4,87.2,18.8,4.0,9.0,Not measured,0,,
EN02290,PT0492,CH064,PRG04,Customer Support Excellence,Operations,Workforce Development,English,Virtual,TR01,Kuala Lumpur,2025-10-13,2025-11-24,2025-10-01,Penang,Seberang Perai,35-44,Female,Self-employed,Laptop/Desktop,Medium,Referral,Career growth,1.0,On track,Completed,1,50.1,85.3,35.2,5.0,10.0,Not measured,1,3.7,1.0
EN02291,PT0013,CH064,PRG04,Customer Support Excellence,Operations,Workforce Development,English,Virtual,TR01,Kuala Lumpur,2025-10-13,2025-11-24,2025-10-01,Selangor,Klang,45+,Female,Employed,Mobile,Low,Referral,Job search,0.1667,High risk,In progress / incomplete,0,37.4,49.4,12.0,2.0,4.0,Not measured,0,,
EN02292,PT0131,CH064,PRG04,Customer Support Excellence,Operations,Workforce Development,English,Virtual,TR01,Kuala Lumpur,2025-10-13,2025-11-24,2025-10-01,Johor,Muar,25-34,Male,Employed,Laptop/Desktop,Low,Community partner,Career growth,0.6667,Watch,Dropped,0,62.3,88.6,26.3,,,Not measured,1,21.8,1.0
EN02293,PT0123,CH064,PRG04,Customer Support Excellence,Operations,Workforce Development,English,Virtual,TR01,Kuala Lumpur,2025-10-13,2025-11-24,2025-10-01,Kuala Lumpur,South,25-34,Male,Student,Mobile,Medium,Organic,Career growth,0.6667,Watch,Completed,1,54.0,75.5,21.5,4.0,9.0,Not measured,0,,
EN02294,PT0730,CH064,PRG04,Customer Support Excellence,Operations,Workforce Development,English,Virtual,TR01,Kuala Lumpur,2025-10-13,2025-11-24,2025-10-01,Penang,Seberang Perai,45+,Male,Job seeker,Shared device,Medium,Referral,Job search,0.6667,Watch,Completed,1,46.0,63.5,17.5,,,Not measured,0,,
EN02295,PT0564,CH064,PRG04,Customer Support Excellence,Operations,Workforce Development,English,Virtual,TR01,Kuala Lumpur,2025-10-13,2025-11-24,2025-10-01,Kuala Lumpur,Central,25-34,Male,Employed,Mobile,Medium,Employer,Job search,1.0,On track,Completed,1,63.7,94.3,30.6,4.0,7.0,Not measured,0,,
EN02296,PT0427,CH064,PRG04,Customer Support Excellence,Operations,Workforce Development,English,Virtual,TR01,Kuala Lumpur,2025-10-13,2025-11-24,2025-10-01,Kuala Lumpur,South,35-44,Female,Job seeker,Mobile,High,Organic,Digital confidence,1.0,On track,Completed,1,60.3,86.9,26.6,4.0,7.0,Not measured,0,,
EN02297,PT0435,CH064,PRG04,Customer Support Excellence,Operations,Workforce Development,English,Virtual,TR01,Kuala Lumpur,2025-10-13,2025-11-24,2025-10-01,Johor,Johor Bahru,35-44,Female,Employed,Laptop/Desktop,Medium,Employer,Digital confidence,1.0,On track,Completed,1,45.0,80.9,35.9,4.0,7.0,Not measured,0,,
EN02298,PT0733,CH064,PRG04,Customer Support Excellence,Operations,Workforce Development,English,Virtual,TR01,Kuala Lumpur,2025-10-13,2025-11-24,2025-10-01,Kuala Lumpur,Central,25-34,Male,Job seeker,Laptop/Desktop,Medium,Organic,Job search,1.0,On track,Completed,1,65.2,96.0,30.8,4.0,8.0,Not measured,0,,
EN02299,PT0077,CH064,PRG04,Customer Support Excellence,Operations,Workforce Development,English,Virtual,TR01,Kuala Lumpur,2025-10-13,2025-11-24,2025-10-01,Sabah,Sandakan,35-44,Female,Job seeker,Mobile,Low,Employer,Employer requirement,0.3333,High risk,Dropped,0,70.1,85.1,15.0,,,Not measured,0,,
EN02300,PT0523,CH064,PRG04,Customer Support Excellence,Operations,Workforce Development,English,Virtual,TR01,Kuala Lumpur,2025-10-13,2025-11-24,2025-10-01,Sabah,Kota Kinabalu,25-34,Female,Employed,Laptop/Desktop,Medium,Organic,Career growth,1.0,On track,Completed,1,54.8,85.1,30.3,4.0,7.0,Not measured,0,,
EN02301,PT0393,CH064,PRG04,Customer Support Excellence,Operations,Workforce Development,English,Virtual,TR01,Kuala Lumpur,2025-10-13,2025-11-24,2025-10-01,Sabah,Kota Kinabalu,25-34,Male,Employed,Laptop/Desktop,Medium,Organic,Job search,0.8333,On track,Completed,1,40.7,51.2,10.5,4.0,6.0,Not measured,0,,
EN02302,PT0281,CH064,PRG04,Customer Support Excellence,Operations,Workforce Development,English,Virtual,TR01,Kuala Lumpur,2025-10-13,2025-11-24,2025-10-01,Sabah,Sandakan,25-34,Male,Employed,Laptop/Desktop,High,Community partner,Digital confidence,0.8333,On track,Dropped,0,88.0,100.0,12.0,4.0,7.0,Not measured,0,,
EN02303,PT0445,CH064,PRG04,Customer Support Excellence,Operations,Workforce Development,English,Virtual,TR01,Kuala Lumpur,2025-10-13,2025-11-24,2025-10-01,Kuala Lumpur,North,35-44,Female,Job seeker,Mobile,Medium,Organic,Job search,1.0,On track,Completed,1,46.0,72.4,26.4,5.0,10.0,Not measured,0,,
EN02304,PT0437,CH064,PRG04,Customer Support Excellence,Operations,Workforce Development,English,Virtual,TR01,Kuala Lumpur,2025-10-13,2025-11-24,2025-10-01,Selangor,Petaling,35-44,Female,Employed,Mobile,Medium,Employer,Job search,0.6667,Watch,Completed,1,33.8,50.9,17.1,4.0,9.0,Not measured,0,,
EN02305,PT0041,CH064,PRG04,Customer Support Excellence,Operations,Workforce Development,English,Virtual,TR01,Kuala Lumpur,2025-10-13,2025-11-24,2025-10-01,Kuala Lumpur,North,45+,Male,Job seeker,Laptop/Desktop,Medium,Organic,Career growth,0.8333,On track,Completed,1,41.3,61.6,20.3,5.0,10.0,Not measured,0,,
EN02306,PT0399,CH064,PRG04,Customer Support Excellence,Operations,Workforce Development,English,Virtual,TR01,Kuala Lumpur,2025-10-13,2025-11-24,2025-10-01,Kuala Lumpur,North,45+,Female,Employed,Mobile,Low,Employer,Digital confidence,0.5,Watch,Completed,1,65.3,83.4,18.1,4.0,8.0,Not measured,0,,
EN02307,PT0169,CH064,PRG04,Customer Support Excellence,Operations,Workforce Development,English,Virtual,TR01,Kuala Lumpur,2025-10-13,2025-11-24,2025-10-01,Kuala Lumpur,Central,35-44,Male,Employed,Laptop/Desktop,Low,Referral,Digital confidence,0.8333,On track,Dropped,0,39.6,64.9,25.3,5.0,10.0,Not measured,0,,
EN02308,PT0594,CH064,PRG04,Customer Support Excellence,Operations,Workforce Development,English,Virtual,TR01,Kuala Lumpur,2025-10-13,2025-11-24,2025-10-01,Kuala Lumpur,Central,35-44,Male,Job seeker,Shared device,Medium,Community partner,Employer requirement,0.8333,On track,Dropped,0,44.6,73.6,29.0,4.0,7.0,Not measured,1,11.9,1.0
EN02309,PT0084,CH064,PRG04,Customer Support Excellence,Operations,Workforce Development,English,Virtual,TR01,Kuala Lumpur,2025-10-13,2025-11-24,2025-10-01,Sarawak,Kuching,18-24,Male,Job seeker,Shared device,Medium,Organic,Career growth,0.5,Watch,Completed,1,61.4,68.0,6.6,3.0,3.0,Not measured,1,5.1,1.0
EN02310,PT0614,CH064,PRG04,Customer Support Excellence,Operations,Workforce Development,English,Virtual,TR01,Kuala Lumpur,2025-10-13,2025-11-24,2025-10-01,Penang,George Town,18-24,Male,Self-employed,Laptop/Desktop,Low,Community partner,Career growth,1.0,On track,Completed,1,38.3,72.3,34.0,,,Not measured,0,,
EN02311,PT0642,CH064,PRG04,Customer Support Excellence,Operations,Workforce Development,English,Virtual,TR01,Kuala Lumpur,2025-10-13,2025-11-24,2025-10-01,Kuala Lumpur,North,45+,Female,Employed,Mobile,Medium,Referral,Career growth,0.6667,Watch,Completed,1,27.2,42.6,15.4,4.0,9.0,Not measured,1,33.3,1.0
EN02312,PT0114,CH064,PRG04,Customer Support Excellence,Operations,Workforce Development,English,Virtual,TR01,Kuala Lumpur,2025-10-13,2025-11-24,2025-10-01,Sarawak,Kuching,18-24,Female,Self-employed,Mobile,Low,Employer,Digital confidence,0.6667,Watch,Dropped,0,52.1,79.8,27.7,,,Not measured,2,19.0,0.5
EN02313,PT0393,CH065,PRG05,Financial Literacy,Business,Community Upskilling,Hindi,Hybrid,TR01,Penang,2025-10-13,2025-11-17,2025-10-01,Sabah,Kota Kinabalu,25-34,Male,Employed,Laptop/Desktop,Medium,Employer,Job search,1.0,On track,Completed,1,58.7,97.2,38.5,,,Not measured,1,15.0,1.0
EN02314,PT0345,CH065,PRG05,Financial Literacy,Business,Community Upskilling,Hindi,Hybrid,TR01,Penang,2025-10-13,2025-11-17,2025-10-01,Penang,Seberang Perai,25-34,Male,Job seeker,Mobile,Medium,Organic,Job search,0.8,On track,Completed,1,71.1,100.0,28.9,,,Not measured,1,17.6,1.0
EN02315,PT0334,CH065,PRG05,Financial Literacy,Business,Community Upskilling,Hindi,Hybrid,TR01,Penang,2025-10-13,2025-11-17,2025-10-01,Sarawak,Kuching,18-24,Non-binary / Prefer not to say,Student,Mobile,Medium,Employer,Job search,1.0,On track,Completed,1,78.5,99.8,21.3,3.0,3.0,Not measured,0,,
EN02316,PT0436,CH065,PRG05,Financial Literacy,Business,Community Upskilling,Hindi,Hybrid,TR01,Penang,2025-10-13,2025-11-17,2025-10-01,Selangor,Shah Alam,25-34,Female,Job seeker,Laptop/Desktop,Medium,Organic,Digital confidence,0.8,On track,Dropped,0,50.3,75.1,24.8,4.0,6.0,Not measured,0,,
EN02317,PT0603,CH065,PRG05,Financial Literacy,Business,Community Upskilling,Hindi,Hybrid,TR01,Penang,2025-10-13,2025-11-17,2025-10-01,Penang,George Town,25-34,Female,Employed,Mobile,Low,Community partner,Job search,0.6,Watch,Dropped,0,60.5,72.6,12.1,4.0,5.0,Not measured,0,,
EN02318,PT0392,CH065,PRG05,Financial Literacy,Business,Community Upskilling,Hindi,Hybrid,TR01,Penang,2025-10-13,2025-11-17,2025-10-01,Kuala Lumpur,Central,35-44,Male,Student,Mobile,Medium,Employer,Digital confidence,0.8,On track,Completed,1,65.8,93.0,27.2,3.0,5.0,Not measured,1,11.6,1.0
EN02319,PT0396,CH065,PRG05,Financial Literacy,Business,Community Upskilling,Hindi,Hybrid,TR01,Penang,2025-10-13,2025-11-17,2025-10-01,Kuala Lumpur,North,18-24,Female,Employed,Laptop/Desktop,Medium,Organic,Employer requirement,1.0,On track,Completed,1,59.5,80.7,21.2,5.0,9.0,Not measured,0,,
EN02320,PT0439,CH065,PRG05,Financial Literacy,Business,Community Upskilling,Hindi,Hybrid,TR01,Penang,2025-10-13,2025-11-17,2025-10-01,Sarawak,Miri,18-24,Female,Job seeker,Mobile,Medium,Employer,Job search,1.0,On track,Completed,1,59.9,79.0,19.1,4.0,8.0,Not measured,1,2.8,1.0
EN02321,PT0725,CH065,PRG05,Financial Literacy,Business,Community Upskilling,Hindi,Hybrid,TR01,Penang,2025-10-13,2025-11-17,2025-10-01,Johor,Muar,35-44,Female,Employed,Laptop/Desktop,Medium,Organic,Job search,1.0,On track,Completed,1,33.6,70.6,37.0,4.0,6.0,Not measured,0,,
EN02322,PT0341,CH065,PRG05,Financial Literacy,Business,Community Upskilling,Hindi,Hybrid,TR01,Penang,2025-10-13,2025-11-17,2025-10-01,Selangor,Shah Alam,45+,Male,Employed,Mobile,Low,Community partner,Employer requirement,0.8,On track,Completed,1,53.6,72.7,19.1,3.0,5.0,Not measured,0,,
EN02323,PT0674,CH065,PRG05,Financial Literacy,Business,Community Upskilling,Hindi,Hybrid,TR01,Penang,2025-10-13,2025-11-17,2025-10-01,Kuala Lumpur,South,18-24,Female,Student,Mobile,High,Organic,Employer requirement,1.0,On track,Completed,1,55.2,78.6,23.4,4.0,8.0,Not measured,0,,
EN02324,PT0709,CH065,PRG05,Financial Literacy,Business,Community Upskilling,Hindi,Hybrid,TR01,Penang,2025-10-13,2025-11-17,2025-10-01,Penang,Seberang Perai,35-44,Male,Job seeker,Mobile,Medium,Organic,Job search,0.8,On track,Completed,1,54.5,80.4,25.9,3.0,3.0,Not measured,0,,
EN02325,PT0556,CH065,PRG05,Financial Literacy,Business,Community Upskilling,Hindi,Hybrid,TR01,Penang,2025-10-13,2025-11-17,2025-10-01,Kuala Lumpur,Central,35-44,Male,Employed,Mobile,Low,Employer,Career growth,0.6,Watch,In progress / incomplete,0,35.3,53.0,17.7,3.0,6.0,Not measured,0,,
EN02326,PT0668,CH065,PRG05,Financial Literacy,Business,Community Upskilling,Hindi,Hybrid,TR01,Penang,2025-10-13,2025-11-17,2025-10-01,Penang,Seberang Perai,25-34,Female,Employed,Laptop/Desktop,High,Employer,Career growth,0.8,On track,Completed,1,50.9,71.8,20.9,5.0,10.0,Not measured,0,,
EN02327,PT0435,CH065,PRG05,Financial Literacy,Business,Community Upskilling,Hindi,Hybrid,TR01,Penang,2025-10-13,2025-11-17,2025-10-01,Johor,Johor Bahru,35-44,Female,Employed,Laptop/Desktop,Medium,Organic,Digital confidence,1.0,On track,Completed,1,59.6,88.7,29.1,,,Not measured,0,,
EN02328,PT0257,CH065,PRG05,Financial Literacy,Business,Community Upskilling,Hindi,Hybrid,TR01,Penang,2025-10-13,2025-11-17,2025-10-01,Kuala Lumpur,South,35-44,Female,Student,Mobile,Medium,Organic,Employer requirement,1.0,On track,Completed,1,60.7,99.0,38.3,,,Not measured,0,,
EN02329,PT0124,CH065,PRG05,Financial Literacy,Business,Community Upskilling,Hindi,Hybrid,TR01,Penang,2025-10-13,2025-11-17,2025-10-01,Sarawak,Miri,25-34,Female,Employed,Mobile,High,Community partner,Digital confidence,0.6,Watch,Dropped,0,54.9,75.7,20.8,5.0,10.0,Not measured,0,,
EN02330,PT0094,CH065,PRG05,Financial Literacy,Business,Community Upskilling,Hindi,Hybrid,TR01,Penang,2025-10-13,2025-11-17,2025-10-01,Selangor,Shah Alam,35-44,Female,Job seeker,Laptop/Desktop,Medium,Organic,Employer requirement,1.0,On track,Completed,1,70.9,97.7,26.8,5.0,10.0,Not measured,0,,
EN02331,PT0140,CH065,PRG05,Financial Literacy,Business,Community Upskilling,Hindi,Hybrid,TR01,Penang,2025-10-13,2025-11-17,2025-10-01,Selangor,Klang,18-24,Male,Student,Shared device,Low,Organic,Job search,0.8,On track,Completed,1,41.9,66.9,25.0,5.0,10.0,Not measured,1,6.7,1.0
EN02332,PT0483,CH065,PRG05,Financial Literacy,Business,Community Upskilling,Hindi,Hybrid,TR01,Penang,2025-10-13,2025-11-17,2025-10-01,Sabah,Kota Kinabalu,35-44,Male,Job seeker,Mobile,Medium,Community partner,Digital confidence,0.8,On track,Completed,1,55.5,72.7,17.2,,,Not measured,1,12.3,1.0
EN02333,PT0512,CH065,PRG05,Financial Literacy,Business,Community Upskilling,Hindi,Hybrid,TR01,Penang,2025-10-13,2025-11-17,2025-10-01,Selangor,Petaling,35-44,Female,Job seeker,Laptop/Desktop,Medium,Employer,Employer requirement,1.0,On track,Completed,1,55.4,78.8,23.4,5.0,10.0,Not measured,0,,
EN02334,PT0184,CH065,PRG05,Financial Literacy,Business,Community Upskilling,Hindi,Hybrid,TR01,Penang,2025-10-13,2025-11-17,2025-10-01,Kuala Lumpur,South,25-34,Male,Employed,Mobile,Medium,Organic,Job search,0.4,High risk,Completed,1,62.9,70.1,7.2,,,Not measured,0,,
EN02335,PT0384,CH065,PRG05,Financial Literacy,Business,Community Upskilling,Hindi,Hybrid,TR01,Penang,2025-10-13,2025-11-17,2025-10-01,Sabah,Kota Kinabalu,18-24,Male,Employed,Laptop/Desktop,High,Community partner,Employer requirement,1.0,On track,Completed,1,47.1,71.7,24.6,4.0,7.0,Not measured,0,,
EN02336,PT0237,CH065,PRG05,Financial Literacy,Business,Community Upskilling,Hindi,Hybrid,TR01,Penang,2025-10-13,2025-11-17,2025-10-01,Sarawak,Miri,45+,Male,Student,Mobile,Low,Referral,Career growth,0.6,Watch,Completed,1,58.4,84.8,26.4,,,Not measured,2,22.8,0.5
EN02337,PT0295,CH065,PRG05,Financial Literacy,Business,Community Upskilling,Hindi,Hybrid,TR01,Penang,2025-10-13,2025-11-17,2025-10-01,Kuala Lumpur,Central,25-34,Male,Job seeker,Laptop/Desktop,High,Community partner,Career growth,1.0,On track,Completed,1,64.7,91.1,26.4,4.0,8.0,Not measured,0,,
EN02338,PT0325,CH065,PRG05,Financial Literacy,Business,Community Upskilling,Hindi,Hybrid,TR01,Penang,2025-10-13,2025-11-17,2025-10-01,Johor,Johor Bahru,25-34,Male,Job seeker,Mobile,High,Employer,Digital confidence,1.0,On track,Completed,1,46.4,72.8,26.4,4.0,7.0,Not measured,1,7.3,1.0
EN02339,PT0756,CH065,PRG05,Financial Literacy,Business,Community Upskilling,Hindi,Hybrid,TR01,Penang,2025-10-13,2025-11-17,2025-10-01,Kuala Lumpur,North,25-34,Female,Employed,Mobile,High,Organic,Employer requirement,0.6,Watch,Completed,1,48.0,76.9,28.9,5.0,10.0,Not measured,0,,
EN02340,PT0231,CH065,PRG05,Financial Literacy,Business,Community Upskilling,Hindi,Hybrid,TR01,Penang,2025-10-13,2025-11-17,2025-10-01,Kuala Lumpur,Central,18-24,Female,Self-employed,Laptop/Desktop,Low,Community partner,Career growth,0.4,High risk,Dropped,0,55.2,73.3,18.1,,,Not measured,0,,
EN02341,PT0641,CH065,PRG05,Financial Literacy,Business,Community Upskilling,Hindi,Hybrid,TR01,Penang,2025-10-13,2025-11-17,2025-10-01,Kuala Lumpur,South,25-34,Female,Job seeker,Mobile,Medium,Organic,Career growth,0.8,On track,Completed,1,71.2,84.9,13.7,4.0,6.0,Not measured,0,,
EN02342,PT0630,CH065,PRG05,Financial Literacy,Business,Community Upskilling,Hindi,Hybrid,TR01,Penang,2025-10-13,2025-11-17,2025-10-01,Sarawak,Miri,25-34,Female,Employed,Laptop/Desktop,High,Community partner,Career growth,0.8,On track,Completed,1,56.9,91.5,34.6,4.0,6.0,Not measured,1,14.5,1.0
EN02343,PT0728,CH065,PRG05,Financial Literacy,Business,Community Upskilling,Hindi,Hybrid,TR01,Penang,2025-10-13,2025-11-17,2025-10-01,Sarawak,Kuching,25-34,Male,Job seeker,Mobile,High,Organic,Career growth,1.0,On track,Completed,1,69.2,93.6,24.4,,,Not measured,0,,
EN02344,PT0352,CH065,PRG05,Financial Literacy,Business,Community Upskilling,Hindi,Hybrid,TR01,Penang,2025-10-13,2025-11-17,2025-10-01,Kuala Lumpur,South,25-34,Female,Employed,Mobile,Low,Employer,Digital confidence,0.8,On track,Completed,1,49.3,78.4,29.1,4.0,7.0,Not measured,0,,
EN02345,PT0509,CH066,PRG06,Project Delivery Fundamentals,Operations,Workforce Development,English,Hybrid,TR11,Johor,2025-10-20,2025-12-15,2025-10-01,Selangor,Shah Alam,25-34,Male,Job seeker,Mobile,Medium,Community partner,Digital confidence,0.75,On track,Dropped,0,68.2,89.9,21.7,4.0,5.0,Not measured,0,,
EN02346,PT0121,CH066,PRG06,Project Delivery Fundamentals,Operations,Workforce Development,English,Hybrid,TR11,Johor,2025-10-20,2025-12-15,2025-10-01,Penang,Seberang Perai,35-44,Male,Job seeker,Laptop/Desktop,Medium,Community partner,Employer requirement,1.0,On track,Completed,1,53.0,85.3,32.3,5.0,10.0,Not measured,1,33.4,1.0
EN02347,PT0050,CH066,PRG06,Project Delivery Fundamentals,Operations,Workforce Development,English,Hybrid,TR11,Johor,2025-10-20,2025-12-15,2025-10-01,Penang,George Town,25-34,Female,Employed,Laptop/Desktop,Low,Employer,Career growth,1.0,On track,Completed,1,62.0,85.2,23.2,5.0,10.0,Not measured,1,16.2,1.0
EN02348,PT0141,CH066,PRG06,Project Delivery Fundamentals,Operations,Workforce Development,English,Hybrid,TR11,Johor,2025-10-20,2025-12-15,2025-10-01,Kuala Lumpur,North,18-24,Male,Employed,Mobile,Medium,Employer,Employer requirement,0.375,High risk,Completed,1,44.6,59.4,14.8,3.0,5.0,Not measured,0,,
EN02349,PT0542,CH066,PRG06,Project Delivery Fundamentals,Operations,Workforce Development,English,Hybrid,TR11,Johor,2025-10-20,2025-12-15,2025-10-01,Selangor,Klang,35-44,Female,Job seeker,Laptop/Desktop,Low,Organic,Employer requirement,0.25,High risk,Completed,1,43.2,55.3,12.1,3.0,5.0,Not measured,1,23.5,1.0
EN02350,PT0084,CH066,PRG06,Project Delivery Fundamentals,Operations,Workforce Development,English,Hybrid,TR11,Johor,2025-10-20,2025-12-15,2025-10-01,Sarawak,Kuching,18-24,Male,Job seeker,Shared device,Medium,Employer,Digital confidence,0.875,On track,Completed,1,47.8,74.9,27.1,4.0,6.0,Not measured,0,,
EN02351,PT0264,CH066,PRG06,Project Delivery Fundamentals,Operations,Workforce Development,English,Hybrid,TR11,Johor,2025-10-20,2025-12-15,2025-10-01,Kuala Lumpur,Central,25-34,Female,Self-employed,Mobile,Medium,Employer,Digital confidence,1.0,On track,Completed,1,30.0,56.4,26.4,4.0,7.0,Not measured,0,,
EN02352,PT0729,CH066,PRG06,Project Delivery Fundamentals,Operations,Workforce Development,English,Hybrid,TR11,Johor,2025-10-20,2025-12-15,2025-10-01,Kuala Lumpur,South,35-44,Male,Employed,Mobile,High,Organic,Employer requirement,0.75,On track,Completed,1,41.3,60.8,19.5,4.0,8.0,Not measured,0,,
EN02353,PT0044,CH066,PRG06,Project Delivery Fundamentals,Operations,Workforce Development,English,Hybrid,TR11,Johor,2025-10-20,2025-12-15,2025-10-01,Kuala Lumpur,Central,25-34,Female,Self-employed,Mobile,Medium,Employer,Job search,0.875,On track,Dropped,0,56.2,82.0,25.8,4.0,7.0,Not measured,0,,
EN02354,PT0020,CH066,PRG06,Project Delivery Fundamentals,Operations,Workforce Development,English,Hybrid,TR11,Johor,2025-10-20,2025-12-15,2025-10-01,Kuala Lumpur,Central,35-44,Female,Self-employed,Mobile,Medium,Community partner,Career growth,0.75,On track,In progress / incomplete,0,69.9,95.9,26.0,4.0,9.0,Not measured,1,18.3,1.0
EN02355,PT0151,CH066,PRG06,Project Delivery Fundamentals,Operations,Workforce Development,English,Hybrid,TR11,Johor,2025-10-20,2025-12-15,2025-10-01,Kuala Lumpur,North,25-34,Male,Employed,Laptop/Desktop,Medium,Community partner,Employer requirement,1.0,On track,Completed,1,80.4,100.0,19.6,5.0,10.0,Not measured,0,,
EN02356,PT0181,CH066,PRG06,Project Delivery Fundamentals,Operations,Workforce Development,English,Hybrid,TR11,Johor,2025-10-20,2025-12-15,2025-10-01,Kuala Lumpur,North,25-34,Male,Job seeker,Laptop/Desktop,Medium,Organic,Job search,1.0,On track,Completed,1,40.8,64.5,23.7,4.0,8.0,Not measured,0,,
EN02357,PT0065,CH066,PRG06,Project Delivery Fundamentals,Operations,Workforce Development,English,Hybrid,TR11,Johor,2025-10-20,2025-12-15,2025-10-01,Penang,Seberang Perai,18-24,Female,Student,Laptop/Desktop,High,Organic,Employer requirement,1.0,On track,Completed,1,48.7,75.0,26.3,5.0,9.0,Not measured,1,5.8,1.0
EN02358,PT0490,CH066,PRG06,Project Delivery Fundamentals,Operations,Workforce Development,English,Hybrid,TR11,Johor,2025-10-20,2025-12-15,2025-10-01,Selangor,Shah Alam,25-34,Female,Employed,Laptop/Desktop,High,Employer,Job search,1.0,On track,Completed,1,42.3,74.7,32.4,5.0,10.0,Not measured,2,38.3,0.5
EN02359,PT0306,CH066,PRG06,Project Delivery Fundamentals,Operations,Workforce Development,English,Hybrid,TR11,Johor,2025-10-20,2025-12-15,2025-10-01,Sabah,Sandakan,25-34,Non-binary / Prefer not to say,Job seeker,Mobile,Low,Organic,Career growth,0.875,On track,Completed,1,68.2,94.4,26.2,,,Not measured,2,26.6,1.0
EN02360,PT0493,CH066,PRG06,Project Delivery Fundamentals,Operations,Workforce Development,English,Hybrid,TR11,Johor,2025-10-20,2025-12-15,2025-10-01,Kuala Lumpur,Central,35-44,Female,Employed,Mobile,Medium,Community partner,Job search,0.875,On track,Completed,1,60.6,73.2,12.6,4.0,8.0,Not measured,0,,
EN02361,PT0506,CH066,PRG06,Project Delivery Fundamentals,Operations,Workforce Development,English,Hybrid,TR11,Johor,2025-10-20,2025-12-15,2025-10-01,Penang,George Town,45+,Male,Employed,Mobile,Medium,Community partner,Job search,0.75,On track,Completed,1,50.8,72.7,21.9,4.0,6.0,Not measured,0,,
EN02362,PT0287,CH066,PRG06,Project Delivery Fundamentals,Operations,Workforce Development,English,Hybrid,TR11,Johor,2025-10-20,2025-12-15,2025-10-01,Selangor,Klang,25-34,Male,Student,Laptop/Desktop,High,Community partner,Job search,0.75,On track,Completed,1,63.5,87.1,23.6,3.0,3.0,Not measured,0,,
EN02363,PT0267,CH066,PRG06,Project Delivery Fundamentals,Operations,Workforce Development,English,Hybrid,TR11,Johor,2025-10-20,2025-12-15,2025-10-01,Sarawak,Miri,35-44,Male,Employed,Laptop/Desktop,Low,Organic,Career growth,0.75,On track,Completed,1,32.3,49.2,16.9,3.0,3.0,Not measured,0,,
EN02364,PT0451,CH066,PRG06,Project Delivery Fundamentals,Operations,Workforce Development,English,Hybrid,TR11,Johor,2025-10-20,2025-12-15,2025-10-01,Selangor,Petaling,18-24,Male,Self-employed,Mobile,Low,Community partner,Employer requirement,0.5,Watch,Completed,1,47.7,62.3,14.6,3.0,3.0,Not measured,0,,
EN02365,PT0471,CH066,PRG06,Project Delivery Fundamentals,Operations,Workforce Development,English,Hybrid,TR11,Johor,2025-10-20,2025-12-15,2025-10-01,Kuala Lumpur,Central,25-34,Female,Employed,Laptop/Desktop,High,Community partner,Career growth,1.0,On track,Completed,1,52.8,72.5,19.7,5.0,10.0,Not measured,1,30.9,1.0
EN02366,PT0379,CH066,PRG06,Project Delivery Fundamentals,Operations,Workforce Development,English,Hybrid,TR11,Johor,2025-10-20,2025-12-15,2025-10-01,Selangor,Shah Alam,25-34,Female,Self-employed,Mobile,Low,Organic,Career growth,0.625,Watch,Completed,1,70.4,96.0,25.6,,,Not measured,0,,
EN02367,PT0681,CH066,PRG06,Project Delivery Fundamentals,Operations,Workforce Development,English,Hybrid,TR11,Johor,2025-10-20,2025-12-15,2025-10-01,Kuala Lumpur,South,35-44,Female,Student,Shared device,Low,Organic,Digital confidence,0.625,Watch,Dropped,0,31.8,46.2,14.4,,,Not measured,2,46.4,0.5
EN02368,PT0670,CH066,PRG06,Project Delivery Fundamentals,Operations,Workforce Development,English,Hybrid,TR11,Johor,2025-10-20,2025-12-15,2025-10-01,Sabah,Sandakan,18-24,Female,Student,Laptop/Desktop,Medium,Community partner,Digital confidence,0.75,On track,Dropped,0,47.1,76.4,29.3,3.0,8.0,Not measured,2,25.2,0.5
EN02369,PT0755,CH066,PRG06,Project Delivery Fundamentals,Operations,Workforce Development,English,Hybrid,TR11,Johor,2025-10-20,2025-12-15,2025-10-01,Johor,Muar,35-44,Male,Job seeker,Shared device,Low,Organic,Career growth,0.75,On track,Completed,1,50.8,69.4,18.6,,,Not measured,0,,
EN02370,PT0613,CH066,PRG06,Project Delivery Fundamentals,Operations,Workforce Development,English,Hybrid,TR11,Johor,2025-10-20,2025-12-15,2025-10-01,Penang,George Town,18-24,Female,Employed,Mobile,Medium,Employer,Job search,0.75,On track,Dropped,0,57.4,78.8,21.4,5.0,9.0,Not measured,0,,
EN02371,PT0211,CH066,PRG06,Project Delivery Fundamentals,Operations,Workforce Development,English,Hybrid,TR11,Johor,2025-10-20,2025-12-15,2025-10-01,Selangor,Klang,25-34,Female,Employed,Laptop/Desktop,Low,Referral,Digital confidence,0.875,On track,In progress / incomplete,0,37.5,59.5,22.0,4.0,6.0,Not measured,1,26.4,0.0
EN02372,PT0128,CH066,PRG06,Project Delivery Fundamentals,Operations,Workforce Development,English,Hybrid,TR11,Johor,2025-10-20,2025-12-15,2025-10-01,Kuala Lumpur,North,35-44,Male,Job seeker,Mobile,Medium,Community partner,Job search,0.875,On track,Completed,1,46.7,74.3,27.6,4.0,9.0,Not measured,0,,
EN02373,PT0308,CH067,PRG01,Data Foundations,Data & Digital,Career Transition,English,Virtual,TR10,Sabah,2025-11-17,2026-01-12,2025-11-01,Sarawak,Kuching,25-34,Male,Job seeker,Laptop/Desktop,Low,Community partner,Digital confidence,0.875,On track,Completed,1,57.1,82.7,25.6,4.0,8.0,No change reported,0,,
EN02374,PT0176,CH067,PRG01,Data Foundations,Data & Digital,Career Transition,English,Virtual,TR10,Sabah,2025-11-17,2026-01-12,2025-11-01,Sarawak,Kuching,18-24,Male,Job seeker,Laptop/Desktop,Medium,Community partner,Employer requirement,0.875,On track,Completed,1,55.2,87.9,32.7,,,New role,0,,
EN02375,PT0760,CH067,PRG01,Data Foundations,Data & Digital,Career Transition,English,Virtual,TR10,Sabah,2025-11-17,2026-01-12,2025-11-01,Penang,George Town,25-34,Female,Employed,Laptop/Desktop,Medium,Community partner,Job search,0.875,On track,Completed,1,58.1,82.9,24.8,4.0,6.0,No change reported,0,,
EN02376,PT0731,CH067,PRG01,Data Foundations,Data & Digital,Career Transition,English,Virtual,TR10,Sabah,2025-11-17,2026-01-12,2025-11-01,Penang,George Town,25-34,Female,Student,Shared device,High,Community partner,Employer requirement,1.0,On track,Completed,1,88.0,100.0,12.0,,,No change reported,2,57.8,0.0
EN02377,PT0205,CH067,PRG01,Data Foundations,Data & Digital,Career Transition,English,Virtual,TR10,Sabah,2025-11-17,2026-01-12,2025-11-01,Selangor,Petaling,45+,Female,Student,Mobile,Low,Referral,Job search,0.625,Watch,Completed,1,59.3,72.3,13.0,4.0,9.0,No change reported,0,,
EN02378,PT0401,CH067,PRG01,Data Foundations,Data & Digital,Career Transition,English,Virtual,TR10,Sabah,2025-11-17,2026-01-12,2025-11-01,Kuala Lumpur,South,35-44,Female,Job seeker,Mobile,Low,Employer,Career growth,0.625,Watch,Completed,1,47.3,58.6,11.3,5.0,9.0,No change reported,0,,
EN02379,PT0031,CH067,PRG01,Data Foundations,Data & Digital,Career Transition,English,Virtual,TR10,Sabah,2025-11-17,2026-01-12,2025-11-01,Selangor,Klang,25-34,Female,Self-employed,Laptop/Desktop,Medium,Organic,Career growth,0.875,On track,Completed,1,54.9,79.2,24.3,4.0,8.0,No change reported,0,,
EN02380,PT0485,CH067,PRG01,Data Foundations,Data & Digital,Career Transition,English,Virtual,TR10,Sabah,2025-11-17,2026-01-12,2025-11-01,Kuala Lumpur,North,35-44,Female,Employed,Mobile,Medium,Community partner,Career growth,0.875,On track,Completed,1,42.1,70.6,28.5,4.0,8.0,Interview secured,0,,
EN02381,PT0434,CH067,PRG01,Data Foundations,Data & Digital,Career Transition,English,Virtual,TR10,Sabah,2025-11-17,2026-01-12,2025-11-01,Selangor,Petaling,25-34,Female,Employed,Laptop/Desktop,High,Community partner,Job search,0.875,On track,Completed,1,52.8,91.8,39.0,,,No change reported,0,,
EN02382,PT0065,CH067,PRG01,Data Foundations,Data & Digital,Career Transition,English,Virtual,TR10,Sabah,2025-11-17,2026-01-12,2025-11-01,Penang,Seberang Perai,18-24,Female,Student,Laptop/Desktop,High,Employer,Career growth,1.0,On track,Completed,1,46.8,72.1,25.3,5.0,10.0,New role,0,,
EN02383,PT0034,CH067,PRG01,Data Foundations,Data & Digital,Career Transition,English,Virtual,TR10,Sabah,2025-11-17,2026-01-12,2025-11-01,Selangor,Shah Alam,25-34,Female,Job seeker,Laptop/Desktop,Medium,Community partner,Career growth,1.0,On track,Completed,1,72.8,92.3,19.5,4.0,9.0,Interview secured,3,23.6,0.6667
EN02384,PT0214,CH067,PRG01,Data Foundations,Data & Digital,Career Transition,English,Virtual,TR10,Sabah,2025-11-17,2026-01-12,2025-11-01,Selangor,Shah Alam,25-34,Female,Employed,Laptop/Desktop,High,Organic,Career growth,0.75,On track,Dropped,0,88.0,100.0,12.0,5.0,10.0,Not measured,1,45.1,1.0
EN02385,PT0411,CH067,PRG01,Data Foundations,Data & Digital,Career Transition,English,Virtual,TR10,Sabah,2025-11-17,2026-01-12,2025-11-01,Johor,Johor Bahru,25-34,Male,Job seeker,Mobile,Low,Organic,Career growth,0.75,On track,In progress / incomplete,0,62.2,97.3,35.1,,,Not measured,0,,
EN02386,PT0490,CH067,PRG01,Data Foundations,Data & Digital,Career Transition,English,Virtual,TR10,Sabah,2025-11-17,2026-01-12,2025-11-01,Selangor,Shah Alam,25-34,Female,Employed,Laptop/Desktop,High,Referral,Digital confidence,0.875,On track,Completed,1,44.4,70.1,25.7,4.0,8.0,New role,1,23.5,1.0
EN02387,PT0513,CH067,PRG01,Data Foundations,Data & Digital,Career Transition,English,Virtual,TR10,Sabah,2025-11-17,2026-01-12,2025-11-01,Sabah,Sandakan,25-34,Male,Job seeker,Mobile,Medium,Employer,Career growth,0.75,On track,Completed,1,54.9,81.1,26.2,,,No change reported,0,,
EN02388,PT0535,CH067,PRG01,Data Foundations,Data & Digital,Career Transition,English,Virtual,TR10,Sabah,2025-11-17,2026-01-12,2025-11-01,Selangor,Shah Alam,18-24,Female,Self-employed,Mobile,Low,Employer,Career growth,0.75,On track,In progress / incomplete,0,20.0,39.4,19.4,4.0,9.0,Not measured,1,14.9,1.0
EN02389,PT0636,CH067,PRG01,Data Foundations,Data & Digital,Career Transition,English,Virtual,TR10,Sabah,2025-11-17,2026-01-12,2025-11-01,Penang,George Town,25-34,Female,Employed,Mobile,High,Organic,Career growth,0.875,On track,Completed,1,46.7,77.0,30.3,5.0,10.0,No change reported,1,5.9,1.0
EN02390,PT0270,CH067,PRG01,Data Foundations,Data & Digital,Career Transition,English,Virtual,TR10,Sabah,2025-11-17,2026-01-12,2025-11-01,Sabah,Sandakan,18-24,Female,Job seeker,Mobile,High,Community partner,Job search,1.0,On track,Completed,1,49.5,86.9,37.4,4.0,8.0,No change reported,1,25.3,0.0
EN02391,PT0699,CH067,PRG01,Data Foundations,Data & Digital,Career Transition,English,Virtual,TR10,Sabah,2025-11-17,2026-01-12,2025-11-01,Johor,Muar,25-34,Female,Student,Laptop/Desktop,High,Employer,Career growth,0.75,On track,Completed,1,84.8,100.0,15.2,4.0,8.0,No change reported,0,,
EN02392,PT0412,CH067,PRG01,Data Foundations,Data & Digital,Career Transition,English,Virtual,TR10,Sabah,2025-11-17,2026-01-12,2025-11-01,Penang,Seberang Perai,18-24,Non-binary / Prefer not to say,Student,Laptop/Desktop,Medium,Referral,Career growth,0.75,On track,Completed,1,61.0,83.1,22.1,4.0,8.0,New role,1,48.3,0.0
EN02393,PT0552,CH067,PRG01,Data Foundations,Data & Digital,Career Transition,English,Virtual,TR10,Sabah,2025-11-17,2026-01-12,2025-11-01,Johor,Muar,25-34,Male,Employed,Laptop/Desktop,Low,Organic,Career growth,0.375,High risk,In progress / incomplete,0,63.1,78.1,15.0,4.0,7.0,Not measured,0,,
EN02394,PT0574,CH067,PRG01,Data Foundations,Data & Digital,Career Transition,English,Virtual,TR10,Sabah,2025-11-17,2026-01-12,2025-11-01,Sarawak,Miri,18-24,Female,Self-employed,Laptop/Desktop,Medium,Organic,Career growth,1.0,On track,Completed,1,86.7,100.0,13.3,5.0,10.0,New role,0,,
EN02395,PT0254,CH067,PRG01,Data Foundations,Data & Digital,Career Transition,English,Virtual,TR10,Sabah,2025-11-17,2026-01-12,2025-11-01,Selangor,Petaling,25-34,Male,Student,Mobile,High,Organic,Career growth,0.625,Watch,Completed,1,64.3,79.1,14.8,,,No change reported,0,,
EN02396,PT0493,CH067,PRG01,Data Foundations,Data & Digital,Career Transition,English,Virtual,TR10,Sabah,2025-11-17,2026-01-12,2025-11-01,Kuala Lumpur,Central,35-44,Female,Employed,Mobile,Medium,Organic,Digital confidence,0.625,Watch,Completed,1,48.0,64.4,16.4,4.0,9.0,No change reported,0,,
EN02397,PT0726,CH067,PRG01,Data Foundations,Data & Digital,Career Transition,English,Virtual,TR10,Sabah,2025-11-17,2026-01-12,2025-11-01,Penang,Seberang Perai,18-24,Male,Job seeker,Mobile,Medium,Organic,Digital confidence,0.625,Watch,Completed,1,21.8,43.4,21.6,4.0,6.0,No change reported,1,25.8,1.0
EN02398,PT0444,CH067,PRG01,Data Foundations,Data & Digital,Career Transition,English,Virtual,TR10,Sabah,2025-11-17,2026-01-12,2025-11-01,Selangor,Shah Alam,45+,Male,Self-employed,Laptop/Desktop,Medium,Organic,Employer requirement,0.875,On track,Completed,1,50.4,70.7,20.3,4.0,5.0,No change reported,0,,
EN02399,PT0432,CH067,PRG01,Data Foundations,Data & Digital,Career Transition,English,Virtual,TR10,Sabah,2025-11-17,2026-01-12,2025-11-01,Sarawak,Miri,35-44,Female,Self-employed,Mobile,High,Community partner,Job search,1.0,On track,Completed,1,56.6,87.0,30.4,5.0,10.0,No change reported,1,37.5,1.0
EN02400,PT0171,CH067,PRG01,Data Foundations,Data & Digital,Career Transition,English,Virtual,TR10,Sabah,2025-11-17,2026-01-12,2025-11-01,Johor,Muar,35-44,Female,Self-employed,Mobile,Medium,Organic,Employer requirement,0.75,On track,In progress / incomplete,0,63.1,92.5,29.4,5.0,10.0,Not measured,0,,
EN02401,PT0175,CH068,PRG02,Business Analytics Essentials,Data & Digital,Career Transition,English,In-person,TR02,Penang,2025-11-24,2026-02-02,2025-11-01,Kuala Lumpur,South,18-24,Male,Job seeker,Mobile,High,Employer,Job search,0.9,On track,Completed,1,52.4,83.4,31.0,4.0,6.0,No change reported,0,,
EN02402,PT0098,CH068,PRG02,Business Analytics Essentials,Data & Digital,Career Transition,English,In-person,TR02,Penang,2025-11-24,2026-02-02,2025-11-01,Kuala Lumpur,South,18-24,Male,Job seeker,Mobile,Medium,Employer,Career growth,1.0,On track,Completed,1,50.9,75.5,24.6,4.0,7.0,New role,0,,
EN02403,PT0086,CH068,PRG02,Business Analytics Essentials,Data & Digital,Career Transition,English,In-person,TR02,Penang,2025-11-24,2026-02-02,2025-11-01,Sabah,Kota Kinabalu,35-44,Male,Employed,Shared device,Low,Referral,Career growth,0.8,On track,Completed,1,39.9,73.6,33.7,4.0,8.0,Interview secured,2,27.1,1.0
EN02404,PT0170,CH068,PRG02,Business Analytics Essentials,Data & Digital,Career Transition,English,In-person,TR02,Penang,2025-11-24,2026-02-02,2025-11-01,Penang,George Town,35-44,Male,Job seeker,Mobile,Medium,Referral,Career growth,1.0,On track,Completed,1,61.1,80.9,19.8,5.0,8.0,No change reported,1,8.6,1.0
EN02405,PT0176,CH068,PRG02,Business Analytics Essentials,Data & Digital,Career Transition,English,In-person,TR02,Penang,2025-11-24,2026-02-02,2025-11-01,Sarawak,Kuching,18-24,Male,Job seeker,Laptop/Desktop,Medium,Organic,Career growth,1.0,On track,Completed,1,81.1,100.0,18.9,4.0,8.0,New role,0,,
EN02406,PT0697,CH068,PRG02,Business Analytics Essentials,Data & Digital,Career Transition,English,In-person,TR02,Penang,2025-11-24,2026-02-02,2025-11-01,Selangor,Petaling,18-24,Female,Self-employed,Mobile,Medium,Organic,Career growth,0.9,On track,Completed,1,52.4,73.3,20.9,4.0,7.0,Interview secured,1,9.5,1.0
EN02407,PT0275,CH068,PRG02,Business Analytics Essentials,Data & Digital,Career Transition,English,In-person,TR02,Penang,2025-11-24,2026-02-02,2025-11-01,Kuala Lumpur,North,25-34,Female,Employed,Shared device,High,Community partner,Digital confidence,1.0,On track,Completed,1,40.1,68.2,28.1,4.0,9.0,No change reported,0,,
EN02408,PT0571,CH068,PRG02,Business Analytics Essentials,Data & Digital,Career Transition,English,In-person,TR02,Penang,2025-11-24,2026-02-02,2025-11-01,Penang,George Town,18-24,Male,Employed,Laptop/Desktop,Medium,Organic,Employer requirement,0.8,On track,Completed,1,57.8,89.6,31.8,3.0,3.0,Interview secured,0,,
EN02409,PT0592,CH068,PRG02,Business Analytics Essentials,Data & Digital,Career Transition,English,In-person,TR02,Penang,2025-11-24,2026-02-02,2025-11-01,Kuala Lumpur,South,45+,Male,Employed,Mobile,High,Referral,Career growth,0.8,On track,Completed,1,80.0,86.7,6.7,,,New role,0,,
EN02410,PT0400,CH068,PRG02,Business Analytics Essentials,Data & Digital,Career Transition,English,In-person,TR02,Penang,2025-11-24,2026-02-02,2025-11-01,Selangor,Petaling,25-34,Male,Employed,Mobile,Low,Community partner,Job search,0.7,Watch,Completed,1,43.2,71.0,27.8,3.0,6.0,No change reported,0,,
EN02411,PT0724,CH068,PRG02,Business Analytics Essentials,Data & Digital,Career Transition,English,In-person,TR02,Penang,2025-11-24,2026-02-02,2025-11-01,Selangor,Klang,25-34,Female,Job seeker,Mobile,Medium,Community partner,Career growth,0.5,Watch,Completed,1,62.0,73.3,11.3,3.0,5.0,No change reported,0,,
EN02412,PT0604,CH068,PRG02,Business Analytics Essentials,Data & Digital,Career Transition,English,In-person,TR02,Penang,2025-11-24,2026-02-02,2025-11-01,Sarawak,Kuching,18-24,Female,Job seeker,Mobile,Medium,Community partner,Digital confidence,1.0,On track,Completed,1,64.9,84.8,19.9,5.0,9.0,No change reported,0,,
EN02413,PT0638,CH068,PRG02,Business Analytics Essentials,Data & Digital,Career Transition,English,In-person,TR02,Penang,2025-11-24,2026-02-02,2025-11-01,Selangor,Klang,45+,Female,Self-employed,Mobile,Medium,Referral,Employer requirement,0.6,Watch,Dropped,0,46.7,64.2,17.5,3.0,7.0,Not measured,0,,
EN02414,PT0052,CH068,PRG02,Business Analytics Essentials,Data & Digital,Career Transition,English,In-person,TR02,Penang,2025-11-24,2026-02-02,2025-11-01,Selangor,Shah Alam,18-24,Male,Employed,Shared device,Medium,Organic,Job search,0.7,Watch,Completed,1,49.5,56.9,7.4,4.0,8.0,Interview secured,0,,
EN02415,PT0055,CH068,PRG02,Business Analytics Essentials,Data & Digital,Career Transition,English,In-person,TR02,Penang,2025-11-24,2026-02-02,2025-11-01,Selangor,Shah Alam,18-24,Male,Student,Mobile,Medium,Organic,Employer requirement,1.0,On track,Completed,1,64.7,94.1,29.4,5.0,9.0,Interview secured,0,,
EN02416,PT0011,CH068,PRG02,Business Analytics Essentials,Data & Digital,Career Transition,English,In-person,TR02,Penang,2025-11-24,2026-02-02,2025-11-01,Sarawak,Miri,25-34,Female,Student,Laptop/Desktop,Low,Referral,Career growth,0.5,Watch,Completed,1,29.5,52.8,23.3,,,Interview secured,0,,
EN02417,PT0233,CH068,PRG02,Business Analytics Essentials,Data & Digital,Career Transition,English,In-person,TR02,Penang,2025-11-24,2026-02-02,2025-11-01,Sarawak,Miri,35-44,Female,Employed,Mobile,High,Community partner,Job search,0.7,Watch,Completed,1,54.3,82.2,27.9,4.0,10.0,New role,1,6.0,1.0
EN02418,PT0122,CH068,PRG02,Business Analytics Essentials,Data & Digital,Career Transition,English,In-person,TR02,Penang,2025-11-24,2026-02-02,2025-11-01,Sabah,Kota Kinabalu,35-44,Male,Employed,Shared device,Low,Referral,Job search,0.6,Watch,Dropped,0,45.6,67.2,21.6,3.0,5.0,Not measured,1,51.3,0.0
EN02419,PT0602,CH068,PRG02,Business Analytics Essentials,Data & Digital,Career Transition,English,In-person,TR02,Penang,2025-11-24,2026-02-02,2025-11-01,Kuala Lumpur,Central,35-44,Male,Employed,Mobile,High,Organic,Job search,0.8,On track,Completed,1,55.2,84.6,29.4,4.0,9.0,New role,1,5.4,1.0
EN02420,PT0699,CH068,PRG02,Business Analytics Essentials,Data & Digital,Career Transition,English,In-person,TR02,Penang,2025-11-24,2026-02-02,2025-11-01,Johor,Muar,25-34,Female,Student,Laptop/Desktop,High,Employer,Job search,0.8,On track,Completed,1,56.9,79.6,22.7,,,No change reported,0,,
EN02421,PT0493,CH068,PRG02,Business Analytics Essentials,Data & Digital,Career Transition,English,In-person,TR02,Penang,2025-11-24,2026-02-02,2025-11-01,Kuala Lumpur,Central,35-44,Female,Employed,Mobile,Medium,Organic,Career growth,0.7,Watch,Completed,1,40.8,56.5,15.7,4.0,5.0,No change reported,0,,
EN02422,PT0269,CH068,PRG02,Business Analytics Essentials,Data & Digital,Career Transition,English,In-person,TR02,Penang,2025-11-24,2026-02-02,2025-11-01,Sarawak,Miri,18-24,Female,Job seeker,Laptop/Desktop,Medium,Organic,Employer requirement,0.7,Watch,Dropped,0,40.8,62.6,21.8,5.0,10.0,Not measured,0,,
EN02423,PT0586,CH068,PRG02,Business Analytics Essentials,Data & Digital,Career Transition,English,In-person,TR02,Penang,2025-11-24,2026-02-02,2025-11-01,Johor,Johor Bahru,25-34,Female,Employed,Laptop/Desktop,Low,Referral,Career growth,0.5,Watch,Completed,1,51.0,72.8,21.8,,,No change reported,1,23.3,1.0
EN02424,PT0133,CH068,PRG02,Business Analytics Essentials,Data & Digital,Career Transition,English,In-person,TR02,Penang,2025-11-24,2026-02-02,2025-11-01,Selangor,Shah Alam,35-44,Female,Self-employed,Laptop/Desktop,Low,Referral,Digital confidence,0.9,On track,Completed,1,63.6,93.4,29.8,4.0,8.0,No change reported,0,,
EN02425,PT0501,CH068,PRG02,Business Analytics Essentials,Data & Digital,Career Transition,English,In-person,TR02,Penang,2025-11-24,2026-02-02,2025-11-01,Sarawak,Miri,45+,Female,Student,Laptop/Desktop,High,Community partner,Job search,1.0,On track,Completed,1,77.1,100.0,22.9,4.0,7.0,Interview secured,1,71.9,0.0
EN02426,PT0446,CH068,PRG02,Business Analytics Essentials,Data & Digital,Career Transition,English,In-person,TR02,Penang,2025-11-24,2026-02-02,2025-11-01,Johor,Johor Bahru,35-44,Male,Employed,Shared device,Low,Referral,Job search,0.7,Watch,Completed,1,37.8,65.9,28.1,,,No change reported,1,24.9,1.0
EN02427,PT0077,CH068,PRG02,Business Analytics Essentials,Data & Digital,Career Transition,English,In-person,TR02,Penang,2025-11-24,2026-02-02,2025-11-01,Sabah,Sandakan,35-44,Female,Job seeker,Mobile,Low,Community partner,Digital confidence,0.9,On track,Completed,1,67.5,92.2,24.7,5.0,10.0,No change reported,1,11.6,1.0
EN02428,PT0251,CH068,PRG02,Business Analytics Essentials,Data & Digital,Career Transition,English,In-person,TR02,Penang,2025-11-24,2026-02-02,2025-11-01,Penang,George Town,25-34,Male,Student,Mobile,Low,Organic,Job search,1.0,On track,Completed,1,48.3,86.8,38.5,4.0,8.0,No change reported,1,64.6,0.0
EN02429,PT0618,CH068,PRG02,Business Analytics Essentials,Data & Digital,Career Transition,English,In-person,TR02,Penang,2025-11-24,2026-02-02,2025-11-01,Kuala Lumpur,North,35-44,Female,Student,Mobile,High,Community partner,Employer requirement,0.6,Watch,Completed,1,57.7,78.0,20.3,5.0,10.0,No change reported,1,14.8,1.0
EN02430,PT0716,CH068,PRG02,Business Analytics Essentials,Data & Digital,Career Transition,English,In-person,TR02,Penang,2025-11-24,2026-02-02,2025-11-01,Kuala Lumpur,North,25-34,Male,Job seeker,Mobile,Medium,Employer,Employer requirement,1.0,On track,Completed,1,47.4,80.9,33.5,5.0,9.0,New role,0,,
EN02431,PT0756,CH068,PRG02,Business Analytics Essentials,Data & Digital,Career Transition,English,In-person,TR02,Penang,2025-11-24,2026-02-02,2025-11-01,Kuala Lumpur,North,25-34,Female,Employed,Mobile,High,Organic,Career growth,0.9,On track,Completed,1,73.7,93.4,19.7,5.0,10.0,No change reported,0,,
EN02432,PT0110,CH068,PRG02,Business Analytics Essentials,Data & Digital,Career Transition,English,In-person,TR02,Penang,2025-11-24,2026-02-02,2025-11-01,Penang,George Town,25-34,Male,Employed,Laptop/Desktop,Medium,Referral,Digital confidence,0.9,On track,Completed,1,57.6,88.1,30.5,,,New role,0,,
EN02433,PT0208,CH068,PRG02,Business Analytics Essentials,Data & Digital,Career Transition,English,In-person,TR02,Penang,2025-11-24,2026-02-02,2025-11-01,Johor,Johor Bahru,35-44,Female,Employed,Laptop/Desktop,Medium,Community partner,Digital confidence,0.7,Watch,Completed,1,57.4,84.9,27.5,4.0,5.0,New role,0,,
EN02434,PT0667,CH068,PRG02,Business Analytics Essentials,Data & Digital,Career Transition,English,In-person,TR02,Penang,2025-11-24,2026-02-02,2025-11-01,Sarawak,Kuching,25-34,Female,Job seeker,Laptop/Desktop,High,Employer,Digital confidence,1.0,On track,Completed,1,54.5,65.6,11.1,4.0,6.0,Interview secured,0,,
EN02435,PT0675,CH068,PRG02,Business Analytics Essentials,Data & Digital,Career Transition,English,In-person,TR02,Penang,2025-11-24,2026-02-02,2025-11-01,Kuala Lumpur,South,25-34,Male,Job seeker,Mobile,High,Organic,Job search,0.8,On track,Dropped,0,60.6,85.7,25.1,4.0,9.0,Not measured,0,,
EN02436,PT0202,CH068,PRG02,Business Analytics Essentials,Data & Digital,Career Transition,English,In-person,TR02,Penang,2025-11-24,2026-02-02,2025-11-01,Sarawak,Miri,18-24,Female,Student,Mobile,Medium,Referral,Career growth,0.9,On track,Completed,1,65.0,93.1,28.1,5.0,10.0,Interview secured,0,,
EN02437,PT0708,CH068,PRG02,Business Analytics Essentials,Data & Digital,Career Transition,English,In-person,TR02,Penang,2025-11-24,2026-02-02,2025-11-01,Kuala Lumpur,Central,25-34,Female,Student,Mobile,High,Employer,Job search,0.8,On track,Completed,1,75.8,95.2,19.4,,,No change reported,0,,
EN02438,PT0634,CH068,PRG02,Business Analytics Essentials,Data & Digital,Career Transition,English,In-person,TR02,Penang,2025-11-24,2026-02-02,2025-11-01,Johor,Muar,35-44,Non-binary / Prefer not to say,Employed,Laptop/Desktop,High,Organic,Job search,1.0,On track,Completed,1,68.9,100.0,31.1,,,Interview secured,0,,
EN02439,PT0755,CH068,PRG02,Business Analytics Essentials,Data & Digital,Career Transition,English,In-person,TR02,Penang,2025-11-24,2026-02-02,2025-11-01,Johor,Muar,35-44,Male,Job seeker,Shared device,Low,Community partner,Digital confidence,0.6,Watch,In progress / incomplete,0,52.4,69.7,17.3,3.0,4.0,Not measured,0,,
EN02440,PT0644,CH068,PRG02,Business Analytics Essentials,Data & Digital,Career Transition,English,In-person,TR02,Penang,2025-11-24,2026-02-02,2025-11-01,Kuala Lumpur,North,18-24,Male,Employed,Mobile,Low,Community partner,Job search,0.6,Watch,Completed,1,71.2,77.4,6.2,,,New role,0,,
EN02441,PT0179,CH069,PRG03,Digital Workplace Skills,Employability,Community Upskilling,Malay,Hybrid,TR02,Kuala Lumpur,2025-11-24,2026-01-05,2025-11-01,Selangor,Shah Alam,25-34,Female,Job seeker,Mobile,Low,Organic,Job search,0.8333,On track,Completed,1,39.8,63.2,23.4,4.0,7.0,Not measured,0,,
EN02442,PT0623,CH069,PRG03,Digital Workplace Skills,Employability,Community Upskilling,Malay,Hybrid,TR02,Kuala Lumpur,2025-11-24,2026-01-05,2025-11-01,Penang,George Town,25-34,Male,Job seeker,Mobile,Medium,Referral,Job search,0.6667,Watch,Completed,1,44.9,56.4,11.5,,,Not measured,0,,
EN02443,PT0567,CH069,PRG03,Digital Workplace Skills,Employability,Community Upskilling,Malay,Hybrid,TR02,Kuala Lumpur,2025-11-24,2026-01-05,2025-11-01,Selangor,Petaling,25-34,Female,Employed,Laptop/Desktop,Medium,Community partner,Employer requirement,0.6667,Watch,Completed,1,77.1,96.7,19.6,4.0,6.0,Not measured,0,,
EN02444,PT0210,CH069,PRG03,Digital Workplace Skills,Employability,Community Upskilling,Malay,Hybrid,TR02,Kuala Lumpur,2025-11-24,2026-01-05,2025-11-01,Sabah,Sandakan,25-34,Female,Employed,Laptop/Desktop,Medium,Organic,Digital confidence,0.8333,On track,Dropped,0,59.6,78.6,19.0,4.0,8.0,Not measured,0,,
EN02445,PT0720,CH069,PRG03,Digital Workplace Skills,Employability,Community Upskilling,Malay,Hybrid,TR02,Kuala Lumpur,2025-11-24,2026-01-05,2025-11-01,Penang,Seberang Perai,25-34,Male,Job seeker,Mobile,Medium,Community partner,Digital confidence,1.0,On track,Completed,1,53.9,77.2,23.3,4.0,6.0,Not measured,0,,
EN02446,PT0687,CH069,PRG03,Digital Workplace Skills,Employability,Community Upskilling,Malay,Hybrid,TR02,Kuala Lumpur,2025-11-24,2026-01-05,2025-11-01,Selangor,Petaling,25-34,Male,Employed,Mobile,Medium,Organic,Digital confidence,0.6667,Watch,In progress / incomplete,0,59.1,79.5,20.4,5.0,10.0,Not measured,0,,
EN02447,PT0579,CH069,PRG03,Digital Workplace Skills,Employability,Community Upskilling,Malay,Hybrid,TR02,Kuala Lumpur,2025-11-24,2026-01-05,2025-11-01,Selangor,Shah Alam,25-34,Female,Job seeker,Mobile,Medium,Employer,Digital confidence,0.6667,Watch,Completed,1,65.2,83.4,18.2,3.0,4.0,Not measured,1,26.1,0.0
EN02448,PT0229,CH069,PRG03,Digital Workplace Skills,Employability,Community Upskilling,Malay,Hybrid,TR02,Kuala Lumpur,2025-11-24,2026-01-05,2025-11-01,Selangor,Shah Alam,18-24,Male,Job seeker,Laptop/Desktop,High,Community partner,Job search,1.0,On track,Completed,1,43.2,66.8,23.6,4.0,5.0,Not measured,0,,
EN02449,PT0160,CH069,PRG03,Digital Workplace Skills,Employability,Community Upskilling,Malay,Hybrid,TR02,Kuala Lumpur,2025-11-24,2026-01-05,2025-11-01,Kuala Lumpur,Central,35-44,Female,Employed,Laptop/Desktop,High,Organic,Employer requirement,1.0,On track,Completed,1,47.7,83.7,36.0,4.0,9.0,Not measured,0,,
EN02450,PT0774,CH069,PRG03,Digital Workplace Skills,Employability,Community Upskilling,Malay,Hybrid,TR02,Kuala Lumpur,2025-11-24,2026-01-05,2025-11-01,Selangor,Klang,35-44,Male,Job seeker,Mobile,High,Community partner,Digital confidence,1.0,On track,Completed,1,56.6,88.9,32.3,,,Not measured,0,,
EN02451,PT0341,CH069,PRG03,Digital Workplace Skills,Employability,Community Upskilling,Malay,Hybrid,TR02,Kuala Lumpur,2025-11-24,2026-01-05,2025-11-01,Selangor,Shah Alam,45+,Male,Employed,Mobile,Low,Referral,Career growth,0.6667,Watch,In progress / incomplete,0,39.1,58.2,19.1,4.0,7.0,Not measured,1,9.8,1.0
EN02452,PT0482,CH069,PRG03,Digital Workplace Skills,Employability,Community Upskilling,Malay,Hybrid,TR02,Kuala Lumpur,2025-11-24,2026-01-05,2025-11-01,Johor,Muar,35-44,Female,Employed,Mobile,Medium,Community partner,Career growth,0.6667,Watch,Completed,1,60.7,76.3,15.6,3.0,4.0,Not measured,1,24.4,1.0
EN02453,PT0355,CH069,PRG03,Digital Workplace Skills,Employability,Community Upskilling,Malay,Hybrid,TR02,Kuala Lumpur,2025-11-24,2026-01-05,2025-11-01,Johor,Muar,35-44,Non-binary / Prefer not to say,Employed,Mobile,Medium,Organic,Career growth,1.0,On track,Completed,1,50.4,75.5,25.1,4.0,9.0,Not measured,1,3.9,1.0
EN02454,PT0517,CH069,PRG03,Digital Workplace Skills,Employability,Community Upskilling,Malay,Hybrid,TR02,Kuala Lumpur,2025-11-24,2026-01-05,2025-11-01,Selangor,Shah Alam,35-44,Female,Job seeker,Mobile,Low,Employer,Job search,0.5,Watch,Dropped,0,82.9,97.6,14.7,3.0,7.0,Not measured,1,13.4,1.0
EN02455,PT0346,CH069,PRG03,Digital Workplace Skills,Employability,Community Upskilling,Malay,Hybrid,TR02,Kuala Lumpur,2025-11-24,2026-01-05,2025-11-01,Johor,Muar,18-24,Male,Self-employed,Laptop/Desktop,High,Referral,Career growth,1.0,On track,Completed,1,47.3,82.3,35.0,,,Not measured,0,,
EN02456,PT0307,CH069,PRG03,Digital Workplace Skills,Employability,Community Upskilling,Malay,Hybrid,TR02,Kuala Lumpur,2025-11-24,2026-01-05,2025-11-01,Selangor,Shah Alam,25-34,Male,Employed,Mobile,Medium,Organic,Job search,0.8333,On track,Completed,1,52.3,70.3,18.0,3.0,5.0,Not measured,0,,
EN02457,PT0205,CH069,PRG03,Digital Workplace Skills,Employability,Community Upskilling,Malay,Hybrid,TR02,Kuala Lumpur,2025-11-24,2026-01-05,2025-11-01,Selangor,Petaling,45+,Female,Student,Mobile,Low,Organic,Career growth,0.5,Watch,Completed,1,64.2,87.9,23.7,,,Not measured,2,19.2,0.5
EN02458,PT0494,CH069,PRG03,Digital Workplace Skills,Employability,Community Upskilling,Malay,Hybrid,TR02,Kuala Lumpur,2025-11-24,2026-01-05,2025-11-01,Penang,George Town,45+,Female,Employed,Mobile,Low,Employer,Job search,1.0,On track,Completed,1,38.0,61.6,23.6,,,Not measured,1,7.6,1.0
EN02459,PT0536,CH069,PRG03,Digital Workplace Skills,Employability,Community Upskilling,Malay,Hybrid,TR02,Kuala Lumpur,2025-11-24,2026-01-05,2025-11-01,Selangor,Petaling,25-34,Male,Job seeker,Shared device,Medium,Community partner,Career growth,0.6667,Watch,Completed,1,41.8,67.2,25.4,2.0,4.0,Not measured,0,,
EN02460,PT0780,CH069,PRG03,Digital Workplace Skills,Employability,Community Upskilling,Malay,Hybrid,TR02,Kuala Lumpur,2025-11-24,2026-01-05,2025-11-01,Selangor,Klang,45+,Male,Self-employed,Laptop/Desktop,High,Organic,Career growth,1.0,On track,Completed,1,48.5,79.9,31.4,4.0,10.0,Not measured,0,,
EN02461,PT0617,CH069,PRG03,Digital Workplace Skills,Employability,Community Upskilling,Malay,Hybrid,TR02,Kuala Lumpur,2025-11-24,2026-01-05,2025-11-01,Kuala Lumpur,South,35-44,Male,Self-employed,Laptop/Desktop,Medium,Employer,Career growth,0.6667,Watch,Completed,1,41.5,62.4,20.9,,,Not measured,0,,
EN02462,PT0549,CH069,PRG03,Digital Workplace Skills,Employability,Community Upskilling,Malay,Hybrid,TR02,Kuala Lumpur,2025-11-24,2026-01-05,2025-11-01,Penang,George Town,25-34,Female,Employed,Laptop/Desktop,Medium,Referral,Digital confidence,1.0,On track,Completed,1,50.8,87.9,37.1,4.0,9.0,Not measured,0,,
EN02463,PT0523,CH069,PRG03,Digital Workplace Skills,Employability,Community Upskilling,Malay,Hybrid,TR02,Kuala Lumpur,2025-11-24,2026-01-05,2025-11-01,Sabah,Kota Kinabalu,25-34,Female,Employed,Laptop/Desktop,Medium,Organic,Employer requirement,0.8333,On track,Completed,1,36.4,57.1,20.7,4.0,8.0,Not measured,1,8.1,1.0
EN02464,PT0455,CH069,PRG03,Digital Workplace Skills,Employability,Community Upskilling,Malay,Hybrid,TR02,Kuala Lumpur,2025-11-24,2026-01-05,2025-11-01,Selangor,Klang,18-24,Male,Job seeker,Mobile,Medium,Community partner,Career growth,0.6667,Watch,Dropped,0,53.5,77.4,23.9,3.0,6.0,Not measured,0,,
EN02465,PT0301,CH069,PRG03,Digital Workplace Skills,Employability,Community Upskilling,Malay,Hybrid,TR02,Kuala Lumpur,2025-11-24,2026-01-05,2025-11-01,Johor,Johor Bahru,25-34,Female,Student,Mobile,Medium,Organic,Job search,0.6667,Watch,Dropped,0,52.0,68.6,16.6,,,Not measured,0,,
EN02466,PT0286,CH069,PRG03,Digital Workplace Skills,Employability,Community Upskilling,Malay,Hybrid,TR02,Kuala Lumpur,2025-11-24,2026-01-05,2025-11-01,Kuala Lumpur,South,25-34,Male,Self-employed,Mobile,High,Community partner,Career growth,1.0,On track,Completed,1,88.0,100.0,12.0,4.0,8.0,Not measured,0,,
EN02467,PT0491,CH069,PRG03,Digital Workplace Skills,Employability,Community Upskilling,Malay,Hybrid,TR02,Kuala Lumpur,2025-11-24,2026-01-05,2025-11-01,Kuala Lumpur,South,18-24,Female,Employed,Mobile,Low,Referral,Digital confidence,0.6667,Watch,In progress / incomplete,0,61.0,82.5,21.5,4.0,9.0,Not measured,1,18.8,1.0
EN02468,PT0655,CH069,PRG03,Digital Workplace Skills,Employability,Community Upskilling,Malay,Hybrid,TR02,Kuala Lumpur,2025-11-24,2026-01-05,2025-11-01,Sabah,Kota Kinabalu,35-44,Male,Employed,Laptop/Desktop,Low,Employer,Career growth,1.0,On track,Completed,1,56.8,78.1,21.3,5.0,9.0,Not measured,0,,
EN02469,PT0334,CH069,PRG03,Digital Workplace Skills,Employability,Community Upskilling,Malay,Hybrid,TR02,Kuala Lumpur,2025-11-24,2026-01-05,2025-11-01,Sarawak,Kuching,18-24,Non-binary / Prefer not to say,Student,Mobile,Medium,Community partner,Job search,1.0,On track,Completed,1,53.7,71.2,17.5,5.0,10.0,Not measured,0,,
EN02470,PT0538,CH069,PRG03,Digital Workplace Skills,Employability,Community Upskilling,Malay,Hybrid,TR02,Kuala Lumpur,2025-11-24,2026-01-05,2025-11-01,Kuala Lumpur,North,45+,Female,Job seeker,Mobile,Medium,Employer,Digital confidence,0.8333,On track,Completed,1,43.2,59.9,16.7,,,Not measured,1,13.9,1.0
EN02471,PT0481,CH069,PRG03,Digital Workplace Skills,Employability,Community Upskilling,Malay,Hybrid,TR02,Kuala Lumpur,2025-11-24,2026-01-05,2025-11-01,Sarawak,Kuching,35-44,Female,Job seeker,Laptop/Desktop,Low,Community partner,Career growth,0.8333,On track,Completed,1,49.8,69.7,19.9,,,Not measured,0,,
EN02472,PT0757,CH069,PRG03,Digital Workplace Skills,Employability,Community Upskilling,Malay,Hybrid,TR02,Kuala Lumpur,2025-11-24,2026-01-05,2025-11-01,Kuala Lumpur,Central,45+,Female,Job seeker,Mobile,Low,Employer,Job search,1.0,On track,Completed,1,59.8,92.3,32.5,4.0,7.0,Not measured,0,,
EN02473,PT0488,CH069,PRG03,Digital Workplace Skills,Employability,Community Upskilling,Malay,Hybrid,TR02,Kuala Lumpur,2025-11-24,2026-01-05,2025-11-01,Sabah,Sandakan,25-34,Female,Self-employed,Laptop/Desktop,Medium,Employer,Job search,0.8333,On track,Completed,1,55.7,91.1,35.4,4.0,6.0,Not measured,1,45.8,1.0
EN02474,PT0745,CH069,PRG03,Digital Workplace Skills,Employability,Community Upskilling,Malay,Hybrid,TR02,Kuala Lumpur,2025-11-24,2026-01-05,2025-11-01,Penang,Seberang Perai,45+,Female,Student,Laptop/Desktop,High,Organic,Digital confidence,1.0,On track,Completed,1,64.1,99.8,35.7,5.0,10.0,Not measured,1,27.4,1.0
EN02475,PT0062,CH069,PRG03,Digital Workplace Skills,Employability,Community Upskilling,Malay,Hybrid,TR02,Kuala Lumpur,2025-11-24,2026-01-05,2025-11-01,Selangor,Petaling,25-34,Female,Employed,Mobile,Medium,Community partner,Career growth,1.0,On track,Completed,1,36.1,65.3,29.2,,,Not measured,1,4.1,1.0
EN02476,PT0676,CH070,PRG04,Customer Support Excellence,Operations,Workforce Development,English,Virtual,TR09,Sarawak,2025-11-17,2025-12-29,2025-11-01,Penang,Seberang Perai,18-24,Non-binary / Prefer not to say,Job seeker,Mobile,High,Community partner,Career growth,1.0,On track,Completed,1,66.5,93.7,27.2,4.0,7.0,Not measured,0,,
EN02477,PT0168,CH070,PRG04,Customer Support Excellence,Operations,Workforce Development,English,Virtual,TR09,Sarawak,2025-11-17,2025-12-29,2025-11-01,Kuala Lumpur,South,35-44,Female,Job seeker,Laptop/Desktop,High,Community partner,Employer requirement,1.0,On track,Completed,1,57.7,77.8,20.1,5.0,10.0,Not measured,0,,
EN02478,PT0520,CH070,PRG04,Customer Support Excellence,Operations,Workforce Development,English,Virtual,TR09,Sarawak,2025-11-17,2025-12-29,2025-11-01,Selangor,Petaling,35-44,Female,Student,Laptop/Desktop,Medium,Employer,Career growth,0.8333,On track,Completed,1,64.7,87.9,23.2,4.0,8.0,Not measured,0,,
EN02479,PT0575,CH070,PRG04,Customer Support Excellence,Operations,Workforce Development,English,Virtual,TR09,Sarawak,2025-11-17,2025-12-29,2025-11-01,Kuala Lumpur,South,35-44,Male,Employed,Laptop/Desktop,Medium,Employer,Job search,1.0,On track,Completed,1,62.3,84.9,22.6,4.0,8.0,Not measured,0,,
EN02480,PT0668,CH070,PRG04,Customer Support Excellence,Operations,Workforce Development,English,Virtual,TR09,Sarawak,2025-11-17,2025-12-29,2025-11-01,Penang,Seberang Perai,25-34,Female,Employed,Laptop/Desktop,High,Community partner,Career growth,1.0,On track,Completed,1,40.8,65.3,24.5,5.0,10.0,Not measured,1,24.6,1.0
EN02481,PT0317,CH070,PRG04,Customer Support Excellence,Operations,Workforce Development,English,Virtual,TR09,Sarawak,2025-11-17,2025-12-29,2025-11-01,Selangor,Shah Alam,18-24,Male,Self-employed,Laptop/Desktop,Low,Community partner,Digital confidence,0.6667,Watch,Completed,1,51.6,72.2,20.6,3.0,4.0,Not measured,0,,
EN02482,PT0500,CH070,PRG04,Customer Support Excellence,Operations,Workforce Development,English,Virtual,TR09,Sarawak,2025-11-17,2025-12-29,2025-11-01,Sarawak,Miri,18-24,Male,Job seeker,Mobile,Medium,Organic,Career growth,0.5,Watch,Dropped,0,44.1,52.0,7.9,3.0,4.0,Not measured,0,,
EN02483,PT0169,CH070,PRG04,Customer Support Excellence,Operations,Workforce Development,English,Virtual,TR09,Sarawak,2025-11-17,2025-12-29,2025-11-01,Kuala Lumpur,Central,35-44,Male,Employed,Laptop/Desktop,Low,Referral,Job search,0.8333,On track,Completed,1,72.9,91.0,18.1,4.0,6.0,Not measured,2,29.2,1.0
EN02484,PT0762,CH070,PRG04,Customer Support Excellence,Operations,Workforce Development,English,Virtual,TR09,Sarawak,2025-11-17,2025-12-29,2025-11-01,Penang,Seberang Perai,25-34,Female,Employed,Mobile,Medium,Community partner,Career growth,0.5,Watch,Completed,1,42.5,68.1,25.6,4.0,8.0,Not measured,1,13.8,1.0
EN02485,PT0619,CH070,PRG04,Customer Support Excellence,Operations,Workforce Development,English,Virtual,TR09,Sarawak,2025-11-17,2025-12-29,2025-11-01,Selangor,Shah Alam,18-24,Female,Employed,Laptop/Desktop,High,Employer,Job search,0.5,Watch,Completed,1,53.5,71.7,18.2,3.0,5.0,Not measured,0,,
EN02486,PT0706,CH070,PRG04,Customer Support Excellence,Operations,Workforce Development,English,Virtual,TR09,Sarawak,2025-11-17,2025-12-29,2025-11-01,Sabah,Kota Kinabalu,35-44,Female,Job seeker,Mobile,Low,Community partner,Job search,0.5,Watch,Completed,1,57.2,73.6,16.4,,,Not measured,0,,
EN02487,PT0079,CH070,PRG04,Customer Support Excellence,Operations,Workforce Development,English,Virtual,TR09,Sarawak,2025-11-17,2025-12-29,2025-11-01,Selangor,Petaling,25-34,Male,Self-employed,Laptop/Desktop,Medium,Organic,Career growth,1.0,On track,Completed,1,40.4,54.5,14.1,4.0,8.0,Not measured,0,,
EN02488,PT0671,CH070,PRG04,Customer Support Excellence,Operations,Workforce Development,English,Virtual,TR09,Sarawak,2025-11-17,2025-12-29,2025-11-01,Johor,Muar,35-44,Male,Employed,Laptop/Desktop,Medium,Referral,Digital confidence,0.6667,Watch,Completed,1,60.5,72.3,11.8,3.0,5.0,Not measured,0,,
EN02489,PT0314,CH070,PRG04,Customer Support Excellence,Operations,Workforce Development,English,Virtual,TR09,Sarawak,2025-11-17,2025-12-29,2025-11-01,Sarawak,Kuching,35-44,Female,Employed,Laptop/Desktop,High,Referral,Digital confidence,1.0,On track,Completed,1,34.4,61.6,27.2,,,Not measured,0,,
EN02490,PT0508,CH070,PRG04,Customer Support Excellence,Operations,Workforce Development,English,Virtual,TR09,Sarawak,2025-11-17,2025-12-29,2025-11-01,Selangor,Shah Alam,35-44,Female,Employed,Mobile,Low,Referral,Digital confidence,1.0,On track,Completed,1,56.0,86.8,30.8,5.0,10.0,Not measured,1,32.9,0.0
EN02491,PT0546,CH070,PRG04,Customer Support Excellence,Operations,Workforce Development,English,Virtual,TR09,Sarawak,2025-11-17,2025-12-29,2025-11-01,Penang,George Town,35-44,Female,Student,Laptop/Desktop,Medium,Referral,Career growth,0.8333,On track,Dropped,0,56.9,76.2,19.3,5.0,9.0,Not measured,0,,
EN02492,PT0083,CH070,PRG04,Customer Support Excellence,Operations,Workforce Development,English,Virtual,TR09,Sarawak,2025-11-17,2025-12-29,2025-11-01,Sarawak,Miri,25-34,Female,Employed,Mobile,Medium,Referral,Digital confidence,0.8333,On track,Dropped,0,59.3,74.0,14.7,4.0,7.0,Not measured,0,,
EN02493,PT0644,CH070,PRG04,Customer Support Excellence,Operations,Workforce Development,English,Virtual,TR09,Sarawak,2025-11-17,2025-12-29,2025-11-01,Kuala Lumpur,North,18-24,Male,Employed,Mobile,Low,Employer,Job search,0.6667,Watch,Dropped,0,44.4,66.9,22.5,,,Not measured,2,93.0,0.0
EN02494,PT0313,CH070,PRG04,Customer Support Excellence,Operations,Workforce Development,English,Virtual,TR09,Sarawak,2025-11-17,2025-12-29,2025-11-01,Kuala Lumpur,North,25-34,Male,Job seeker,Laptop/Desktop,Medium,Referral,Career growth,0.8333,On track,Completed,1,60.0,78.0,18.0,3.0,4.0,Not measured,0,,
EN02495,PT0544,CH070,PRG04,Customer Support Excellence,Operations,Workforce Development,English,Virtual,TR09,Sarawak,2025-11-17,2025-12-29,2025-11-01,Johor,Muar,25-34,Female,Job seeker,Laptop/Desktop,Medium,Employer,Job search,1.0,On track,Completed,1,49.1,78.9,29.8,,,Not measured,0,,
EN02496,PT0336,CH070,PRG04,Customer Support Excellence,Operations,Workforce Development,English,Virtual,TR09,Sarawak,2025-11-17,2025-12-29,2025-11-01,Johor,Johor Bahru,25-34,Male,Self-employed,Laptop/Desktop,High,Organic,Digital confidence,0.8333,On track,Completed,1,62.2,79.7,17.5,4.0,10.0,Not measured,1,24.2,0.0
EN02497,PT0235,CH070,PRG04,Customer Support Excellence,Operations,Workforce Development,English,Virtual,TR09,Sarawak,2025-11-17,2025-12-29,2025-11-01,Sabah,Sandakan,18-24,Female,Job seeker,Mobile,Low,Employer,Career growth,0.6667,Watch,Completed,1,71.1,98.4,27.3,,,Not measured,1,13.3,0.0
EN02498,PT0767,CH070,PRG04,Customer Support Excellence,Operations,Workforce Development,English,Virtual,TR09,Sarawak,2025-11-17,2025-12-29,2025-11-01,Johor,Muar,25-34,Male,Student,Mobile,Medium,Employer,Employer requirement,0.8333,On track,Completed,1,64.2,86.0,21.8,5.0,9.0,Not measured,0,,
EN02499,PT0037,CH070,PRG04,Customer Support Excellence,Operations,Workforce Development,English,Virtual,TR09,Sarawak,2025-11-17,2025-12-29,2025-11-01,Sarawak,Miri,25-34,Non-binary / Prefer not to say,Employed,Mobile,High,Community partner,Career growth,1.0,On track,Completed,1,35.5,52.3,16.8,,,Not measured,1,6.3,1.0
EN02500,PT0642,CH070,PRG04,Customer Support Excellence,Operations,Workforce Development,English,Virtual,TR09,Sarawak,2025-11-17,2025-12-29,2025-11-01,Kuala Lumpur,North,45+,Female,Employed,Mobile,Medium,Community partner,Employer requirement,0.3333,High risk,Completed,1,72.1,81.4,9.3,3.0,4.0,Not measured,1,17.4,1.0
EN02501,PT0033,CH070,PRG04,Customer Support Excellence,Operations,Workforce Development,English,Virtual,TR09,Sarawak,2025-11-17,2025-12-29,2025-11-01,Sarawak,Kuching,18-24,Female,Student,Mobile,Medium,Organic,Employer requirement,0.3333,High risk,Dropped,0,46.3,68.2,21.9,3.0,7.0,Not measured,0,,
EN02502,PT0582,CH070,PRG04,Customer Support Excellence,Operations,Workforce Development,English,Virtual,TR09,Sarawak,2025-11-17,2025-12-29,2025-11-01,Selangor,Petaling,35-44,Female,Self-employed,Mobile,Medium,Organic,Job search,0.5,Watch,Completed,1,45.9,61.5,15.6,3.0,4.0,Not measured,0,,
EN02503,PT0271,CH070,PRG04,Customer Support Excellence,Operations,Workforce Development,English,Virtual,TR09,Sarawak,2025-11-17,2025-12-29,2025-11-01,Selangor,Shah Alam,18-24,Male,Job seeker,Mobile,Medium,Organic,Job search,1.0,On track,Completed,1,64.7,89.9,25.2,4.0,9.0,Not measured,2,34.0,0.5
EN02504,PT0716,CH070,PRG04,Customer Support Excellence,Operations,Workforce Development,English,Virtual,TR09,Sarawak,2025-11-17,2025-12-29,2025-11-01,Kuala Lumpur,North,25-34,Male,Job seeker,Mobile,Medium,Referral,Career growth,0.8333,On track,Completed,1,58.0,86.4,28.4,5.0,9.0,Not measured,0,,
EN02505,PT0205,CH070,PRG04,Customer Support Excellence,Operations,Workforce Development,English,Virtual,TR09,Sarawak,2025-11-17,2025-12-29,2025-11-01,Selangor,Petaling,45+,Female,Student,Mobile,Low,Organic,Job search,0.5,Watch,Completed,1,51.7,73.4,21.7,4.0,7.0,Not measured,1,24.6,1.0
EN02506,PT0698,CH070,PRG04,Customer Support Excellence,Operations,Workforce Development,English,Virtual,TR09,Sarawak,2025-11-17,2025-12-29,2025-11-01,Selangor,Klang,35-44,Female,Self-employed,Mobile,Medium,Community partner,Employer requirement,0.8333,On track,Completed,1,55.6,85.1,29.5,,,Not measured,1,10.6,1.0
EN02507,PT0103,CH070,PRG04,Customer Support Excellence,Operations,Workforce Development,English,Virtual,TR09,Sarawak,2025-11-17,2025-12-29,2025-11-01,Sabah,Sandakan,18-24,Female,Job seeker,Shared device,Medium,Organic,Job search,0.8333,On track,Completed,1,39.8,62.7,22.9,4.0,7.0,Not measured,0,,
EN02508,PT0201,CH070,PRG04,Customer Support Excellence,Operations,Workforce Development,English,Virtual,TR09,Sarawak,2025-11-17,2025-12-29,2025-11-01,Penang,George Town,25-34,Female,Job seeker,Mobile,Medium,Organic,Digital confidence,0.6667,Watch,Completed,1,66.9,88.8,21.9,4.0,8.0,Not measured,0,,
EN02509,PT0624,CH071,PRG05,Financial Literacy,Business,Community Upskilling,Hindi,Virtual,TR04,Selangor,2025-11-17,2025-12-22,2025-11-01,Sarawak,Kuching,25-34,Female,Self-employed,Laptop/Desktop,Medium,Employer,Job search,0.6,Watch,Completed,1,41.0,55.5,14.5,,,Not measured,2,34.8,0.5
EN02510,PT0132,CH071,PRG05,Financial Literacy,Business,Community Upskilling,Hindi,Virtual,TR04,Selangor,2025-11-17,2025-12-22,2025-11-01,Selangor,Shah Alam,25-34,Male,Job seeker,Laptop/Desktop,Low,Employer,Digital confidence,0.8,On track,Completed,1,69.3,95.6,26.3,4.0,9.0,Not measured,0,,
EN02511,PT0154,CH071,PRG05,Financial Literacy,Business,Community Upskilling,Hindi,Virtual,TR04,Selangor,2025-11-17,2025-12-22,2025-11-01,Selangor,Petaling,25-34,Female,Employed,Shared device,Low,Community partner,Job search,0.6,Watch,Completed,1,61.9,80.2,18.3,4.0,7.0,Not measured,0,,
EN02512,PT0291,CH071,PRG05,Financial Literacy,Business,Community Upskilling,Hindi,Virtual,TR04,Selangor,2025-11-17,2025-12-22,2025-11-01,Penang,Seberang Perai,18-24,Female,Student,Mobile,Low,Employer,Digital confidence,1.0,On track,Completed,1,42.3,71.5,29.2,,,Not measured,0,,
EN02513,PT0681,CH071,PRG05,Financial Literacy,Business,Community Upskilling,Hindi,Virtual,TR04,Selangor,2025-11-17,2025-12-22,2025-11-01,Kuala Lumpur,South,35-44,Female,Student,Shared device,Low,Community partner,Career growth,0.2,High risk,Dropped,0,37.5,39.5,2.0,3.0,5.0,Not measured,0,,
EN02514,PT0248,CH071,PRG05,Financial Literacy,Business,Community Upskilling,Hindi,Virtual,TR04,Selangor,2025-11-17,2025-12-22,2025-11-01,Kuala Lumpur,South,45+,Male,Student,Mobile,Medium,Community partner,Career growth,1.0,On track,Completed,1,32.3,44.6,12.3,5.0,9.0,Not measured,1,11.3,1.0
EN02515,PT0307,CH071,PRG05,Financial Literacy,Business,Community Upskilling,Hindi,Virtual,TR04,Selangor,2025-11-17,2025-12-22,2025-11-01,Selangor,Shah Alam,25-34,Male,Employed,Mobile,Medium,Organic,Job search,0.8,On track,Completed,1,61.0,85.2,24.2,5.0,8.0,Not measured,1,34.6,0.0
EN02516,PT0006,CH071,PRG05,Financial Literacy,Business,Community Upskilling,Hindi,Virtual,TR04,Selangor,2025-11-17,2025-12-22,2025-11-01,Penang,George Town,45+,Female,Self-employed,Mobile,High,Organic,Digital confidence,1.0,On track,Completed,1,49.1,70.4,21.3,,,Not measured,2,13.0,1.0
EN02517,PT0270,CH071,PRG05,Financial Literacy,Business,Community Upskilling,Hindi,Virtual,TR04,Selangor,2025-11-17,2025-12-22,2025-11-01,Sabah,Sandakan,18-24,Female,Job seeker,Mobile,High,Community partner,Employer requirement,1.0,On track,Dropped,0,38.5,60.7,22.2,,,Not measured,2,32.2,0.5
EN02518,PT0763,CH071,PRG05,Financial Literacy,Business,Community Upskilling,Hindi,Virtual,TR04,Selangor,2025-11-17,2025-12-22,2025-11-01,Selangor,Petaling,35-44,Male,Employed,Laptop/Desktop,Medium,Community partner,Employer requirement,1.0,On track,Completed,1,67.3,100.0,32.7,5.0,10.0,Not measured,0,,
EN02519,PT0655,CH071,PRG05,Financial Literacy,Business,Community Upskilling,Hindi,Virtual,TR04,Selangor,2025-11-17,2025-12-22,2025-11-01,Sabah,Kota Kinabalu,35-44,Male,Employed,Laptop/Desktop,Low,Referral,Career growth,1.0,On track,Completed,1,38.5,60.5,22.0,4.0,9.0,Not measured,1,25.9,0.0
EN02520,PT0571,CH071,PRG05,Financial Literacy,Business,Community Upskilling,Hindi,Virtual,TR04,Selangor,2025-11-17,2025-12-22,2025-11-01,Penang,George Town,18-24,Male,Employed,Laptop/Desktop,Medium,Community partner,Job search,1.0,On track,Completed,1,60.5,84.7,24.2,,,Not measured,0,,
EN02521,PT0533,CH071,PRG05,Financial Literacy,Business,Community Upskilling,Hindi,Virtual,TR04,Selangor,2025-11-17,2025-12-22,2025-11-01,Sarawak,Kuching,25-34,Female,Employed,Mobile,High,Referral,Employer requirement,1.0,On track,Completed,1,41.8,66.8,25.0,4.0,9.0,Not measured,1,16.2,1.0
EN02522,PT0489,CH071,PRG05,Financial Literacy,Business,Community Upskilling,Hindi,Virtual,TR04,Selangor,2025-11-17,2025-12-22,2025-11-01,Sarawak,Miri,25-34,Female,Employed,Mobile,High,Organic,Job search,0.6,Watch,Completed,1,50.9,74.7,23.8,3.0,4.0,Not measured,0,,
EN02523,PT0415,CH071,PRG05,Financial Literacy,Business,Community Upskilling,Hindi,Virtual,TR04,Selangor,2025-11-17,2025-12-22,2025-11-01,Selangor,Shah Alam,35-44,Female,Job seeker,Mobile,Medium,Referral,Employer requirement,0.6,Watch,Dropped,0,43.2,66.5,23.3,4.0,7.0,Not measured,1,27.9,0.0
EN02524,PT0464,CH071,PRG05,Financial Literacy,Business,Community Upskilling,Hindi,Virtual,TR04,Selangor,2025-11-17,2025-12-22,2025-11-01,Johor,Johor Bahru,35-44,Female,Student,Mobile,Medium,Employer,Job search,1.0,On track,Completed,1,40.2,71.0,30.8,5.0,10.0,Not measured,1,13.4,1.0
EN02525,PT0142,CH071,PRG05,Financial Literacy,Business,Community Upskilling,Hindi,Virtual,TR04,Selangor,2025-11-17,2025-12-22,2025-11-01,Selangor,Petaling,25-34,Male,Self-employed,Laptop/Desktop,Low,Community partner,Job search,1.0,On track,Completed,1,39.1,74.0,34.9,4.0,6.0,Not measured,0,,
EN02526,PT0126,CH071,PRG05,Financial Literacy,Business,Community Upskilling,Hindi,Virtual,TR04,Selangor,2025-11-17,2025-12-22,2025-11-01,Penang,George Town,18-24,Male,Job seeker,Mobile,Medium,Employer,Job search,0.8,On track,Completed,1,37.8,62.2,24.4,5.0,10.0,Not measured,0,,
EN02527,PT0062,CH071,PRG05,Financial Literacy,Business,Community Upskilling,Hindi,Virtual,TR04,Selangor,2025-11-17,2025-12-22,2025-11-01,Selangor,Petaling,25-34,Female,Employed,Mobile,Medium,Referral,Job search,0.4,High risk,Dropped,0,40.3,56.9,16.6,3.0,5.0,Not measured,0,,
EN02528,PT0404,CH071,PRG05,Financial Literacy,Business,Community Upskilling,Hindi,Virtual,TR04,Selangor,2025-11-17,2025-12-22,2025-11-01,Johor,Muar,18-24,Female,Student,Mobile,Medium,Organic,Job search,0.8,On track,In progress / incomplete,0,54.2,77.2,23.0,,,Not measured,0,,
EN02529,PT0456,CH071,PRG05,Financial Literacy,Business,Community Upskilling,Hindi,Virtual,TR04,Selangor,2025-11-17,2025-12-22,2025-11-01,Kuala Lumpur,North,35-44,Female,Employed,Mobile,High,Community partner,Career growth,0.6,Watch,Completed,1,67.3,82.7,15.4,4.0,6.0,Not measured,0,,
EN02530,PT0721,CH071,PRG05,Financial Literacy,Business,Community Upskilling,Hindi,Virtual,TR04,Selangor,2025-11-17,2025-12-22,2025-11-01,Kuala Lumpur,North,25-34,Male,Job seeker,Mobile,Medium,Community partner,Career growth,0.4,High risk,Dropped,0,60.7,72.5,11.8,3.0,6.0,Not measured,1,18.0,1.0
EN02531,PT0375,CH071,PRG05,Financial Literacy,Business,Community Upskilling,Hindi,Virtual,TR04,Selangor,2025-11-17,2025-12-22,2025-11-01,Selangor,Shah Alam,25-34,Female,Employed,Mobile,High,Organic,Job search,0.4,High risk,Completed,1,30.2,54.3,24.1,3.0,6.0,Not measured,0,,
EN02532,PT0582,CH071,PRG05,Financial Literacy,Business,Community Upskilling,Hindi,Virtual,TR04,Selangor,2025-11-17,2025-12-22,2025-11-01,Selangor,Petaling,35-44,Female,Self-employed,Mobile,Medium,Employer,Job search,0.2,High risk,In progress / incomplete,0,61.7,71.0,9.3,,,Not measured,0,,
EN02533,PT0584,CH071,PRG05,Financial Literacy,Business,Community Upskilling,Hindi,Virtual,TR04,Selangor,2025-11-17,2025-12-22,2025-11-01,Penang,Seberang Perai,35-44,Male,Job seeker,Laptop/Desktop,High,Community partner,Career growth,1.0,On track,Completed,1,72.7,100.0,27.3,4.0,6.0,Not measured,0,,
EN02534,PT0599,CH071,PRG05,Financial Literacy,Business,Community Upskilling,Hindi,Virtual,TR04,Selangor,2025-11-17,2025-12-22,2025-11-01,Selangor,Petaling,35-44,Female,Job seeker,Mobile,Medium,Referral,Digital confidence,0.8,On track,Dropped,0,59.9,85.8,25.9,4.0,8.0,Not measured,0,,
EN02535,PT0757,CH071,PRG05,Financial Literacy,Business,Community Upskilling,Hindi,Virtual,TR04,Selangor,2025-11-17,2025-12-22,2025-11-01,Kuala Lumpur,Central,45+,Female,Job seeker,Mobile,Low,Organic,Digital confidence,0.6,Watch,Completed,1,49.5,70.0,20.5,3.0,6.0,Not measured,1,41.7,1.0
EN02536,PT0652,CH071,PRG05,Financial Literacy,Business,Community Upskilling,Hindi,Virtual,TR04,Selangor,2025-11-17,2025-12-22,2025-11-01,Penang,Seberang Perai,25-34,Male,Job seeker,Mobile,High,Organic,Job search,0.8,On track,Completed,1,60.7,88.3,27.6,4.0,9.0,Not measured,0,,
EN02537,PT0675,CH071,PRG05,Financial Literacy,Business,Community Upskilling,Hindi,Virtual,TR04,Selangor,2025-11-17,2025-12-22,2025-11-01,Kuala Lumpur,South,25-34,Male,Job seeker,Mobile,High,Community partner,Career growth,0.6,Watch,Completed,1,74.9,98.1,23.2,4.0,8.0,Not measured,0,,
EN02538,PT0684,CH071,PRG05,Financial Literacy,Business,Community Upskilling,Hindi,Virtual,TR04,Selangor,2025-11-17,2025-12-22,2025-11-01,Selangor,Shah Alam,45+,Male,Employed,Shared device,Medium,Organic,Digital confidence,0.8,On track,Completed,1,68.5,98.7,30.2,4.0,7.0,Not measured,0,,
EN02539,PT0613,CH071,PRG05,Financial Literacy,Business,Community Upskilling,Hindi,Virtual,TR04,Selangor,2025-11-17,2025-12-22,2025-11-01,Penang,George Town,18-24,Female,Employed,Mobile,Medium,Referral,Employer requirement,1.0,On track,Completed,1,22.3,56.7,34.4,4.0,8.0,Not measured,0,,
EN02540,PT0645,CH071,PRG05,Financial Literacy,Business,Community Upskilling,Hindi,Virtual,TR04,Selangor,2025-11-17,2025-12-22,2025-11-01,Sarawak,Miri,25-34,Female,Self-employed,Mobile,High,Community partner,Job search,1.0,On track,Completed,1,55.1,82.3,27.2,5.0,9.0,Not measured,0,,
EN02541,PT0759,CH071,PRG05,Financial Literacy,Business,Community Upskilling,Hindi,Virtual,TR04,Selangor,2025-11-17,2025-12-22,2025-11-01,Sabah,Kota Kinabalu,25-34,Male,Job seeker,Laptop/Desktop,Low,Organic,Job search,0.8,On track,Completed,1,66.8,95.7,28.9,4.0,7.0,Not measured,0,,
EN02542,PT0290,CH071,PRG05,Financial Literacy,Business,Community Upskilling,Hindi,Virtual,TR04,Selangor,2025-11-17,2025-12-22,2025-11-01,Kuala Lumpur,North,25-34,Male,Employed,Shared device,High,Employer,Employer requirement,1.0,On track,Completed,1,58.1,93.2,35.1,5.0,9.0,Not measured,1,45.9,1.0
EN02543,PT0190,CH071,PRG05,Financial Literacy,Business,Community Upskilling,Hindi,Virtual,TR04,Selangor,2025-11-17,2025-12-22,2025-11-01,Kuala Lumpur,Central,25-34,Female,Employed,Laptop/Desktop,Low,Organic,Career growth,1.0,On track,Completed,1,46.4,68.1,21.7,5.0,9.0,Not measured,0,,
EN02544,PT0169,CH071,PRG05,Financial Literacy,Business,Community Upskilling,Hindi,Virtual,TR04,Selangor,2025-11-17,2025-12-22,2025-11-01,Kuala Lumpur,Central,35-44,Male,Employed,Laptop/Desktop,Low,Community partner,Digital confidence,0.6,Watch,Completed,1,45.5,64.0,18.5,,,Not measured,1,26.0,1.0
EN02545,PT0628,CH071,PRG05,Financial Literacy,Business,Community Upskilling,Hindi,Virtual,TR04,Selangor,2025-11-17,2025-12-22,2025-11-01,Selangor,Klang,25-34,Male,Job seeker,Laptop/Desktop,Medium,Community partner,Job search,1.0,On track,In progress / incomplete,0,36.3,62.1,25.8,5.0,10.0,Not measured,0,,
EN02546,PT0579,CH071,PRG05,Financial Literacy,Business,Community Upskilling,Hindi,Virtual,TR04,Selangor,2025-11-17,2025-12-22,2025-11-01,Selangor,Shah Alam,25-34,Female,Job seeker,Mobile,Medium,Referral,Employer requirement,0.8,On track,Completed,1,46.5,68.3,21.8,4.0,7.0,Not measured,1,22.5,1.0
EN02547,PT0149,CH071,PRG05,Financial Literacy,Business,Community Upskilling,Hindi,Virtual,TR04,Selangor,2025-11-17,2025-12-22,2025-11-01,Selangor,Klang,35-44,Male,Student,Mobile,Medium,Organic,Digital confidence,0.8,On track,Completed,1,75.0,95.6,20.6,,,Not measured,0,,
EN02548,PT0035,CH071,PRG05,Financial Literacy,Business,Community Upskilling,Hindi,Virtual,TR04,Selangor,2025-11-17,2025-12-22,2025-11-01,Selangor,Petaling,18-24,Female,Job seeker,Mobile,Medium,Community partner,Job search,0.8,On track,Completed,1,62.5,96.3,33.8,4.0,8.0,Not measured,0,,
EN02549,PT0703,CH071,PRG05,Financial Literacy,Business,Community Upskilling,Hindi,Virtual,TR04,Selangor,2025-11-17,2025-12-22,2025-11-01,Sabah,Kota Kinabalu,18-24,Female,Self-employed,Mobile,Medium,Community partner,Employer requirement,1.0,On track,Completed,1,42.3,63.6,21.3,,,Not measured,0,,
EN02550,PT0097,CH072,PRG06,Project Delivery Fundamentals,Operations,Workforce Development,English,Virtual,TR06,Kuala Lumpur,2025-11-10,2026-01-05,2025-11-01,Selangor,Shah Alam,25-34,Male,Self-employed,Laptop/Desktop,High,Community partner,Job search,1.0,On track,Completed,1,72.2,93.3,21.1,4.0,7.0,Not measured,0,,
EN02551,PT0235,CH072,PRG06,Project Delivery Fundamentals,Operations,Workforce Development,English,Virtual,TR06,Kuala Lumpur,2025-11-10,2026-01-05,2025-11-01,Sabah,Sandakan,18-24,Female,Job seeker,Mobile,Low,Organic,Employer requirement,0.625,Watch,Completed,1,53.9,76.2,22.3,3.0,5.0,Not measured,2,29.8,1.0
EN02552,PT0236,CH072,PRG06,Project Delivery Fundamentals,Operations,Workforce Development,English,Virtual,TR06,Kuala Lumpur,2025-11-10,2026-01-05,2025-11-01,Sarawak,Kuching,35-44,Female,Employed,Mobile,High,Community partner,Career growth,0.875,On track,Completed,1,52.1,77.0,24.9,4.0,8.0,Not measured,0,,
EN02553,PT0743,CH072,PRG06,Project Delivery Fundamentals,Operations,Workforce Development,English,Virtual,TR06,Kuala Lumpur,2025-11-10,2026-01-05,2025-11-01,Selangor,Shah Alam,35-44,Male,Employed,Mobile,Medium,Community partner,Job search,0.5,Watch,Completed,1,33.9,51.8,17.9,,,Not measured,0,,
EN02554,PT0646,CH072,PRG06,Project Delivery Fundamentals,Operations,Workforce Development,English,Virtual,TR06,Kuala Lumpur,2025-11-10,2026-01-05,2025-11-01,Johor,Johor Bahru,18-24,Male,Employed,Mobile,High,Community partner,Job search,0.875,On track,Completed,1,70.4,92.6,22.2,4.0,8.0,Not measured,0,,
EN02555,PT0603,CH072,PRG06,Project Delivery Fundamentals,Operations,Workforce Development,English,Virtual,TR06,Kuala Lumpur,2025-11-10,2026-01-05,2025-11-01,Penang,George Town,25-34,Female,Employed,Mobile,Low,Organic,Job search,0.75,On track,Completed,1,47.3,71.9,24.6,4.0,7.0,Not measured,2,14.6,1.0
EN02556,PT0224,CH072,PRG06,Project Delivery Fundamentals,Operations,Workforce Development,English,Virtual,TR06,Kuala Lumpur,2025-11-10,2026-01-05,2025-11-01,Sarawak,Kuching,18-24,Female,Self-employed,Laptop/Desktop,High,Community partner,Employer requirement,1.0,On track,Completed,1,78.3,100.0,21.7,5.0,10.0,Not measured,0,,
EN02557,PT0696,CH072,PRG06,Project Delivery Fundamentals,Operations,Workforce Development,English,Virtual,TR06,Kuala Lumpur,2025-11-10,2026-01-05,2025-11-01,Sarawak,Kuching,25-34,Female,Employed,Laptop/Desktop,Medium,Community partner,Employer requirement,0.875,On track,Completed,1,61.4,85.7,24.3,5.0,9.0,Not measured,1,84.5,0.0
EN02558,PT0190,CH072,PRG06,Project Delivery Fundamentals,Operations,Workforce Development,English,Virtual,TR06,Kuala Lumpur,2025-11-10,2026-01-05,2025-11-01,Kuala Lumpur,Central,25-34,Female,Employed,Laptop/Desktop,Low,Community partner,Job search,0.625,Watch,Dropped,0,43.9,58.5,14.6,3.0,3.0,Not measured,0,,
EN02559,PT0548,CH072,PRG06,Project Delivery Fundamentals,Operations,Workforce Development,English,Virtual,TR06,Kuala Lumpur,2025-11-10,2026-01-05,2025-11-01,Sarawak,Kuching,25-34,Female,Employed,Mobile,Medium,Referral,Job search,0.625,Watch,In progress / incomplete,0,68.6,97.1,28.5,5.0,10.0,Not measured,1,6.0,1.0
EN02560,PT0110,CH072,PRG06,Project Delivery Fundamentals,Operations,Workforce Development,English,Virtual,TR06,Kuala Lumpur,2025-11-10,2026-01-05,2025-11-01,Penang,George Town,25-34,Male,Employed,Laptop/Desktop,Medium,Organic,Employer requirement,0.875,On track,Completed,1,50.0,72.8,22.8,5.0,10.0,Not measured,0,,
EN02561,PT0144,CH072,PRG06,Project Delivery Fundamentals,Operations,Workforce Development,English,Virtual,TR06,Kuala Lumpur,2025-11-10,2026-01-05,2025-11-01,Kuala Lumpur,North,18-24,Male,Self-employed,Shared device,Medium,Community partner,Job search,0.75,On track,Dropped,0,62.5,78.4,15.9,,,Not measured,0,,
EN02562,PT0596,CH072,PRG06,Project Delivery Fundamentals,Operations,Workforce Development,English,Virtual,TR06,Kuala Lumpur,2025-11-10,2026-01-05,2025-11-01,Kuala Lumpur,North,25-34,Female,Job seeker,Mobile,Medium,Organic,Career growth,0.75,On track,Completed,1,30.8,47.8,17.0,3.0,4.0,Not measured,2,22.8,0.5
EN02563,PT0740,CH072,PRG06,Project Delivery Fundamentals,Operations,Workforce Development,English,Virtual,TR06,Kuala Lumpur,2025-11-10,2026-01-05,2025-11-01,Selangor,Shah Alam,45+,Female,Employed,Laptop/Desktop,Medium,Community partner,Career growth,0.875,On track,Completed,1,73.5,98.2,24.7,4.0,9.0,Not measured,1,20.8,1.0
EN02564,PT0507,CH072,PRG06,Project Delivery Fundamentals,Operations,Workforce Development,English,Virtual,TR06,Kuala Lumpur,2025-11-10,2026-01-05,2025-11-01,Penang,George Town,35-44,Male,Employed,Shared device,Medium,Employer,Career growth,0.625,Watch,Completed,1,66.0,91.1,25.1,,,Not measured,1,28.3,0.0
EN02565,PT0277,CH072,PRG06,Project Delivery Fundamentals,Operations,Workforce Development,English,Virtual,TR06,Kuala Lumpur,2025-11-10,2026-01-05,2025-11-01,Kuala Lumpur,South,18-24,Female,Employed,Laptop/Desktop,Low,Community partner,Job search,0.875,On track,Dropped,0,62.0,91.4,29.4,,,Not measured,0,,
EN02566,PT0232,CH072,PRG06,Project Delivery Fundamentals,Operations,Workforce Development,English,Virtual,TR06,Kuala Lumpur,2025-11-10,2026-01-05,2025-11-01,Sabah,Sandakan,18-24,Non-binary / Prefer not to say,Employed,Mobile,Low,Community partner,Career growth,0.875,On track,Completed,1,47.6,69.2,21.6,4.0,7.0,Not measured,0,,
EN02567,PT0158,CH072,PRG06,Project Delivery Fundamentals,Operations,Workforce Development,English,Virtual,TR06,Kuala Lumpur,2025-11-10,2026-01-05,2025-11-01,Penang,George Town,18-24,Male,Employed,Mobile,Low,Employer,Job search,0.75,On track,Completed,1,50.5,67.9,17.4,4.0,7.0,Not measured,2,18.6,1.0
EN02568,PT0018,CH072,PRG06,Project Delivery Fundamentals,Operations,Workforce Development,English,Virtual,TR06,Kuala Lumpur,2025-11-10,2026-01-05,2025-11-01,Johor,Muar,35-44,Male,Employed,Laptop/Desktop,Medium,Employer,Career growth,0.75,On track,Dropped,0,46.2,67.3,21.1,4.0,10.0,Not measured,1,81.9,0.0
EN02569,PT0305,CH072,PRG06,Project Delivery Fundamentals,Operations,Workforce Development,English,Virtual,TR06,Kuala Lumpur,2025-11-10,2026-01-05,2025-11-01,Penang,George Town,18-24,Non-binary / Prefer not to say,Job seeker,Mobile,Medium,Organic,Employer requirement,1.0,On track,Completed,1,40.1,62.9,22.8,5.0,9.0,Not measured,0,,
EN02570,PT0518,CH072,PRG06,Project Delivery Fundamentals,Operations,Workforce Development,English,Virtual,TR06,Kuala Lumpur,2025-11-10,2026-01-05,2025-11-01,Kuala Lumpur,Central,35-44,Female,Employed,Laptop/Desktop,Medium,Community partner,Career growth,0.875,On track,Completed,1,48.9,76.1,27.2,4.0,8.0,Not measured,1,33.9,0.0
EN02571,PT0478,CH072,PRG06,Project Delivery Fundamentals,Operations,Workforce Development,English,Virtual,TR06,Kuala Lumpur,2025-11-10,2026-01-05,2025-11-01,Kuala Lumpur,North,18-24,Female,Employed,Laptop/Desktop,Medium,Community partner,Employer requirement,0.875,On track,Completed,1,44.8,64.2,19.4,,,Not measured,0,,
EN02572,PT0485,CH072,PRG06,Project Delivery Fundamentals,Operations,Workforce Development,English,Virtual,TR06,Kuala Lumpur,2025-11-10,2026-01-05,2025-11-01,Kuala Lumpur,North,35-44,Female,Employed,Mobile,Medium,Community partner,Job search,0.625,Watch,Completed,1,46.6,62.1,15.5,3.0,4.0,Not measured,2,16.6,1.0
EN02573,PT0034,CH072,PRG06,Project Delivery Fundamentals,Operations,Workforce Development,English,Virtual,TR06,Kuala Lumpur,2025-11-10,2026-01-05,2025-11-01,Selangor,Shah Alam,25-34,Female,Job seeker,Laptop/Desktop,Medium,Referral,Employer requirement,1.0,On track,Completed,1,67.4,87.0,19.6,5.0,10.0,Not measured,0,,
EN02574,PT0465,CH072,PRG06,Project Delivery Fundamentals,Operations,Workforce Development,English,Virtual,TR06,Kuala Lumpur,2025-11-10,2026-01-05,2025-11-01,Selangor,Klang,25-34,Female,Employed,Shared device,Medium,Employer,Digital confidence,0.5,Watch,In progress / incomplete,0,45.6,71.8,26.2,3.0,7.0,Not measured,1,18.4,0.0
EN02575,PT0301,CH072,PRG06,Project Delivery Fundamentals,Operations,Workforce Development,English,Virtual,TR06,Kuala Lumpur,2025-11-10,2026-01-05,2025-11-01,Johor,Johor Bahru,25-34,Female,Student,Mobile,Medium,Community partner,Career growth,0.625,Watch,Completed,1,47.4,68.2,20.8,4.0,8.0,Not measured,0,,
EN02576,PT0505,CH072,PRG06,Project Delivery Fundamentals,Operations,Workforce Development,English,Virtual,TR06,Kuala Lumpur,2025-11-10,2026-01-05,2025-11-01,Kuala Lumpur,North,18-24,Female,Employed,Laptop/Desktop,Medium,Employer,Digital confidence,0.75,On track,Completed,1,59.2,74.8,15.6,4.0,8.0,Not measured,1,11.1,1.0
EN02577,PT0754,CH072,PRG06,Project Delivery Fundamentals,Operations,Workforce Development,English,Virtual,TR06,Kuala Lumpur,2025-11-10,2026-01-05,2025-11-01,Johor,Muar,25-34,Male,Job seeker,Shared device,High,Organic,Employer requirement,0.875,On track,Completed,1,48.7,76.5,27.8,5.0,10.0,Not measured,0,,
EN02578,PT0647,CH072,PRG06,Project Delivery Fundamentals,Operations,Workforce Development,English,Virtual,TR06,Kuala Lumpur,2025-11-10,2026-01-05,2025-11-01,Kuala Lumpur,South,25-34,Female,Employed,Laptop/Desktop,Low,Organic,Employer requirement,0.625,Watch,In progress / incomplete,0,37.8,60.4,22.6,4.0,8.0,Not measured,0,,
EN02579,PT0141,CH072,PRG06,Project Delivery Fundamentals,Operations,Workforce Development,English,Virtual,TR06,Kuala Lumpur,2025-11-10,2026-01-05,2025-11-01,Kuala Lumpur,North,18-24,Male,Employed,Mobile,Medium,Community partner,Digital confidence,0.875,On track,Completed,1,60.7,80.0,19.3,,,Not measured,1,43.1,1.0
EN02580,PT0031,CH072,PRG06,Project Delivery Fundamentals,Operations,Workforce Development,English,Virtual,TR06,Kuala Lumpur,2025-11-10,2026-01-05,2025-11-01,Selangor,Klang,25-34,Female,Self-employed,Laptop/Desktop,Medium,Employer,Job search,0.875,On track,Completed,1,46.1,70.7,24.6,4.0,8.0,Not measured,2,13.0,1.0
EN02581,PT0444,CH072,PRG06,Project Delivery Fundamentals,Operations,Workforce Development,English,Virtual,TR06,Kuala Lumpur,2025-11-10,2026-01-05,2025-11-01,Selangor,Shah Alam,45+,Male,Self-employed,Laptop/Desktop,Medium,Community partner,Digital confidence,0.875,On track,Completed,1,49.4,72.3,22.9,4.0,6.0,Not measured,0,,
EN02582,PT0132,CH072,PRG06,Project Delivery Fundamentals,Operations,Workforce Development,English,Virtual,TR06,Kuala Lumpur,2025-11-10,2026-01-05,2025-11-01,Selangor,Shah Alam,25-34,Male,Job seeker,Laptop/Desktop,Low,Community partner,Employer requirement,0.875,On track,In progress / incomplete,0,47.7,73.3,25.6,5.0,10.0,Not measured,0,,
EN02583,PT0732,CH072,PRG06,Project Delivery Fundamentals,Operations,Workforce Development,English,Virtual,TR06,Kuala Lumpur,2025-11-10,2026-01-05,2025-11-01,Penang,George Town,35-44,Female,Employed,Mobile,Medium,Employer,Job search,0.5,Watch,Completed,1,68.2,82.2,14.0,4.0,8.0,Not measured,0,,
